trace,method,beat,budget_ms,solve_ms,timeout,iter,gear,err
traceA,fixed20,0,210.2,1917.2,1,7,,1.6133
traceA,fixed20,1,210.2,236.3,1,8,,1.6108
traceA,fixed20,2,209.5,234.5,1,8,,1.6084
traceA,fixed20,3,210.2,231.0,1,8,,1.6060
traceA,fixed20,4,210.2,230.3,1,8,,1.6035
traceA,fixed20,5,210.2,232.7,1,8,,1.6011
traceA,fixed20,6,197.8,231.3,1,8,,1.5987
traceA,fixed20,7,210.0,231.9,1,8,,1.5962
traceA,fixed20,8,209.6,229.6,1,8,,1.5938
traceA,fixed20,9,210.1,231.4,1,8,,1.5915
traceA,fixed20,10,209.5,230.1,1,8,,1.5891
traceA,fixed20,11,210.0,229.5,1,8,,1.5868
traceA,fixed20,12,210.1,230.1,1,8,,1.5845
traceA,fixed20,13,210.1,230.2,1,8,,1.5823
traceA,fixed20,14,210.0,229.9,1,8,,1.5801
traceA,fixed20,15,209.3,229.6,1,8,,1.5780
traceA,fixed20,16,210.0,229.7,1,8,,1.5759
traceA,fixed20,17,209.3,229.7,1,8,,1.5739
traceA,fixed20,18,210.1,230.5,1,8,,1.5720
traceA,fixed20,19,209.6,229.3,1,8,,1.5701
traceA,fixed20,20,199.6,230.7,1,8,,1.5683
traceA,fixed20,21,209.1,230.3,1,8,,1.5666
traceA,fixed20,22,210.0,230.0,1,8,,1.5650
traceA,fixed20,23,210.0,229.9,1,8,,1.5635
traceA,fixed20,24,210.0,230.1,1,8,,1.5620
traceA,fixed20,25,208.4,229.2,1,8,,1.5607
traceA,fixed20,26,210.0,229.8,1,8,,1.5595
traceA,fixed20,27,210.0,232.1,1,8,,1.5583
traceA,fixed20,28,198.6,230.5,1,8,,1.5573
traceA,fixed20,29,210.1,230.8,1,8,,1.5564
traceA,fixed20,30,210.0,231.6,1,8,,1.5556
traceA,fixed20,31,210.0,229.8,1,8,,1.5549
traceA,fixed20,32,209.2,229.4,1,8,,1.5543
traceA,fixed20,33,207.6,229.6,1,8,,1.5538
traceA,fixed20,34,210.0,228.8,1,8,,1.5535
traceA,fixed20,35,206.3,230.5,1,8,,1.5533
traceA,fixed20,36,210.0,231.2,1,8,,1.5532
traceA,fixed20,37,210.1,229.3,1,8,,1.5532
traceA,fixed20,38,210.0,230.1,1,8,,1.5533
traceA,fixed20,39,210.1,230.4,1,8,,1.5536
traceA,fixed20,40,210.0,230.1,1,8,,1.5540
traceA,fixed20,41,208.0,230.7,1,8,,1.5545
traceA,fixed20,42,210.0,231.3,1,8,,1.5551
traceA,fixed20,43,209.9,230.4,1,8,,1.5558
traceA,fixed20,44,210.0,235.0,1,8,,1.5567
traceA,fixed20,45,209.7,230.6,1,8,,1.5577
traceA,fixed20,46,210.0,230.4,1,8,,1.5588
traceA,fixed20,47,210.1,229.8,1,8,,1.5600
traceA,fixed20,48,209.9,230.3,1,8,,1.5613
traceA,fixed20,49,210.1,232.7,1,8,,1.5628
traceA,fixed20,50,208.9,229.1,1,8,,1.5643
traceA,fixed20,51,210.1,229.4,1,8,,1.5659
traceA,fixed20,52,210.0,229.7,1,8,,1.5677
traceA,fixed20,53,209.1,229.9,1,8,,1.5695
traceA,fixed20,54,210.0,230.2,1,8,,1.5715
traceA,fixed20,55,204.6,229.9,1,8,,1.5735
traceA,fixed20,56,209.9,229.4,1,8,,1.5756
traceA,fixed20,57,206.1,231.3,1,8,,1.5778
traceA,fixed20,58,210.0,230.1,1,8,,1.5801
traceA,fixed20,59,210.0,230.3,1,8,,1.5824
traceA,fixed20,60,209.1,228.6,1,8,,1.5849
traceA,fixed20,61,209.8,229.4,1,8,,1.5873
traceA,fixed20,62,171.8,230.0,1,8,,1.5899
traceA,fixed20,63,210.0,229.8,1,8,,1.5925
traceA,fixed20,64,210.2,229.5,1,8,,1.5951
traceA,fixed20,65,210.2,229.9,1,8,,1.5978
traceA,fixed20,66,210.2,230.1,1,8,,1.6005
traceA,fixed20,67,208.7,230.6,1,8,,1.6033
traceA,fixed20,68,210.2,229.6,1,8,,1.6061
traceA,fixed20,69,210.2,229.6,1,8,,1.6089
traceA,fixed20,70,210.2,229.1,1,8,,1.6117
traceA,fixed20,71,210.2,230.2,1,8,,1.6146
traceA,fixed20,72,209.2,229.9,1,8,,1.6174
traceA,fixed20,73,209.8,229.7,1,8,,1.6202
traceA,fixed20,74,210.2,229.5,1,8,,1.6231
traceA,fixed20,75,210.2,230.4,1,8,,1.6259
traceA,fixed20,76,210.1,229.6,1,8,,1.6287
traceA,fixed20,77,210.2,230.3,1,8,,1.6315
traceA,fixed20,78,210.1,228.8,1,8,,1.6342
traceA,fixed20,79,210.2,229.0,1,8,,1.6369
traceA,fixed20,80,210.2,228.8,1,8,,1.6396
traceA,fixed20,81,209.7,229.0,1,8,,1.6422
traceA,fixed20,82,208.0,233.0,1,8,,1.6448
traceA,fixed20,83,209.2,227.7,1,8,,1.6473
traceA,fixed20,84,210.2,230.9,1,8,,1.6497
traceA,fixed20,85,210.2,231.0,1,8,,1.6521
traceA,fixed20,86,210.1,229.3,1,8,,1.6543
traceA,fixed20,87,208.7,227.5,1,8,,1.6565
traceA,fixed20,88,210.2,228.2,1,8,,1.6587
traceA,fixed20,89,210.2,227.6,1,8,,1.6607
traceA,fixed20,90,210.1,227.4,1,8,,1.6626
traceA,fixed20,91,210.2,228.0,1,8,,1.6644
traceA,fixed20,92,210.2,229.2,1,8,,1.6661
traceA,fixed20,93,209.5,231.6,1,8,,1.6677
traceA,fixed20,94,210.0,228.4,1,8,,1.6692
traceA,fixed20,95,208.8,228.9,1,8,,1.6705
traceA,fixed20,96,210.1,229.0,1,8,,1.6717
traceA,fixed20,97,210.0,229.1,1,8,,1.6728
traceA,fixed20,98,187.4,229.2,1,8,,1.6738
traceA,fixed20,99,210.1,229.7,1,8,,1.6746
traceA,fixed20,100,209.5,229.8,1,8,,1.6752
traceA,fixed20,101,210.1,230.3,1,8,,1.6757
traceA,fixed20,102,210.0,229.5,1,8,,1.6761
traceA,fixed20,103,209.3,231.0,1,8,,1.6763
traceA,fixed20,104,210.1,230.0,1,8,,1.6763
traceA,fixed20,105,209.8,229.8,1,8,,1.6762
traceA,fixed20,106,210.0,232.8,1,8,,1.6759
traceA,fixed20,107,210.0,231.7,1,8,,1.6754
traceA,fixed20,108,210.0,229.4,1,8,,1.6747
traceA,fixed20,109,210.1,230.3,1,8,,1.6739
traceA,fixed20,110,209.6,229.9,1,8,,1.6729
traceA,fixed20,111,209.4,228.7,1,8,,1.6717
traceA,fixed20,112,210.0,229.8,1,8,,1.6703
traceA,fixed20,113,210.1,229.5,1,8,,1.6688
traceA,fixed20,114,210.1,229.8,1,8,,1.6670
traceA,fixed20,115,208.6,232.0,1,8,,1.6650
traceA,fixed20,116,209.3,229.5,1,8,,1.6629
traceA,fixed20,117,210.1,229.0,1,8,,1.6606
traceA,fixed20,118,210.0,230.0,1,8,,1.6580
traceA,fixed20,119,210.1,230.6,1,8,,1.6553
traceA,fixed20,120,210.1,229.5,1,8,,1.6524
traceA,fixed20,121,209.9,230.7,1,8,,1.6492
traceA,fixed20,122,208.4,229.6,1,8,,1.6459
traceA,fixed20,123,210.1,230.7,1,8,,1.6424
traceA,fixed20,124,209.8,231.9,1,8,,1.6387
traceA,fixed20,125,202.5,234.5,1,8,,1.6347
traceA,fixed20,126,190.3,230.5,1,8,,1.6306
traceA,fixed20,127,209.7,230.6,1,8,,1.6263
traceA,fixed20,128,209.5,229.6,1,8,,1.6218
traceA,fixed20,129,209.9,229.8,1,8,,1.6171
traceA,fixed20,130,209.5,230.7,1,8,,1.6121
traceA,fixed20,131,210.1,230.1,1,8,,1.6070
traceA,fixed20,132,209.2,229.8,1,8,,1.6017
traceA,fixed20,133,208.0,229.9,1,8,,1.5962
traceA,fixed20,134,210.0,230.0,1,8,,1.5906
traceA,fixed20,135,202.1,230.0,1,8,,1.5847
traceA,fixed20,136,210.0,230.1,1,8,,1.5787
traceA,fixed20,137,210.0,232.7,1,8,,1.5724
traceA,fixed20,138,210.1,230.9,1,8,,1.5660
traceA,fixed20,139,210.1,230.6,1,8,,1.5595
traceA,fixed20,140,209.8,230.6,1,8,,1.5527
traceA,fixed20,141,210.1,229.9,1,8,,1.5458
traceA,fixed20,142,210.0,230.1,1,8,,1.5388
traceA,fixed20,143,210.1,230.5,1,8,,1.5315
traceA,fixed20,144,207.8,231.8,1,8,,1.5242
traceA,fixed20,145,206.7,230.4,1,8,,1.5166
traceA,fixed20,146,210.2,230.1,1,8,,1.5090
traceA,fixed20,147,208.9,229.6,1,8,,1.5012
traceA,fixed20,148,210.0,230.9,1,8,,1.4933
traceA,fixed20,149,210.0,230.1,1,8,,1.4852
traceA,fixed20,150,209.2,229.7,1,8,,1.4770
traceA,fixed20,151,210.1,230.4,1,8,,1.4688
traceA,fixed20,152,210.0,229.9,1,8,,1.4604
traceA,fixed20,153,210.1,232.0,1,8,,1.4519
traceA,fixed20,154,207.4,234.6,1,8,,1.4434
traceA,fixed20,155,208.8,232.8,1,8,,1.4348
traceA,fixed20,156,209.4,232.5,1,8,,1.4261
traceA,fixed20,157,210.1,232.0,1,8,,1.4173
traceA,fixed20,158,210.0,203.9,0,7,,1.4030
traceA,fixed20,159,210.0,232.3,1,8,,1.3281
traceA,fixed20,160,208.1,234.6,1,8,,1.1580
traceA,fixed20,161,210.1,233.9,1,8,,0.9466
traceA,fixed20,162,197.8,235.9,1,8,,0.8401
traceA,fixed20,163,210.1,236.3,1,8,,1.0435
traceA,fixed20,164,210.2,233.1,1,8,,1.5697
traceA,fixed20,165,210.2,234.0,1,8,,2.3075
traceA,fixed20,166,202.5,233.8,1,8,,3.1936
traceA,fixed20,167,209.4,233.8,1,8,,4.2251
traceA,fixed20,168,210.2,236.9,1,8,,5.3720
traceA,fixed20,169,210.2,233.4,1,8,,6.6536
traceA,fixed20,170,210.2,237.7,1,8,,8.0514
traceA,fixed20,171,210.2,232.6,1,8,,9.5669
traceA,fixed20,172,200.1,235.1,1,8,,11.1996
traceA,fixed20,173,209.3,237.3,1,8,,12.9419
traceA,fixed20,174,210.2,235.2,1,8,,14.8088
traceA,fixed20,175,210.2,238.1,1,8,,16.7830
traceA,fixed20,176,210.2,233.3,1,8,,18.8824
traceA,fixed20,177,210.2,236.2,1,8,,21.0964
traceA,fixed20,178,210.2,233.8,1,8,,23.4235
traceA,fixed20,179,210.2,236.0,1,8,,25.8669
traceA,fixed20,180,210.2,236.2,1,8,,28.4169
traceA,fixed20,181,208.8,233.5,1,8,,31.0892
traceA,fixed20,182,209.8,235.3,1,8,,33.8680
traceA,fixed20,183,209.5,232.2,1,8,,36.7677
traceA,fixed20,184,208.3,232.6,1,8,,39.7824
traceA,fixed20,185,210.2,232.7,1,8,,42.9068
traceA,fixed20,186,210.2,232.5,1,8,,46.1471
traceA,fixed20,187,208.1,232.2,1,8,,49.4913
traceA,fixed20,188,210.2,232.1,1,8,,52.9552
traceA,fixed20,189,210.2,231.5,1,8,,56.5248
traceA,fixed20,190,210.2,232.3,1,8,,60.2107
traceA,fixed20,191,210.2,231.0,1,8,,64.0116
traceA,fixed20,192,208.7,233.0,1,8,,67.9184
traceA,fixed20,193,210.0,233.2,1,8,,71.9399
traceA,fixed20,194,210.2,231.9,1,8,,76.0626
traceA,fixed20,195,209.6,233.9,1,8,,80.3016
traceA,fixed20,196,210.2,232.8,1,8,,84.6451
traceA,fixed20,197,208.9,231.6,1,8,,89.0998
traceA,fixed20,198,210.2,231.9,1,8,,93.6687
traceA,fixed20,199,210.2,234.4,1,8,,98.3398
traceA,fixed20,200,210.2,232.1,1,8,,103.1232
traceA,fixed20,201,210.0,231.2,1,8,,108.0052
traceA,fixed20,202,208.8,233.9,1,8,,112.9989
traceA,fixed20,203,209.3,230.5,1,8,,118.0959
traceA,fixed20,204,209.9,231.0,1,8,,123.2985
traceA,fixed20,205,209.9,231.1,1,8,,128.6137
traceA,fixed20,206,209.6,230.9,1,8,,134.0272
traceA,fixed20,207,209.7,230.2,1,8,,139.5496
traceA,fixed20,208,208.9,229.8,1,8,,145.1679
traceA,fixed20,209,208.2,229.3,1,8,,150.8927
traceA,fixed20,210,207.6,230.2,1,8,,156.7192
traceA,fixed20,211,209.9,229.9,1,8,,162.6453
traceA,fixed20,212,209.9,231.2,1,8,,168.6814
traceA,fixed20,213,210.0,230.4,1,8,,174.8121
traceA,fixed20,214,206.4,230.1,1,8,,181.0473
traceA,fixed20,215,210.0,231.7,1,8,,187.3758
traceA,fixed20,216,209.9,229.9,1,8,,193.8046
traceA,fixed20,217,202.5,230.7,1,8,,200.3331
traceA,fixed20,218,210.0,231.0,1,8,,206.9553
traceA,fixed20,219,209.9,231.0,1,8,,213.6837
traceA,fixed20,220,207.5,230.3,1,8,,220.5030
traceA,fixed20,221,209.7,231.7,1,8,,227.4216
traceA,fixed20,222,210.0,231.5,1,8,,234.4307
traceA,fixed20,223,209.9,231.0,1,8,,241.5337
traceA,fixed20,224,210.0,234.1,1,8,,248.7336
traceA,fixed20,225,209.4,231.1,1,8,,256.0211
traceA,fixed20,226,209.9,232.0,1,8,,263.4102
traceA,fixed20,227,210.0,231.5,1,8,,270.8867
traceA,fixed20,228,209.9,231.7,1,8,,278.4563
traceA,fixed20,229,210.0,232.0,1,8,,286.1136
traceA,fixed20,230,209.1,233.1,1,8,,293.8578
traceA,fixed20,231,209.9,233.9,1,8,,301.6955
traceA,fixed20,232,207.9,231.8,1,8,,309.6151
traceA,fixed20,233,208.3,234.9,1,8,,317.6305
traceA,fixed20,234,210.0,231.7,1,8,,325.7297
traceA,fixed20,235,210.0,235.0,1,7,,333.9154
traceA,fixed20,236,209.9,231.3,1,8,,342.1855
traceA,fixed20,237,209.9,231.0,1,8,,350.5355
traceA,fixed20,238,210.0,232.2,1,8,,358.9747
traceA,fixed20,239,210.0,231.9,1,8,,367.4903
traceA,fixed20,240,209.1,231.1,1,8,,376.0951
traceA,fixed20,241,209.4,232.3,1,8,,384.7801
traceA,fixed20,242,207.4,231.2,1,8,,393.5444
traceA,fixed20,243,207.0,232.0,1,8,,402.3895
traceA,fixed20,244,208.7,232.3,1,8,,411.3075
traceA,fixed20,245,209.9,231.8,1,8,,420.3095
traceA,fixed20,246,209.9,233.0,1,8,,429.3827
traceA,fixed20,247,210.0,213.8,1,7,,438.5376
traceA,fixed20,248,206.1,234.2,1,8,,447.7691
traceA,fixed20,249,210.0,232.9,1,8,,457.0726
traceA,fixed20,250,209.4,231.8,1,8,,466.4523
traceA,fixed20,251,209.9,231.4,1,8,,475.8985
traceA,fixed20,252,209.9,232.3,1,8,,485.4225
traceA,fixed20,253,209.4,232.2,1,8,,495.0127
traceA,fixed20,254,209.9,231.7,1,8,,504.6767
traceA,fixed20,255,209.9,232.2,1,8,,514.4131
traceA,fixed20,256,210.0,231.6,1,8,,524.2143
traceA,fixed20,257,210.0,232.1,1,8,,534.0867
traceA,fixed20,258,210.0,231.4,1,8,,544.0190
traceA,fixed20,259,208.2,235.0,1,8,,554.0225
traceA,fixed20,260,210.1,232.3,1,8,,564.0873
traceA,fixed20,261,210.1,232.0,1,8,,574.2175
traceA,fixed20,262,210.1,230.8,1,8,,584.4157
traceA,fixed20,263,210.1,231.5,1,8,,594.6714
traceA,fixed20,264,210.1,231.3,1,8,,604.9926
traceA,fixed20,265,207.2,232.1,1,8,,615.3678
traceA,fixed20,266,210.1,230.9,1,8,,625.8065
traceA,fixed20,267,210.0,231.1,1,8,,636.3019
traceA,fixed20,268,210.1,232.6,1,8,,646.8541
traceA,fixed20,269,210.1,232.5,1,8,,657.4693
traceA,fixed20,270,210.1,231.3,1,8,,668.1352
traceA,fixed20,271,210.1,232.1,1,8,,678.8601
traceA,fixed20,272,208.2,231.7,1,8,,689.6333
traceA,fixed20,273,210.1,231.5,1,8,,700.4619
traceA,fixed20,274,206.5,230.4,1,8,,711.3425
traceA,fixed20,275,203.6,230.5,1,8,,722.2715
traceA,fixed20,276,210.1,229.5,1,8,,733.2579
traceA,fixed20,277,210.1,232.5,1,8,,744.2883
traceA,fixed20,278,209.0,231.4,1,8,,755.3708
traceA,fixed20,279,210.1,231.2,1,8,,766.4961
traceA,fixed20,280,159.6,230.0,1,8,,777.6686
traceA,fixed20,281,210.0,231.8,1,8,,788.8881
traceA,fixed20,282,210.0,231.9,1,8,,800.1478
traceA,fixed20,283,209.5,231.5,1,8,,811.4585
traceA,fixed20,284,210.0,230.8,1,8,,822.8073
traceA,fixed20,285,210.0,230.3,1,8,,834.2005
traceA,fixed20,286,210.0,232.2,1,8,,845.6314
traceA,fixed20,287,210.0,232.2,1,8,,857.1008
traceA,fixed20,288,210.0,231.1,1,8,,868.6122
traceA,fixed20,289,210.1,231.6,1,8,,880.1560
traceA,fixed20,290,209.6,232.9,1,8,,891.7440
traceA,fixed20,291,210.1,231.3,1,8,,903.3643
traceA,fixed20,292,208.8,231.1,1,8,,915.0211
traceA,fixed20,293,210.1,231.6,1,8,,926.7105
traceA,fixed20,294,210.0,230.9,1,8,,938.4301
traceA,fixed20,295,210.1,231.0,1,8,,950.1861
traceA,fixed20,296,208.8,229.7,1,8,,961.9672
traceA,fixed20,297,207.1,230.9,1,8,,973.7850
traceA,fixed20,298,210.0,230.5,1,8,,985.6300
traceA,fixed20,299,210.1,220.1,1,8,,997.5032
traceA,fixed20,300,208.9,230.3,1,8,,1009.4041
traceA,fixed20,301,209.9,234.0,1,8,,1021.3269
traceA,fixed20,302,209.9,234.6,1,8,,1033.2802
traceA,fixed20,303,208.4,232.8,1,8,,1045.2520
traceA,fixed20,304,210.1,231.5,1,8,,1057.2526
traceA,fixed20,305,210.0,231.2,1,8,,1069.2754
traceA,fixed20,306,210.1,230.8,1,8,,1081.3181
traceA,fixed20,307,178.7,232.2,1,8,,1093.3836
traceA,fixed20,308,209.7,230.9,1,8,,1105.4632
traceA,fixed20,309,210.0,232.6,1,8,,1117.5671
traceA,fixed20,310,207.5,230.7,1,8,,1129.6833
traceA,fixed20,311,209.0,232.5,1,8,,1141.8201
traceA,fixed20,312,207.8,231.1,1,8,,1153.9744
traceA,fixed20,313,209.9,230.8,1,8,,1166.1406
traceA,fixed20,314,208.4,230.9,1,8,,1178.3243
traceA,fixed20,315,210.1,230.8,1,8,,1190.5150
traceA,fixed20,316,210.0,231.1,1,8,,1202.7233
traceA,fixed20,317,210.0,230.7,1,8,,1214.9384
traceA,fixed20,318,207.6,232.2,1,8,,1227.1659
traceA,fixed20,319,210.1,232.0,1,8,,1239.4062
traceA,fixed20,320,178.7,230.0,1,8,,1251.6508
traceA,fixed20,321,210.3,231.5,1,8,,1263.9074
traceA,fixed20,322,167.3,230.8,1,8,,1276.1645
traceA,fixed20,323,210.2,230.4,1,8,,1288.4322
traceA,fixed20,324,210.2,231.1,1,8,,1300.7019
traceA,fixed20,325,210.2,230.2,1,8,,1312.9758
traceA,fixed20,326,209.7,230.1,1,8,,1325.2577
traceA,fixed20,327,210.2,229.6,1,8,,1337.5370
traceA,fixed20,328,208.8,228.9,1,8,,1349.8225
traceA,fixed20,329,174.8,229.3,1,8,,1362.1027
traceA,fixed20,330,210.2,228.1,1,8,,1374.3864
traceA,fixed20,331,210.2,228.8,1,8,,1386.6676
traceA,fixed20,332,210.3,228.6,1,8,,1398.9452
traceA,fixed20,333,210.0,230.4,1,8,,1411.2259
traceA,fixed20,334,209.4,229.8,1,8,,1423.4978
traceA,fixed20,335,210.2,229.3,1,8,,1435.7699
traceA,fixed20,336,210.2,229.7,1,8,,1448.0316
traceA,fixed20,337,210.2,229.1,1,8,,1460.2897
traceA,fixed20,338,210.3,230.0,1,8,,1472.5413
traceA,fixed20,339,208.8,229.4,1,8,,1484.7817
traceA,fixed20,340,210.3,231.2,1,8,,1497.0205
traceA,fixed20,341,210.2,232.6,1,8,,1509.2448
traceA,fixed20,342,207.0,231.6,1,8,,1521.4633
traceA,fixed20,343,209.2,230.4,1,8,,1533.6671
traceA,fixed20,344,209.5,238.3,1,8,,1545.8601
traceA,fixed20,345,210.2,234.9,1,8,,1558.0430
traceA,fixed20,346,210.2,231.3,1,8,,1570.2078
traceA,fixed20,347,210.2,231.1,1,8,,1582.3661
traceA,fixed20,348,210.2,231.2,1,8,,1594.5052
traceA,fixed20,349,210.3,231.2,1,8,,1606.6324
traceA,fixed20,350,196.6,231.9,1,8,,1618.7411
traceA,fixed20,351,210.2,231.7,1,8,,1630.8322
traceA,fixed20,352,210.2,230.3,1,8,,1642.9097
traceA,fixed20,353,209.5,230.5,1,8,,1654.9631
traceA,fixed20,354,210.2,230.4,1,8,,1667.0050
traceA,fixed20,355,208.4,233.6,1,8,,1679.0238
traceA,fixed20,356,209.7,231.0,1,8,,1691.0247
traceA,fixed20,357,210.2,231.8,1,8,,1703.0040
traceA,fixed20,358,210.2,233.3,1,8,,1714.9594
traceA,fixed20,359,174.8,231.2,1,8,,1726.8977
traceA,fixed20,360,210.0,230.5,1,8,,1738.8069
traceA,fixed20,361,210.2,232.8,1,8,,1750.6996
traceA,fixed20,362,210.2,231.3,1,8,,1762.5661
traceA,fixed20,363,209.6,231.2,1,8,,1774.4089
traceA,fixed20,364,210.2,231.5,1,8,,1786.2276
traceA,fixed20,365,210.2,235.0,1,8,,1798.0166
traceA,fixed20,366,209.3,233.6,1,8,,1809.7852
traceA,fixed20,367,210.2,232.8,1,8,,1821.5207
traceA,fixed20,368,210.2,232.2,1,8,,1833.2349
traceA,fixed20,369,207.2,231.5,1,8,,1844.9205
traceA,fixed20,370,208.6,231.1,1,8,,1856.5769
traceA,fixed20,371,210.2,232.1,1,8,,1868.2071
traceA,fixed20,372,210.2,232.7,1,8,,1879.8027
traceA,fixed20,373,210.3,232.4,1,8,,1891.3749
traceA,fixed20,374,198.0,230.3,1,8,,1902.9109
traceA,fixed20,375,206.9,232.0,1,8,,1914.4208
traceA,fixed20,376,210.2,231.9,1,8,,1925.9006
traceA,fixed20,377,210.2,235.0,1,8,,1937.3464
traceA,fixed20,378,210.2,234.0,1,8,,1948.7641
traceA,fixed20,379,210.2,231.4,1,8,,1960.1434
traceA,fixed20,380,195.8,231.1,1,8,,1971.4963
traceA,fixed20,381,209.5,231.2,1,8,,1982.8108
traceA,fixed20,382,210.1,231.0,1,8,,1994.0951
traceA,fixed20,383,210.2,236.4,1,8,,2005.3483
traceA,fixed20,384,196.8,233.1,1,8,,2016.5634
traceA,fixed20,385,203.6,234.1,1,8,,2027.7488
traceA,fixed20,386,209.1,233.2,1,8,,2038.8930
traceA,fixed20,387,210.2,230.9,1,8,,2050.0082
traceA,fixed20,388,208.6,230.1,1,8,,2061.0838
traceA,fixed20,389,210.1,234.1,1,8,,2072.1255
traceA,fixed20,390,210.2,229.8,1,8,,2083.1355
traceA,fixed20,391,190.9,231.2,1,8,,2094.1045
traceA,fixed20,392,210.2,230.8,1,8,,2105.0426
traceA,fixed20,393,209.4,231.7,1,8,,2115.9375
traceA,fixed20,394,210.2,232.9,1,8,,2126.8012
traceA,fixed20,395,210.1,232.1,1,8,,2137.6252
traceA,fixed20,396,210.2,233.7,1,8,,2148.4120
traceA,fixed20,397,210.2,230.4,1,8,,2159.1673
traceA,fixed20,398,210.2,231.4,1,8,,2169.8795
traceA,fixed20,399,210.2,233.5,1,8,,2180.5600
traceA,fixed20,400,208.0,231.1,1,8,,2191.1966
traceA,fixed20,401,210.2,231.5,1,8,,2201.8001
traceA,fixed20,402,209.9,231.4,1,8,,2212.3646
traceA,fixed20,403,208.5,235.4,1,8,,2222.8896
traceA,fixed20,404,198.0,231.9,1,8,,2233.3835
traceA,fixed20,405,209.4,231.3,1,8,,2243.8336
traceA,fixed20,406,209.9,231.0,1,8,,2254.2515
traceA,fixed20,407,210.2,232.3,1,8,,2264.6258
traceA,fixed20,408,210.0,231.6,1,8,,2274.9657
traceA,fixed20,409,209.7,230.3,1,8,,2285.2683
traceA,fixed20,410,209.9,232.0,1,8,,2295.5297
traceA,fixed20,411,210.2,232.2,1,8,,2305.7613
traceA,fixed20,412,209.9,231.2,1,8,,2315.9493
traceA,fixed20,413,207.4,230.7,1,8,,2326.1052
traceA,fixed20,414,209.9,234.7,1,8,,2336.2189
traceA,fixed20,415,210.2,225.8,1,8,,2346.2973
traceA,fixed20,416,208.5,236.9,1,8,,2356.3410
traceA,fixed20,417,208.3,235.3,1,8,,2366.3430
traceA,fixed20,418,210.2,233.6,1,8,,2376.3168
traceA,fixed20,419,210.2,231.7,1,8,,2386.2486
traceA,fixed20,420,210.2,232.5,1,8,,2396.1487
traceA,fixed20,421,209.8,233.7,1,8,,2406.0092
traceA,fixed20,422,210.2,231.4,1,8,,2415.8344
traceA,fixed20,423,209.7,231.2,1,8,,2425.6279
traceA,fixed20,424,210.2,231.6,1,8,,2435.3804
traceA,fixed20,425,210.2,233.9,1,8,,2445.1070
traceA,fixed20,426,209.0,232.7,1,8,,2454.7942
traceA,fixed20,427,210.2,233.3,1,8,,2464.4508
traceA,fixed20,428,208.2,232.8,1,8,,2474.0716
traceA,fixed20,429,208.6,232.5,1,8,,2483.6576
traceA,fixed20,430,209.3,231.8,1,8,,2493.2158
traceA,fixed20,431,209.9,231.4,1,8,,2502.7348
traceA,fixed20,432,209.8,234.4,1,8,,2512.2308
traceA,fixed20,433,209.3,232.7,1,8,,2521.6913
traceA,fixed20,434,209.9,232.4,1,8,,2531.1228
traceA,fixed20,435,208.4,231.6,1,8,,2540.5233
traceA,fixed20,436,209.5,233.0,1,8,,2549.8903
traceA,fixed20,437,209.9,232.5,1,8,,2559.2343
traceA,fixed20,438,209.9,231.1,1,8,,2568.5420
traceA,fixed20,439,207.3,231.9,1,8,,2577.8301
traceA,fixed20,440,209.7,230.8,1,8,,2587.0880
traceA,fixed20,441,209.9,232.5,1,8,,2596.3190
traceA,fixed20,442,209.7,233.1,1,8,,2605.5246
traceA,fixed20,443,209.9,232.4,1,8,,2614.6993
traceA,fixed20,444,209.9,231.3,1,8,,2623.8563
traceA,fixed20,445,179.1,230.6,1,8,,2632.9811
traceA,fixed20,446,206.6,231.1,1,8,,2642.0902
traceA,fixed20,447,210.2,231.2,1,8,,2651.1755
traceA,fixed20,448,208.6,231.8,1,8,,2660.2369
traceA,fixed20,449,210.1,230.0,1,8,,2669.2793
traceA,fixed20,450,210.2,230.9,1,8,,2678.2944
traceA,fixed20,451,210.2,229.3,1,8,,2687.2977
traceA,fixed20,452,210.1,229.3,1,8,,2696.2742
traceA,fixed20,453,210.2,230.0,1,8,,2705.2394
traceA,fixed20,454,204.8,227.2,1,8,,2714.1882
traceA,fixed20,455,210.2,233.0,1,8,,2723.1169
traceA,fixed20,456,210.2,220.9,1,8,,2732.0339
traceA,fixed20,457,208.4,232.2,1,8,,2740.9281
traceA,fixed20,458,208.3,233.3,1,8,,2749.8169
traceA,fixed20,459,210.1,222.9,1,8,,2758.6857
traceA,fixed20,460,210.2,230.8,1,8,,2767.5480
traceA,fixed20,461,210.2,232.4,1,8,,2776.4021
traceA,fixed20,462,210.1,231.2,1,8,,2785.2411
traceA,fixed20,463,209.8,231.8,1,8,,2794.0761
traceA,fixed20,464,210.2,234.3,1,8,,2802.8940
traceA,fixed20,465,210.2,233.3,1,8,,2811.7133
traceA,fixed20,466,210.0,232.4,1,8,,2820.5204
traceA,fixed20,467,209.9,233.0,1,8,,2829.3264
traceA,fixed20,468,210.1,231.7,1,8,,2838.1333
traceA,fixed20,469,210.1,231.6,1,8,,2846.9309
traceA,fixed20,470,205.2,231.6,1,8,,2855.7327
traceA,fixed20,471,210.0,235.3,1,8,,2864.5243
traceA,fixed20,472,210.0,233.3,1,8,,2873.3243
traceA,fixed20,473,184.5,231.3,1,8,,2882.1212
traceA,fixed20,474,208.2,231.9,1,8,,2890.9225
traceA,fixed20,475,210.2,232.3,1,8,,2899.7346
traceA,fixed20,476,210.2,232.2,1,8,,2908.5442
traceA,fixed20,477,209.9,232.0,1,8,,2917.3667
traceA,fixed20,478,210.0,231.7,1,8,,2926.1867
traceA,fixed20,479,206.5,232.6,1,8,,2935.0224
traceA,fixed20,480,209.2,232.2,1,8,,2943.8650
traceA,fixed20,481,210.1,232.6,1,8,,2952.7178
traceA,fixed20,482,207.7,232.4,1,8,,2961.5921
traceA,fixed20,483,210.1,232.6,1,8,,2970.4714
traceA,fixed20,484,210.0,232.7,1,8,,2979.3723
traceA,fixed20,485,210.0,232.4,1,8,,2988.2798
traceA,fixed20,486,209.2,234.9,1,8,,2997.2100
traceA,fixed20,487,210.1,232.2,1,8,,3006.1580
traceA,fixed20,488,207.9,233.7,1,8,,3015.1227
traceA,fixed20,489,210.2,232.5,1,8,,3024.1194
traceA,fixed20,490,210.2,231.5,1,8,,3033.1298
traceA,fixed20,491,210.2,231.0,1,8,,3042.1705
traceA,fixed20,492,210.2,231.1,1,8,,3051.2276
traceA,fixed20,493,210.0,231.6,1,8,,3060.3146
traceA,fixed20,494,210.2,230.9,1,8,,3069.4306
traceA,fixed20,495,210.2,233.0,1,8,,3078.5701
traceA,fixed20,496,210.2,231.1,1,8,,3087.7525
traceA,fixed20,497,207.8,231.5,1,8,,3096.9578
traceA,fixed20,498,210.2,232.3,1,8,,3106.2020
traceA,fixed20,499,208.5,232.9,1,8,,3115.4732
traceA,fixed20,500,160.6,232.0,1,8,,3124.7811
traceA,fixed20,501,200.8,232.6,1,8,,3134.1297
traceA,fixed20,502,208.2,231.1,1,8,,3143.5091
traceA,fixed20,503,209.2,231.4,1,8,,3152.9418
traceA,fixed20,504,210.2,232.2,1,8,,3162.4076
traceA,fixed20,505,208.4,233.7,1,8,,3171.9201
traceA,fixed20,506,208.7,231.5,1,8,,3181.4711
traceA,fixed20,507,210.0,231.0,1,8,,3191.0652
traceA,fixed20,508,206.2,233.7,1,8,,3200.7118
traceA,fixed20,509,209.8,229.7,1,8,,3210.3967
traceA,fixed20,510,209.1,231.3,1,8,,3220.1448
traceA,fixed20,511,209.0,231.8,1,8,,3229.9367
traceA,fixed20,512,209.5,230.7,1,8,,3239.7828
traceA,fixed20,513,210.1,231.2,1,8,,3249.6788
traceA,fixed20,514,210.0,230.8,1,8,,3259.6243
traceA,fixed20,515,209.9,230.8,1,8,,3269.6338
traceA,fixed20,516,209.2,230.9,1,8,,3279.6894
traceA,fixed20,517,204.8,234.0,1,8,,3289.8172
traceA,fixed20,518,209.9,235.1,1,8,,3299.9999
traceA,fixed20,519,209.5,231.0,1,8,,3310.2435
traceA,fixed20,520,192.7,231.8,1,8,,3320.5485
traceA,fixed20,521,202.5,232.7,1,8,,3330.9091
traceA,fixed20,522,210.0,232.8,1,8,,3341.3445
traceA,fixed20,523,192.1,234.0,1,8,,3351.8341
traceA,fixed20,524,210.0,233.8,1,8,,3362.4037
traceA,fixed20,525,210.0,232.9,1,8,,3373.0393
traceA,fixed20,526,206.5,231.6,1,8,,3383.7420
traceA,fixed20,527,210.2,232.3,1,8,,3394.5172
traceA,fixed20,528,210.2,233.6,1,8,,3405.3539
traceA,fixed20,529,210.2,231.9,1,8,,3416.2749
traceA,fixed20,530,210.2,233.4,1,8,,3427.2586
traceA,fixed20,531,210.2,233.2,1,8,,3438.3286
traceA,fixed20,532,209.9,233.7,1,8,,3449.4758
traceA,fixed20,533,209.6,231.2,1,8,,3460.6955
traceA,fixed20,534,208.6,232.3,1,8,,3471.9979
traceA,fixed20,535,210.2,233.2,1,8,,3483.3674
traceA,fixed20,536,210.0,235.2,1,8,,3494.8296
traceA,fixed20,537,210.2,231.7,1,8,,3506.3629
traceA,fixed20,538,210.0,234.2,1,8,,3517.9874
traceA,fixed20,539,210.0,232.5,1,8,,3529.6996
traceA,fixed20,540,205.3,232.7,1,8,,3541.4891
traceA,fixed20,541,195.1,234.1,1,8,,3553.3704
traceA,fixed20,542,210.1,232.5,1,8,,3565.3245
traceA,fixed20,543,210.0,233.6,1,8,,3577.3776
traceA,fixed20,544,210.1,232.8,1,8,,3589.5102
traceA,fixed20,545,210.1,231.7,1,8,,3601.7373
traceA,fixed20,546,206.4,230.2,1,8,,3614.0620
traceA,fixed20,547,210.1,233.7,1,8,,3626.4680
traceA,fixed20,548,210.1,231.4,1,8,,3638.9736
traceA,fixed20,549,209.9,233.6,1,8,,3651.5572
traceA,fixed20,550,209.9,231.5,1,8,,3664.2445
traceA,fixed20,551,210.1,232.5,1,8,,3677.0193
traceA,fixed20,552,210.1,232.5,1,8,,3689.8904
traceA,fixed20,553,206.0,233.1,1,8,,3702.8678
traceA,fixed20,554,210.0,230.3,1,8,,3715.9302
traceA,fixed20,555,210.1,232.6,1,8,,3729.0979
traceA,fixed20,556,209.7,231.8,1,8,,3742.3487
traceA,fixed20,557,209.5,232.0,1,8,,3755.7058
traceA,fixed20,558,210.1,232.9,1,8,,3769.1579
traceA,fixed20,559,210.1,231.6,1,8,,3782.7070
traceA,fixed20,560,210.1,231.4,1,8,,3796.3693
traceA,fixed20,561,209.1,220.4,1,8,,3810.1198
traceA,fixed20,562,210.1,234.4,1,8,,3823.9795
traceA,fixed20,563,181.8,231.5,1,8,,3837.9271
traceA,fixed20,564,210.0,231.1,1,8,,3851.9816
traceA,fixed20,565,210.1,232.8,1,8,,3866.1377
traceA,fixed20,566,210.0,229.9,1,8,,3880.3903
traceA,fixed20,567,210.1,230.8,1,8,,3894.7613
traceA,fixed20,568,210.1,222.1,1,7,,3909.2234
traceA,fixed20,569,210.1,220.1,1,8,,3923.7963
traceA,fixed20,570,210.0,232.0,1,8,,3938.4616
traceA,fixed20,571,209.9,228.1,1,8,,3953.2325
traceA,fixed20,572,207.3,217.9,1,8,,3968.1105
traceA,fixed20,573,210.0,217.6,1,8,,3983.0837
traceA,fixed20,574,210.1,223.1,1,8,,3998.1783
traceA,fixed20,575,210.1,231.8,1,8,,4013.3664
traceA,fixed20,576,210.0,217.8,1,8,,4028.6650
traceA,fixed20,577,210.1,232.0,1,8,,4044.0599
traceA,fixed20,578,175.6,217.8,1,8,,4059.5575
traceA,fixed20,579,206.3,230.4,1,8,,4075.1663
traceA,fixed20,580,208.8,229.6,1,8,,4090.8684
traceA,fixed20,581,210.1,219.9,1,7,,4106.6926
traceA,fixed20,582,209.8,219.1,1,8,,4122.6126
traceA,fixed20,583,210.1,220.3,1,7,,4138.6405
traceA,fixed20,584,200.6,233.4,1,8,,4154.7679
traceA,fixed20,585,205.3,231.5,1,8,,4170.9939
traceA,fixed20,586,208.5,231.4,1,8,,4187.3335
traceA,fixed20,587,210.1,232.0,1,8,,4203.7641
traceA,fixed20,588,210.0,221.8,1,8,,4220.3153
traceA,fixed20,589,209.4,232.5,1,8,,4236.9639
traceA,fixed20,590,209.7,233.8,1,7,,4253.7164
traceA,fixed20,591,209.8,233.0,1,8,,4270.5705
traceA,fixed20,592,210.0,234.1,1,8,,4287.5182
traceA,fixed20,593,209.3,222.5,1,8,,4304.5799
traceA,fixed20,594,210.0,232.1,1,8,,4321.7302
traceA,fixed20,595,210.1,218.3,1,8,,4338.9973
traceA,fixed20,596,209.9,234.1,1,8,,4356.3630
traceA,fixed20,597,210.1,221.0,1,8,,4373.8272
traceA,fixed20,598,210.0,231.4,1,8,,4391.3938
traceA,fixed20,599,210.0,232.8,1,8,,4409.0484
traceA,fixed20,600,209.2,235.9,1,8,,4426.8156
traceA,fixed20,601,210.0,231.7,1,8,,4444.6688
traceA,fixed20,602,210.0,233.7,1,8,,4462.6330
traceA,fixed20,603,210.0,235.9,1,8,,4480.6964
traceA,fixed20,604,210.0,231.9,1,8,,4498.8518
traceA,fixed20,605,210.1,233.0,1,8,,4517.1090
traceA,fixed20,606,209.9,234.6,1,8,,4535.4486
traceA,fixed20,607,210.1,222.6,1,8,,4553.8971
traceA,fixed20,608,209.2,232.9,1,8,,4572.4292
traceA,fixed20,609,209.9,232.0,1,8,,4591.0647
traceA,fixed20,610,209.2,233.1,1,8,,4609.7991
traceA,fixed20,611,210.1,231.5,1,8,,4628.6184
traceA,fixed20,612,210.0,230.9,1,8,,4647.5375
traceA,fixed20,613,209.7,230.7,1,8,,4666.5332
traceA,fixed20,614,209.9,224.4,1,8,,4685.6323
traceA,fixed20,615,208.5,232.1,1,8,,4704.8126
traceA,fixed20,616,210.0,233.5,1,7,,4724.0873
traceA,fixed20,617,209.8,233.3,1,8,,4743.4596
traceA,fixed20,618,210.0,233.8,1,8,,4762.9097
traceA,fixed20,619,210.1,220.0,1,8,,4782.4557
traceA,fixed20,620,209.8,232.5,1,8,,4802.0730
traceA,fixed20,621,209.8,221.0,1,8,,4821.7862
traceA,fixed20,622,210.0,232.4,1,8,,4841.5783
traceA,fixed20,623,210.1,223.7,1,7,,4861.4548
traceA,fixed20,624,210.0,235.1,1,8,,4881.4266
traceA,fixed20,625,210.0,233.0,1,8,,4901.4690
traceA,fixed20,626,210.0,232.2,1,8,,4921.6018
traceA,fixed20,627,210.1,233.6,1,8,,4941.8010
traceA,fixed20,628,200.3,223.1,1,8,,4962.0873
traceA,fixed20,629,210.1,231.4,1,8,,4982.4498
traceA,fixed20,630,207.5,233.1,1,7,,5002.8865
traceA,fixed20,631,210.0,232.2,1,8,,5023.4146
traceA,fixed20,632,210.1,234.2,1,8,,5044.0066
traceA,fixed20,633,210.0,232.7,1,8,,5064.6822
traceA,fixed20,634,209.2,233.5,1,8,,5085.4195
traceA,fixed20,635,209.9,232.3,1,8,,5106.2339
traceA,fixed20,636,210.1,220.1,1,8,,5127.1216
traceA,fixed20,637,210.1,232.0,1,8,,5148.0731
traceA,fixed20,638,210.0,232.4,1,8,,5169.1110
traceA,fixed20,639,210.1,232.6,1,8,,5190.2066
traceA,fixed20,640,209.5,233.9,1,8,,5211.3774
traceA,fixed20,641,210.1,223.0,1,8,,5232.6059
traceA,fixed20,642,210.0,235.3,1,8,,5253.9008
traceA,fixed20,643,209.8,232.3,1,8,,5275.2654
traceA,fixed20,644,209.9,233.6,1,8,,5296.6839
traceA,fixed20,645,210.1,233.4,1,8,,5318.1823
traceA,fixed20,646,208.4,232.8,1,8,,5339.7330
traceA,fixed20,647,210.0,232.2,1,8,,5361.3496
traceA,fixed20,648,209.6,233.2,1,8,,5383.0199
traceA,fixed20,649,207.6,232.0,1,8,,5404.7456
traceA,fixed20,650,209.6,234.0,1,8,,5426.5369
traceA,fixed20,651,210.1,235.8,1,8,,5448.3729
traceA,fixed20,652,209.9,231.9,1,8,,5470.2811
traceA,fixed20,653,210.1,233.1,1,8,,5492.2367
traceA,fixed20,654,210.1,232.0,1,8,,5514.2482
traceA,fixed20,655,210.1,231.6,1,8,,5536.3096
traceA,fixed20,656,209.5,232.2,1,8,,5558.4155
traceA,fixed20,657,210.1,233.3,1,8,,5580.5820
traceA,fixed20,658,210.0,232.4,1,8,,5602.7851
traceA,fixed20,659,210.1,232.0,1,8,,5625.0515
traceA,fixed20,660,209.2,231.8,1,8,,5647.3612
traceA,fixed20,661,210.1,234.0,1,8,,5669.7163
traceA,fixed20,662,209.4,235.1,1,7,,5692.1174
traceA,fixed20,663,210.1,231.9,1,8,,5714.5527
traceA,fixed20,664,208.5,232.8,1,8,,5737.0429
traceA,fixed20,665,204.3,232.1,1,8,,5759.5625
traceA,fixed20,666,209.7,233.2,1,8,,5782.1357
traceA,fixed20,667,210.1,231.7,1,8,,5804.7484
traceA,fixed20,668,210.1,230.7,1,8,,5827.3963
traceA,fixed20,669,210.1,232.7,1,8,,5850.0860
traceA,fixed20,670,210.1,232.9,1,8,,5872.8005
traceA,fixed20,671,210.0,231.9,1,8,,5895.5633
traceA,fixed20,672,209.8,235.4,1,8,,5918.3495
traceA,fixed20,673,207.9,234.0,1,8,,5941.1789
traceA,fixed20,674,210.1,234.8,1,8,,5964.0445
traceA,fixed20,675,210.1,221.7,1,8,,5986.9354
traceA,fixed20,676,210.0,231.6,1,8,,6009.8635
traceA,fixed20,677,210.1,231.6,1,8,,6032.8082
traceA,fixed20,678,196.0,231.0,1,8,,6055.7938
traceA,fixed20,679,210.2,232.1,1,8,,6078.7979
traceA,fixed20,680,210.1,222.8,1,8,,6101.8348
traceA,fixed20,681,209.7,231.8,1,8,,6124.9044
traceA,fixed20,682,209.9,231.6,1,8,,6147.9904
traceA,fixed20,683,210.1,233.1,1,8,,6171.1086
traceA,fixed20,684,210.2,231.8,1,8,,6194.2363
traceA,fixed20,685,210.2,231.4,1,8,,6217.3968
traceA,fixed20,686,210.1,230.4,1,8,,6240.5721
traceA,fixed20,687,210.1,232.5,1,8,,6263.7697
traceA,fixed20,688,210.1,231.0,1,8,,6286.9967
traceA,fixed20,689,210.1,230.1,1,8,,6310.2321
traceA,fixed20,690,208.1,231.1,1,8,,6333.4942
traceA,fixed20,691,210.1,229.8,1,8,,6356.7601
traceA,fixed20,692,210.1,231.5,1,8,,6380.0504
traceA,fixed20,693,210.2,229.8,1,8,,6403.3526
traceA,fixed20,694,210.1,220.5,1,8,,6426.6670
traceA,fixed20,695,210.2,230.2,1,8,,6450.0074
traceA,fixed20,696,208.4,230.7,1,8,,6473.3495
traceA,fixed20,697,210.1,230.8,1,8,,6496.7123
traceA,fixed20,698,208.0,230.1,1,8,,6520.0746
traceA,fixed20,699,194.1,229.5,1,8,,6543.4526
traceA,fixed20,700,192.9,230.6,1,8,,6566.8402
traceA,fixed20,701,210.1,230.8,1,8,,6590.2308
traceA,fixed20,702,210.2,231.3,1,8,,6613.6438
traceA,fixed20,703,210.2,231.5,1,8,,6637.0532
traceA,fixed20,704,210.1,231.0,1,8,,6660.4769
traceA,fixed20,705,210.2,222.3,1,7,,6683.8970
traceA,fixed20,706,207.9,231.7,1,8,,6707.3243
traceA,fixed20,707,210.1,232.1,1,8,,6730.7592
traceA,fixed20,708,196.4,230.8,1,8,,6754.1893
traceA,fixed20,709,210.1,230.6,1,8,,6777.6377
traceA,fixed20,710,210.1,220.2,1,8,,6801.0785
traceA,fixed20,711,210.0,222.2,1,8,,6824.5272
traceA,fixed20,712,210.2,230.1,1,8,,6847.9702
traceA,fixed20,713,210.1,234.5,1,8,,6871.4123
traceA,fixed20,714,203.8,220.5,1,8,,6894.8604
traceA,fixed20,715,193.4,231.2,1,8,,6918.2972
traceA,fixed20,716,210.1,231.3,1,8,,6941.7477
traceA,fixed20,717,210.1,231.3,1,8,,6965.1884
traceA,fixed20,718,210.0,233.8,1,8,,6988.6301
traceA,fixed20,719,208.8,232.3,1,8,,7012.0653
traceA,fixed20,720,208.3,232.8,1,8,,7035.4922
traceA,fixed20,721,209.3,234.7,1,9,,7058.9235
traceA,fixed20,722,210.1,219.3,1,8,,7082.3382
traceA,fixed20,723,210.1,231.5,1,8,,7105.7622
traceA,fixed20,724,209.4,232.4,1,8,,7129.1752
traceA,fixed20,725,210.1,234.6,1,8,,7152.5829
traceA,fixed20,726,210.1,232.8,1,8,,7175.9836
traceA,fixed20,727,209.8,234.1,1,8,,7199.3696
traceA,fixed20,728,210.2,236.0,1,9,,7222.7586
traceA,fixed20,729,210.2,231.4,1,8,,7246.1275
traceA,fixed20,730,210.2,233.8,1,8,,7269.5007
traceA,fixed20,731,210.2,234.4,1,8,,7292.8630
traceA,fixed20,732,210.1,234.9,1,8,,7316.2142
traceA,fixed20,733,209.8,231.7,1,8,,7339.5585
traceA,fixed20,734,209.2,231.3,1,8,,7362.8829
traceA,fixed20,735,210.1,234.7,1,8,,7386.2087
traceA,fixed20,736,208.7,233.3,1,8,,7409.5123
traceA,fixed20,737,209.0,232.9,1,8,,7432.8156
traceA,fixed20,738,210.1,233.5,1,8,,7456.1089
traceA,fixed20,739,210.1,233.2,1,8,,7479.3859
traceA,fixed20,740,206.1,233.2,1,8,,7502.6565
traceA,fixed20,741,210.2,232.4,1,8,,7525.9034
traceA,fixed20,742,210.2,232.8,1,8,,7549.1500
traceA,fixed20,743,209.4,231.7,1,8,,7572.3740
traceA,fixed20,744,208.8,232.7,1,8,,7595.5931
traceA,fixed20,745,210.2,221.8,1,8,,7618.8036
traceA,fixed20,746,209.2,233.2,1,8,,7641.9941
traceA,fixed20,747,210.2,233.1,1,8,,7665.1785
traceA,fixed20,748,210.2,232.4,1,8,,7688.3370
traceA,fixed20,749,210.2,234.5,1,8,,7711.4935
traceA,fixed20,750,210.2,231.5,1,8,,7734.6282
traceA,fixed20,751,210.2,235.5,1,8,,7757.7537
traceA,fixed20,752,210.2,232.9,1,8,,7780.8728
traceA,fixed20,753,207.7,231.9,1,8,,7803.9692
traceA,fixed20,754,210.1,231.5,1,8,,7827.0601
traceA,fixed20,755,210.2,230.5,1,8,,7850.1243
traceA,fixed20,756,210.1,233.0,1,8,,7873.1846
traceA,fixed20,757,210.2,221.8,1,8,,7896.2254
traceA,fixed20,758,209.9,234.3,1,8,,7919.2531
traceA,fixed20,759,210.2,232.9,1,8,,7942.2770
traceA,fixed20,760,210.1,231.4,1,8,,7965.2768
traceA,fixed20,761,210.2,233.7,1,8,,7988.2718
traceA,fixed20,762,210.2,233.1,1,8,,8011.2406
traceA,fixed20,763,209.9,234.9,1,8,,8034.2037
traceA,fixed20,764,210.2,231.9,1,8,,8057.1507
traceA,fixed20,765,210.2,233.7,1,8,,8080.0815
traceA,fixed20,766,210.2,232.5,1,8,,8103.0113
traceA,fixed20,767,210.2,231.2,1,8,,8125.9170
traceA,fixed20,768,210.1,231.7,1,8,,8148.8184
traceA,fixed20,769,210.2,233.9,1,8,,8171.6958
traceA,fixed20,770,210.2,222.8,1,8,,8194.5658
traceA,fixed20,771,210.2,233.9,1,8,,8217.4236
traceA,fixed20,772,210.0,232.1,1,8,,8240.2633
traceA,fixed20,773,209.5,232.9,1,8,,8263.1049
traceA,fixed20,774,210.2,233.2,1,8,,8285.9240
traceA,fixed20,775,210.0,232.1,1,8,,8308.7391
traceA,fixed20,776,209.9,235.1,1,8,,8331.5336
traceA,fixed20,777,210.2,223.3,1,8,,8354.3193
traceA,fixed20,778,208.5,231.6,1,8,,8377.0975
traceA,fixed20,779,208.9,231.5,1,8,,8399.8567
traceA,fixed20,780,208.1,232.4,1,8,,8422.6206
traceA,fixed20,781,210.1,232.0,1,8,,8445.3649
traceA,fixed20,782,210.1,233.4,1,8,,8468.1056
traceA,fixed20,783,210.1,232.5,1,8,,8490.8304
traceA,fixed20,784,210.0,221.1,1,8,,8513.5453
traceA,fixed20,785,210.1,231.4,1,8,,8536.2578
traceA,fixed20,786,209.8,232.8,1,8,,8558.9516
traceA,fixed20,787,210.1,231.7,1,8,,8581.6530
traceA,fixed20,788,210.0,230.9,1,8,,8604.3389
traceA,fixed20,789,181.0,228.2,1,7,,8627.0217
traceA,fixed20,790,210.0,232.2,1,8,,8649.6941
traceA,fixed20,791,208.7,235.5,1,9,,8672.3561
traceA,fixed20,792,210.1,232.2,1,8,,8695.0211
traceA,fixed20,793,208.9,232.9,1,8,,8717.6690
traceA,fixed20,794,210.1,221.5,1,8,,8740.3271
traceA,fixed20,795,210.1,226.3,1,8,,8762.9751
traceA,fixed20,796,210.0,220.5,1,8,,8785.6207
traceA,fixed20,797,210.1,231.6,1,8,,8808.2620
traceA,fixed20,798,210.0,220.6,1,8,,8830.8934
traceA,fixed20,799,209.9,231.5,1,8,,8853.5329
traceA,fixed20,800,208.4,232.0,1,8,,8876.1585
traceA,fixed20,801,210.1,233.8,1,8,,8898.7966
traceA,fixed20,802,210.1,231.0,1,8,,8921.4310
traceA,fixed20,803,210.0,232.4,1,8,,8944.0639
traceA,fixed20,804,210.0,222.2,1,7,,8966.6992
traceA,fixed20,805,210.1,220.1,1,8,,8989.3258
traceA,fixed20,806,208.9,232.3,1,8,,9011.9659
traceA,fixed20,807,210.1,230.3,1,8,,9034.5961
traceA,fixed20,808,210.2,231.2,1,8,,9057.2410
traceA,fixed20,809,210.2,230.7,1,8,,9079.8896
traceA,fixed20,810,210.1,231.3,1,8,,9102.5380
traceA,fixed20,811,210.2,221.8,1,7,,9125.1956
traceA,fixed20,812,210.2,232.4,1,9,,9147.8468
traceA,fixed20,813,210.2,219.0,1,8,,9170.5165
traceA,fixed20,814,210.2,229.9,1,8,,9193.1818
traceA,fixed20,815,210.2,231.8,1,8,,9215.8638
traceA,fixed20,816,210.1,229.6,1,8,,9238.5571
traceA,fixed20,817,210.2,231.5,1,8,,9261.2524
traceA,fixed20,818,210.2,231.2,1,9,,9283.9637
traceA,fixed20,819,208.9,230.8,1,9,,9306.6719
traceA,fixed20,820,210.0,232.9,1,8,,9329.4032
traceA,fixed20,821,210.0,233.6,1,8,,9352.1366
traceA,fixed20,822,210.0,230.6,1,8,,9374.8886
traceA,fixed20,823,209.0,233.6,1,9,,9397.6600
traceA,fixed20,824,209.5,230.2,1,8,,9420.4363
traceA,fixed20,825,210.0,231.2,1,8,,9443.2351
traceA,fixed20,826,210.0,219.2,1,8,,9466.0352
traceA,fixed20,827,210.1,232.1,1,8,,9488.8626
traceA,fixed20,828,209.6,231.9,1,8,,9511.6995
traceA,fixed20,829,210.2,231.7,1,8,,9534.5567
traceA,fixed20,830,210.1,221.8,1,7,,9557.4417
traceA,fixed20,831,210.2,230.3,1,8,,9580.3352
traceA,fixed20,832,210.2,230.3,1,8,,9603.2575
traceA,fixed20,833,210.2,220.0,1,8,,9626.1864
traceA,fixed20,834,210.2,231.1,1,8,,9649.1463
traceA,fixed20,835,209.2,223.1,1,7,,9672.1238
traceA,fixed20,836,210.1,231.8,1,8,,9695.1235
traceA,fixed20,837,210.2,234.0,1,8,,9718.1592
traceA,fixed20,838,207.4,232.0,1,8,,9741.2079
traceA,fixed20,839,209.7,232.4,1,8,,9764.2911
traceA,fixed20,840,210.2,221.2,1,7,,9787.3872
traceA,fixed20,841,210.2,230.5,1,8,,9810.5174
traceA,fixed20,842,210.2,220.8,1,7,,9833.6739
traceA,fixed20,843,210.2,231.4,1,8,,9856.8546
traceA,fixed20,844,210.2,231.9,1,8,,9880.0793
traceA,fixed20,845,210.2,232.3,1,8,,9903.3222
traceA,fixed20,846,210.1,231.9,1,8,,9926.6047
traceA,fixed20,847,209.6,220.2,1,8,,9949.9073
traceA,fixed20,848,210.2,232.0,1,8,,9973.2467
traceA,fixed20,849,210.2,231.7,1,8,,9996.6211
traceA,fixed20,850,196.6,232.4,1,8,,10020.0223
traceA,fixed20,851,210.2,232.8,1,8,,10043.4747
traceA,fixed20,852,210.2,232.1,1,8,,10066.9515
traceA,fixed20,853,210.2,231.5,1,8,,10090.4722
traceA,fixed20,854,209.7,222.9,1,7,,10114.0209
traceA,fixed20,855,208.4,231.2,1,8,,10137.6086
traceA,fixed20,856,210.1,232.4,1,8,,10161.2401
traceA,fixed20,857,210.1,232.2,1,8,,10184.9012
traceA,fixed20,858,210.1,231.2,1,8,,10208.6202
traceA,fixed20,859,206.3,237.0,1,8,,10232.3705
traceA,fixed20,860,208.5,232.7,1,8,,10256.1682
traceA,fixed20,861,209.4,232.3,1,8,,10280.0024
traceA,fixed20,862,209.5,237.9,1,8,,10303.8773
traceA,fixed20,863,210.2,234.3,1,8,,10327.8046
traceA,fixed20,864,210.2,232.1,1,8,,10351.7650
traceA,fixed20,865,210.2,232.1,1,8,,10375.7889
traceA,fixed20,866,207.1,232.7,1,8,,10399.8515
traceA,fixed20,867,210.0,237.2,1,8,,10423.9645
traceA,fixed20,868,167.3,231.3,1,8,,10448.1225
traceA,fixed20,869,209.5,233.8,1,8,,10472.3229
traceA,fixed20,870,210.2,231.7,1,8,,10496.5837
traceA,fixed20,871,210.1,231.9,1,8,,10520.8817
traceA,fixed20,872,210.1,231.1,1,8,,10545.2476
traceA,fixed20,873,197.6,221.3,1,8,,10569.6603
traceA,fixed20,874,210.2,231.3,1,8,,10594.1256
traceA,fixed20,875,209.8,231.8,1,8,,10618.6443
traceA,fixed20,876,210.2,230.5,1,8,,10643.2073
traceA,fixed20,877,210.2,231.4,1,8,,10667.8378
traceA,fixed20,878,208.1,231.8,1,8,,10692.5100
traceA,fixed20,879,210.2,231.8,1,8,,10717.2535
traceA,fixed20,880,208.9,221.1,1,8,,10742.0521
traceA,fixed20,881,210.2,232.7,1,8,,10766.9051
traceA,fixed20,882,208.4,213.5,1,7,,10791.8194
traceA,fixed20,883,210.2,234.8,1,8,,10816.7802
traceA,fixed20,884,210.1,233.7,1,8,,10841.8143
traceA,fixed20,885,210.2,221.5,1,8,,10866.8955
traceA,fixed20,886,210.1,231.7,1,8,,10892.0500
traceA,fixed20,887,209.0,223.8,1,8,,10917.2679
traceA,fixed20,888,208.4,231.9,1,8,,10942.5418
traceA,fixed20,889,210.0,218.1,1,8,,10967.8842
traceA,fixed20,890,210.0,218.8,1,8,,10993.2756
traceA,fixed20,891,210.0,232.4,1,8,,11018.7448
traceA,fixed20,892,210.0,232.1,1,8,,11044.2670
traceA,fixed20,893,209.2,231.5,1,8,,11069.8633
traceA,fixed20,894,210.0,218.5,1,8,,11095.5311
traceA,fixed20,895,210.0,232.4,1,8,,11121.2564
traceA,fixed20,896,209.9,233.3,1,8,,11147.0564
traceA,fixed20,897,210.0,222.4,1,8,,11172.9081
traceA,fixed20,898,208.7,231.6,1,8,,11198.8409
traceA,fixed20,899,210.0,224.6,1,8,,11224.8329
traceA,fixed20,900,208.5,220.7,1,8,,11250.8989
traceA,fixed20,901,210.0,223.7,1,8,,11277.0439
traceA,fixed20,902,208.2,215.4,1,7,,11303.2478
traceA,fixed20,903,209.5,234.6,1,8,,11329.5315
traceA,fixed20,904,210.0,225.4,1,8,,11355.8701
traceA,fixed20,905,210.0,233.3,1,8,,11382.2916
traceA,fixed20,906,204.5,221.2,1,8,,11408.7785
traceA,fixed20,907,210.2,232.8,1,8,,11435.3386
traceA,fixed20,908,210.2,234.2,1,8,,11461.9842
traceA,fixed20,909,210.2,213.4,1,7,,11488.6905
traceA,fixed20,910,209.6,232.5,1,8,,11515.4802
traceA,fixed20,911,210.2,232.7,1,8,,11542.3286
traceA,fixed20,912,210.1,232.1,1,8,,11569.2599
traceA,fixed20,913,210.1,225.8,1,8,,11596.2630
traceA,fixed20,914,209.7,231.4,1,8,,11623.3379
traceA,fixed20,915,210.2,222.7,1,7,,11650.5037
traceA,fixed20,916,194.1,225.2,1,8,,11677.7321
traceA,fixed20,917,202.7,221.3,1,8,,11705.0461
traceA,fixed20,918,209.9,221.2,1,7,,11732.4227
traceA,fixed20,919,210.0,231.8,1,8,,11759.8813
traceA,fixed20,920,210.0,232.5,1,8,,11787.4174
traceA,fixed20,921,206.1,222.9,1,8,,11815.0236
traceA,fixed20,922,210.1,232.1,1,8,,11842.7248
traceA,fixed20,923,210.2,231.8,1,8,,11870.4909
traceA,fixed20,924,210.0,222.1,1,8,,11898.3431
traceA,fixed20,925,210.2,233.5,1,8,,11926.2622
traceA,fixed20,926,210.1,219.5,1,8,,11954.2609
traceA,fixed20,927,210.2,236.1,1,8,,11982.3425
traceA,fixed20,928,209.9,222.1,1,8,,12010.4923
traceA,fixed20,929,210.2,232.0,1,8,,12038.7396
traceA,fixed20,930,209.3,231.7,1,8,,12067.0544
traceA,fixed20,931,210.2,219.1,1,8,,12095.4543
traceA,fixed20,932,210.0,235.0,1,8,,12123.9254
traceA,fixed20,933,210.0,222.7,1,8,,12152.4729
traceA,fixed20,934,208.3,235.9,1,8,,12181.1076
traceA,fixed20,935,210.2,223.7,1,8,,12209.8089
traceA,fixed20,936,210.1,221.6,1,8,,12238.6083
traceA,fixed20,937,210.2,221.1,1,8,,12267.4782
traceA,fixed20,938,203.9,223.3,1,8,,12296.4309
traceA,fixed20,939,208.2,231.5,1,8,,12325.4587
traceA,fixed20,940,209.6,230.7,1,8,,12354.5592
traceA,fixed20,941,210.2,231.2,1,8,,12383.7500
traceA,fixed20,942,208.3,220.6,1,8,,12413.0059
traceA,fixed20,943,209.6,222.2,1,8,,12442.3591
traceA,fixed20,944,209.3,234.1,1,8,,12471.7857
traceA,fixed20,945,210.0,220.9,1,8,,12501.2916
traceA,fixed20,946,210.1,231.0,1,8,,12530.8760
traceA,fixed20,947,210.2,230.7,1,8,,12560.5292
traceA,fixed20,948,210.1,232.7,1,8,,12590.2742
traceA,fixed20,949,210.2,232.1,1,8,,12620.0835
traceA,fixed20,950,209.8,231.2,1,8,,12649.9872
traceA,fixed20,951,210.1,234.6,1,8,,12679.9673
traceA,fixed20,952,210.1,231.5,1,8,,12710.0225
traceA,fixed20,953,210.2,232.9,1,8,,12740.1587
traceA,fixed20,954,210.1,232.6,1,8,,12770.3598
traceA,fixed20,955,210.1,232.4,1,8,,12800.6527
traceA,fixed20,956,210.0,232.0,1,8,,12831.0094
traceA,fixed20,957,210.1,220.7,1,8,,12861.4561
traceA,fixed20,958,210.1,232.1,1,8,,12891.9819
traceA,fixed20,959,204.4,233.1,1,8,,12922.5781
traceA,fixed20,960,210.1,232.0,1,8,,12953.2567
traceA,fixed20,961,210.1,231.8,1,8,,12983.9965
traceA,fixed20,962,207.5,232.8,1,8,,13014.8265
traceA,fixed20,963,209.2,223.6,1,8,,13045.7201
traceA,fixed20,964,206.2,222.0,1,7,,13076.6981
traceA,fixed20,965,200.9,232.5,1,8,,13107.7572
traceA,fixed20,966,210.2,232.8,1,8,,13138.8819
traceA,fixed20,967,210.2,232.8,1,8,,13170.0892
traceA,fixed20,968,210.2,233.6,1,8,,13201.3543
traceA,fixed20,969,210.1,221.8,1,8,,13232.7063
traceA,fixed20,970,201.0,234.4,1,8,,13264.1222
traceA,fixed20,971,210.2,222.7,1,8,,13295.6157
traceA,fixed20,972,201.4,232.2,1,8,,13327.1917
traceA,fixed20,973,210.2,232.9,1,8,,13358.8284
traceA,fixed20,974,208.5,232.0,1,8,,13390.5465
traceA,fixed20,975,210.2,232.0,1,8,,13422.3196
traceA,fixed20,976,210.2,235.3,1,9,,13454.1747
traceA,fixed20,977,210.2,232.8,1,8,,13486.0942
traceA,fixed20,978,210.2,220.9,1,8,,13518.0837
traceA,fixed20,979,210.2,232.7,1,8,,13550.1561
traceA,fixed20,980,188.8,232.6,1,8,,13582.2848
traceA,fixed20,981,210.0,232.5,1,8,,13614.4921
traceA,fixed20,982,210.1,232.5,1,8,,13646.7523
traceA,fixed20,983,209.3,223.7,1,8,,13679.0881
traceA,fixed20,984,210.0,232.8,1,8,,13711.4887
traceA,fixed20,985,210.1,232.0,1,8,,13743.9516
traceA,fixed20,986,210.0,231.9,1,8,,13776.4965
traceA,fixed20,987,210.0,230.7,1,8,,13809.0938
traceA,fixed20,988,210.0,232.5,1,8,,13841.7654
traceA,fixed20,989,209.5,223.9,1,8,,13874.4883
traceA,fixed20,990,210.0,221.5,1,8,,13907.2795
traceA,fixed20,991,210.1,235.3,1,8,,13940.1354
traceA,fixed20,992,210.1,236.3,1,8,,13973.0460
traceA,fixed20,993,209.4,222.0,1,8,,14006.0365
traceA,fixed20,994,210.0,232.0,1,8,,14039.0760
traceA,fixed20,995,210.1,233.4,1,8,,14072.1843
traceA,fixed20,996,210.0,225.4,1,8,,14105.3427
traceA,fixed20,997,210.1,214.2,1,7,,14138.5612
traceA,fixed20,998,210.1,223.9,1,8,,14171.8440
traceA,fixed20,999,210.0,232.6,1,8,,14205.1742
traceA,bsf,0,208.6,1905.1,1,7,,1.6012
traceA,bsf,1,208.7,231.7,1,8,,1.5013
traceA,bsf,2,208.0,234.8,1,8,,1.2939
traceA,bsf,3,208.7,232.5,1,8,,1.0112
traceA,bsf,4,208.7,234.9,1,8,,0.7134
traceA,bsf,5,208.7,234.5,1,8,,0.4993
traceA,bsf,6,196.3,230.7,1,8,,0.3690
traceA,bsf,7,208.5,201.0,0,7,,0.2613
traceA,bsf,8,208.1,229.1,1,8,,0.1727
traceA,bsf,9,208.5,227.5,1,8,,0.1234
traceA,bsf,10,208.0,229.2,1,8,,0.0942
traceA,bsf,11,208.5,148.6,0,5,,0.0760
traceA,bsf,12,208.5,232.8,1,8,,0.0638
traceA,bsf,13,208.6,148.6,0,5,,0.0523
traceA,bsf,14,208.5,227.5,1,8,,0.0486
traceA,bsf,15,207.8,173.3,0,6,,0.0572
traceA,bsf,16,208.5,174.8,0,6,,0.0631
traceA,bsf,17,207.8,173.5,0,6,,0.0560
traceA,bsf,18,208.5,175.7,0,6,,0.0476
traceA,bsf,19,208.0,227.2,1,8,,0.0488
traceA,bsf,20,198.2,148.9,0,5,,0.0544
traceA,bsf,21,207.6,148.1,0,5,,0.0533
traceA,bsf,22,208.4,148.1,0,5,,0.0465
traceA,bsf,23,208.4,174.5,0,6,,0.0438
traceA,bsf,24,208.5,148.1,0,5,,0.0478
traceA,bsf,25,206.9,148.0,0,5,,0.0510
traceA,bsf,26,208.4,148.4,0,5,,0.0487
traceA,bsf,27,208.5,148.8,0,5,,0.0452
traceA,bsf,28,197.2,149.4,0,5,,0.0458
traceA,bsf,29,208.5,122.8,0,4,,0.0490
traceA,bsf,30,208.5,122.1,0,4,,0.0496
traceA,bsf,31,208.5,121.4,0,4,,0.0473
traceA,bsf,32,207.7,121.0,0,4,,0.0459
traceA,bsf,33,206.1,122.1,0,4,,0.0474
traceA,bsf,34,208.5,123.1,0,4,,0.0489
traceA,bsf,35,204.8,120.8,0,4,,0.0483
traceA,bsf,36,208.5,121.8,0,4,,0.0468
traceA,bsf,37,208.6,121.7,0,4,,0.0468
traceA,bsf,38,208.5,122.3,0,4,,0.0480
traceA,bsf,39,208.6,122.4,0,4,,0.0484
traceA,bsf,40,208.4,123.4,0,4,,0.0476
traceA,bsf,41,206.5,121.7,0,4,,0.0470
traceA,bsf,42,208.5,121.8,0,4,,0.0474
traceA,bsf,43,208.4,122.4,0,4,,0.0480
traceA,bsf,44,208.5,121.5,0,4,,0.0479
traceA,bsf,45,208.2,122.7,0,4,,0.0474
traceA,bsf,46,208.5,122.8,0,4,,0.0473
traceA,bsf,47,208.6,121.8,0,4,,0.0477
traceA,bsf,48,208.4,122.5,0,4,,0.0479
traceA,bsf,49,208.5,121.9,0,4,,0.0477
traceA,bsf,50,207.4,121.9,0,4,,0.0474
traceA,bsf,51,208.5,121.6,0,4,,0.0475
traceA,bsf,52,208.5,121.3,0,4,,0.0477
traceA,bsf,53,207.6,121.9,0,4,,0.0477
traceA,bsf,54,208.5,121.1,0,4,,0.0476
traceA,bsf,55,203.1,122.2,0,4,,0.0475
traceA,bsf,56,208.4,123.0,0,4,,0.0476
traceA,bsf,57,204.6,121.6,0,4,,0.0477
traceA,bsf,58,208.4,121.4,0,4,,0.0476
traceA,bsf,59,208.5,121.9,0,4,,0.0476
traceA,bsf,60,207.6,121.5,0,4,,0.0476
traceA,bsf,61,208.3,121.1,0,4,,0.0476
traceA,bsf,62,170.6,121.2,0,4,,0.0477
traceA,bsf,63,208.4,122.1,0,4,,0.0476
traceA,bsf,64,208.7,121.1,0,4,,0.0476
traceA,bsf,65,208.7,121.5,0,4,,0.0476
traceA,bsf,66,208.7,121.6,0,4,,0.0476
traceA,bsf,67,207.2,121.5,0,4,,0.0476
traceA,bsf,68,208.7,120.4,0,4,,0.0476
traceA,bsf,69,208.6,121.5,0,4,,0.0476
traceA,bsf,70,208.7,122.1,0,4,,0.0476
traceA,bsf,71,208.6,121.3,0,4,,0.0476
traceA,bsf,72,207.6,120.4,0,4,,0.0476
traceA,bsf,73,208.3,120.8,0,4,,0.0476
traceA,bsf,74,208.7,122.1,0,4,,0.0476
traceA,bsf,75,208.7,122.7,0,4,,0.0476
traceA,bsf,76,208.6,120.8,0,4,,0.0476
traceA,bsf,77,208.7,120.2,0,4,,0.0476
traceA,bsf,78,208.6,120.5,0,4,,0.0476
traceA,bsf,79,208.7,120.5,0,4,,0.0476
traceA,bsf,80,208.7,120.4,0,4,,0.0476
traceA,bsf,81,208.2,121.0,0,4,,0.0476
traceA,bsf,82,206.5,120.8,0,4,,0.0476
traceA,bsf,83,207.7,120.6,0,4,,0.0476
traceA,bsf,84,208.6,120.1,0,4,,0.0476
traceA,bsf,85,208.7,120.2,0,4,,0.0476
traceA,bsf,86,208.6,120.5,0,4,,0.0476
traceA,bsf,87,207.1,120.3,0,4,,0.0476
traceA,bsf,88,208.6,120.4,0,4,,0.0476
traceA,bsf,89,208.7,120.5,0,4,,0.0476
traceA,bsf,90,208.5,120.9,0,4,,0.0476
traceA,bsf,91,208.7,120.5,0,4,,0.0476
traceA,bsf,92,208.7,120.3,0,4,,0.0476
traceA,bsf,93,208.0,121.7,0,4,,0.0476
traceA,bsf,94,208.4,120.5,0,4,,0.0476
traceA,bsf,95,207.2,120.6,0,4,,0.0476
traceA,bsf,96,208.5,121.0,0,4,,0.0476
traceA,bsf,97,208.5,121.1,0,4,,0.0476
traceA,bsf,98,186.1,120.7,0,4,,0.0476
traceA,bsf,99,208.5,120.6,0,4,,0.0476
traceA,bsf,100,208.0,120.9,0,4,,0.0476
traceA,bsf,101,208.5,121.3,0,4,,0.0476
traceA,bsf,102,208.4,120.8,0,4,,0.0476
traceA,bsf,103,207.8,121.4,0,4,,0.0476
traceA,bsf,104,208.5,120.1,0,4,,0.0476
traceA,bsf,105,208.3,121.3,0,4,,0.0476
traceA,bsf,106,208.5,121.5,0,4,,0.0476
traceA,bsf,107,208.4,120.3,0,4,,0.0476
traceA,bsf,108,208.5,122.1,0,4,,0.0476
traceA,bsf,109,208.6,121.2,0,4,,0.0476
traceA,bsf,110,208.1,120.5,0,4,,0.0476
traceA,bsf,111,207.9,121.7,0,4,,0.0476
traceA,bsf,112,208.5,121.9,0,4,,0.0476
traceA,bsf,113,208.5,121.6,0,4,,0.0476
traceA,bsf,114,208.6,121.9,0,4,,0.0476
traceA,bsf,115,207.1,121.5,0,4,,0.0476
traceA,bsf,116,207.8,121.6,0,4,,0.0476
traceA,bsf,117,208.6,123.1,0,4,,0.0476
traceA,bsf,118,208.5,123.2,0,4,,0.0476
traceA,bsf,119,208.6,123.2,0,4,,0.0476
traceA,bsf,120,208.5,123.1,0,4,,0.0476
traceA,bsf,121,208.3,120.8,0,4,,0.0476
traceA,bsf,122,206.9,121.8,0,4,,0.0476
traceA,bsf,123,208.5,121.5,0,4,,0.0476
traceA,bsf,124,208.3,121.6,0,4,,0.0476
traceA,bsf,125,201.1,122.2,0,4,,0.0476
traceA,bsf,126,188.9,122.1,0,4,,0.0476
traceA,bsf,127,208.1,121.7,0,4,,0.0476
traceA,bsf,128,208.0,122.1,0,4,,0.0476
traceA,bsf,129,208.4,121.5,0,4,,0.0476
traceA,bsf,130,208.0,122.7,0,4,,0.0476
traceA,bsf,131,208.6,121.0,0,4,,0.0476
traceA,bsf,132,207.7,122.0,0,4,,0.0476
traceA,bsf,133,206.4,121.9,0,4,,0.0476
traceA,bsf,134,208.5,121.8,0,4,,0.0476
traceA,bsf,135,200.6,122.2,0,4,,0.0476
traceA,bsf,136,208.5,121.9,0,4,,0.0476
traceA,bsf,137,208.5,122.3,0,4,,0.0476
traceA,bsf,138,208.5,121.5,0,4,,0.0476
traceA,bsf,139,208.6,121.7,0,4,,0.0476
traceA,bsf,140,208.2,121.0,0,4,,0.0476
traceA,bsf,141,208.6,121.6,0,4,,0.0476
traceA,bsf,142,208.4,121.1,0,4,,0.0476
traceA,bsf,143,208.6,121.4,0,4,,0.0476
traceA,bsf,144,206.3,121.5,0,4,,0.0476
traceA,bsf,145,205.2,121.6,0,4,,0.0476
traceA,bsf,146,208.6,121.6,0,4,,0.0476
traceA,bsf,147,207.4,122.1,0,4,,0.0476
traceA,bsf,148,208.5,121.8,0,4,,0.0476
traceA,bsf,149,208.5,121.9,0,4,,0.0476
traceA,bsf,150,207.7,121.7,0,4,,0.0476
traceA,bsf,151,208.5,122.4,0,4,,0.0476
traceA,bsf,152,208.5,122.5,0,4,,0.0476
traceA,bsf,153,208.5,122.0,0,4,,0.0476
traceA,bsf,154,205.9,121.9,0,4,,0.0476
traceA,bsf,155,207.3,121.9,0,4,,0.0476
traceA,bsf,156,207.9,121.6,0,4,,0.0476
traceA,bsf,157,208.6,122.0,0,4,,0.0476
traceA,bsf,158,208.4,123.0,0,4,,0.0476
traceA,bsf,159,208.5,123.2,0,4,,0.0476
traceA,bsf,160,206.6,122.4,0,4,,0.0476
traceA,bsf,161,208.6,121.9,0,4,,0.0476
traceA,bsf,162,196.4,121.8,0,4,,0.0476
traceA,bsf,163,208.6,122.5,0,4,,0.0476
traceA,bsf,164,208.6,121.9,0,4,,0.0476
traceA,bsf,165,208.7,122.7,0,4,,0.0476
traceA,bsf,166,201.1,121.5,0,4,,0.0476
traceA,bsf,167,207.9,122.3,0,4,,0.0476
traceA,bsf,168,208.7,121.4,0,4,,0.0476
traceA,bsf,169,208.7,121.8,0,4,,0.0476
traceA,bsf,170,208.7,122.7,0,4,,0.0476
traceA,bsf,171,208.7,122.4,0,4,,0.0476
traceA,bsf,172,198.7,122.2,0,4,,0.0476
traceA,bsf,173,207.8,122.4,0,4,,0.0476
traceA,bsf,174,208.7,122.0,0,4,,0.0476
traceA,bsf,175,208.7,122.5,0,4,,0.0476
traceA,bsf,176,208.7,121.9,0,4,,0.0476
traceA,bsf,177,208.7,122.3,0,4,,0.0476
traceA,bsf,178,208.7,121.5,0,4,,0.0476
traceA,bsf,179,208.7,121.9,0,4,,0.0476
traceA,bsf,180,208.7,122.7,0,4,,0.0476
traceA,bsf,181,207.3,121.4,0,4,,0.0476
traceA,bsf,182,208.3,121.9,0,4,,0.0476
traceA,bsf,183,208.0,122.4,0,4,,0.0476
traceA,bsf,184,206.8,122.2,0,4,,0.0476
traceA,bsf,185,208.7,121.6,0,4,,0.0476
traceA,bsf,186,208.7,121.7,0,4,,0.0476
traceA,bsf,187,206.6,121.9,0,4,,0.0476
traceA,bsf,188,208.7,122.5,0,4,,0.0476
traceA,bsf,189,208.7,121.8,0,4,,0.0476
traceA,bsf,190,208.7,120.9,0,4,,0.0476
traceA,bsf,191,208.7,122.4,0,4,,0.0476
traceA,bsf,192,207.1,122.2,0,4,,0.0476
traceA,bsf,193,208.5,123.2,0,4,,0.0476
traceA,bsf,194,208.7,123.7,0,4,,0.0476
traceA,bsf,195,208.1,121.8,0,4,,0.0476
traceA,bsf,196,208.7,122.5,0,4,,0.0476
traceA,bsf,197,207.4,122.1,0,4,,0.0476
traceA,bsf,198,208.7,123.4,0,4,,0.0476
traceA,bsf,199,208.7,122.9,0,4,,0.0476
traceA,bsf,200,208.7,124.5,0,4,,0.0476
traceA,bsf,201,208.5,122.2,0,4,,0.0476
traceA,bsf,202,207.3,121.3,0,4,,0.0476
traceA,bsf,203,207.8,122.1,0,4,,0.0476
traceA,bsf,204,208.4,121.9,0,4,,0.0476
traceA,bsf,205,208.4,121.2,0,4,,0.0476
traceA,bsf,206,208.1,121.8,0,4,,0.0476
traceA,bsf,207,208.2,122.3,0,4,,0.0476
traceA,bsf,208,207.4,122.0,0,4,,0.0476
traceA,bsf,209,206.7,121.5,0,4,,0.0476
traceA,bsf,210,206.1,122.3,0,4,,0.0476
traceA,bsf,211,208.4,121.6,0,4,,0.0476
traceA,bsf,212,208.4,122.3,0,4,,0.0476
traceA,bsf,213,208.4,121.9,0,4,,0.0476
traceA,bsf,214,204.9,121.7,0,4,,0.0476
traceA,bsf,215,208.5,121.5,0,4,,0.0476
traceA,bsf,216,208.4,121.4,0,4,,0.0476
traceA,bsf,217,201.0,121.7,0,4,,0.0476
traceA,bsf,218,208.4,120.9,0,4,,0.0476
traceA,bsf,219,208.4,122.2,0,4,,0.0476
traceA,bsf,220,206.0,122.4,0,4,,0.0476
traceA,bsf,221,208.1,122.0,0,4,,0.0476
traceA,bsf,222,208.5,121.7,0,4,,0.0476
traceA,bsf,223,208.4,121.7,0,4,,0.0476
traceA,bsf,224,208.4,121.7,0,4,,0.0476
traceA,bsf,225,207.8,121.8,0,4,,0.0476
traceA,bsf,226,208.4,121.7,0,4,,0.0476
traceA,bsf,227,208.5,121.9,0,4,,0.0476
traceA,bsf,228,208.4,121.9,0,4,,0.0476
traceA,bsf,229,208.5,121.8,0,4,,0.0476
traceA,bsf,230,207.6,121.6,0,4,,0.0476
traceA,bsf,231,208.4,121.4,0,4,,0.0476
traceA,bsf,232,206.4,121.9,0,4,,0.0476
traceA,bsf,233,206.8,121.2,0,4,,0.0476
traceA,bsf,234,208.5,121.5,0,4,,0.0476
traceA,bsf,235,208.5,122.4,0,4,,0.0476
traceA,bsf,236,208.4,121.8,0,4,,0.0476
traceA,bsf,237,208.3,121.6,0,4,,0.0476
traceA,bsf,238,208.5,122.3,0,4,,0.0476
traceA,bsf,239,208.5,123.7,0,4,,0.0476
traceA,bsf,240,207.6,123.4,0,4,,0.0476
traceA,bsf,241,207.9,124.3,0,4,,0.0476
traceA,bsf,242,205.9,121.3,0,4,,0.0476
traceA,bsf,243,205.5,123.6,0,4,,0.0476
traceA,bsf,244,207.2,121.6,0,4,,0.0476
traceA,bsf,245,208.4,123.9,0,4,,0.0476
traceA,bsf,246,208.4,123.0,0,4,,0.0476
traceA,bsf,247,208.5,121.5,0,4,,0.0476
traceA,bsf,248,204.6,123.3,0,4,,0.0476
traceA,bsf,249,208.4,121.9,0,4,,0.0476
traceA,bsf,250,207.9,123.4,0,4,,0.0476
traceA,bsf,251,208.4,122.7,0,4,,0.0476
traceA,bsf,252,208.4,122.4,0,4,,0.0476
traceA,bsf,253,207.8,122.5,0,4,,0.0476
traceA,bsf,254,208.4,122.3,0,4,,0.0476
traceA,bsf,255,208.4,123.7,0,4,,0.0476
traceA,bsf,256,208.4,122.6,0,4,,0.0476
traceA,bsf,257,208.5,121.4,0,4,,0.0476
traceA,bsf,258,208.4,122.0,0,4,,0.0476
traceA,bsf,259,206.7,121.6,0,4,,0.0476
traceA,bsf,260,208.6,121.7,0,4,,0.0476
traceA,bsf,261,208.6,122.3,0,4,,0.0476
traceA,bsf,262,208.6,122.3,0,4,,0.0476
traceA,bsf,263,208.6,121.9,0,4,,0.0476
traceA,bsf,264,208.6,122.2,0,4,,0.0476
traceA,bsf,265,205.7,120.8,0,4,,0.0476
traceA,bsf,266,208.6,121.8,0,4,,0.0476
traceA,bsf,267,208.5,121.9,0,4,,0.0476
traceA,bsf,268,208.5,121.9,0,4,,0.0476
traceA,bsf,269,208.6,123.6,0,4,,0.0476
traceA,bsf,270,208.5,121.6,0,4,,0.0476
traceA,bsf,271,208.5,123.0,0,4,,0.0476
traceA,bsf,272,206.7,123.6,0,4,,0.0476
traceA,bsf,273,208.6,122.7,0,4,,0.0476
traceA,bsf,274,205.0,122.4,0,4,,0.0476
traceA,bsf,275,202.2,120.7,0,4,,0.0476
traceA,bsf,276,208.6,122.4,0,4,,0.0476
traceA,bsf,277,208.6,122.1,0,4,,0.0476
traceA,bsf,278,207.5,122.6,0,4,,0.0476
traceA,bsf,279,208.6,121.9,0,4,,0.0476
traceA,bsf,280,158.4,122.1,0,4,,0.0476
traceA,bsf,281,208.5,122.0,0,4,,0.0476
traceA,bsf,282,208.4,122.5,0,4,,0.0476
traceA,bsf,283,208.0,122.2,0,4,,0.0476
traceA,bsf,284,208.5,121.5,0,4,,0.0476
traceA,bsf,285,208.5,121.8,0,4,,0.0476
traceA,bsf,286,208.4,122.5,0,4,,0.0476
traceA,bsf,287,208.5,122.0,0,4,,0.0476
traceA,bsf,288,208.5,121.4,0,4,,0.0476
traceA,bsf,289,208.5,120.8,0,4,,0.0476
traceA,bsf,290,208.1,121.4,0,4,,0.0476
traceA,bsf,291,208.5,121.5,0,4,,0.0476
traceA,bsf,292,207.3,121.2,0,4,,0.0476
traceA,bsf,293,208.5,121.3,0,4,,0.0476
traceA,bsf,294,208.5,121.7,0,4,,0.0476
traceA,bsf,295,208.5,121.6,0,4,,0.0476
traceA,bsf,296,207.3,121.6,0,4,,0.0476
traceA,bsf,297,205.6,120.6,0,4,,0.0476
traceA,bsf,298,208.5,121.4,0,4,,0.0476
traceA,bsf,299,208.5,120.6,0,4,,0.0476
traceA,bsf,300,207.4,121.5,0,4,,0.0476
traceA,bsf,301,208.4,122.1,0,4,,0.0476
traceA,bsf,302,208.4,121.6,0,4,,0.0476
traceA,bsf,303,206.9,120.4,0,4,,0.0476
traceA,bsf,304,208.5,120.3,0,4,,0.0476
traceA,bsf,305,208.5,120.4,0,4,,0.0476
traceA,bsf,306,208.5,121.6,0,4,,0.0476
traceA,bsf,307,177.4,121.1,0,4,,0.0476
traceA,bsf,308,208.2,119.9,0,4,,0.0476
traceA,bsf,309,208.5,120.5,0,4,,0.0476
traceA,bsf,310,205.9,120.5,0,4,,0.0476
traceA,bsf,311,207.4,120.0,0,4,,0.0476
traceA,bsf,312,206.3,120.8,0,4,,0.0476
traceA,bsf,313,208.3,120.6,0,4,,0.0476
traceA,bsf,314,206.9,120.4,0,4,,0.0476
traceA,bsf,315,208.6,120.2,0,4,,0.0476
traceA,bsf,316,208.4,119.7,0,4,,0.0476
traceA,bsf,317,208.5,120.9,0,4,,0.0476
traceA,bsf,318,206.1,121.0,0,4,,0.0476
traceA,bsf,319,208.6,120.8,0,4,,0.0476
traceA,bsf,320,177.3,120.3,0,4,,0.0476
traceA,bsf,321,208.7,120.9,0,4,,0.0476
traceA,bsf,322,166.1,121.5,0,4,,0.0476
traceA,bsf,323,208.7,120.3,0,4,,0.0476
traceA,bsf,324,208.7,121.0,0,4,,0.0476
traceA,bsf,325,208.7,120.7,0,4,,0.0476
traceA,bsf,326,208.2,120.5,0,4,,0.0476
traceA,bsf,327,208.7,121.0,0,4,,0.0476
traceA,bsf,328,207.2,122.6,0,4,,0.0476
traceA,bsf,329,173.5,123.3,0,4,,0.0476
traceA,bsf,330,208.7,123.6,0,4,,0.0476
traceA,bsf,331,208.7,122.4,0,4,,0.0476
traceA,bsf,332,208.7,120.8,0,4,,0.0476
traceA,bsf,333,208.4,123.5,0,4,,0.0476
traceA,bsf,334,207.9,123.1,0,4,,0.0476
traceA,bsf,335,208.6,122.1,0,4,,0.0476
traceA,bsf,336,208.7,121.9,0,4,,0.0476
traceA,bsf,337,208.7,122.1,0,4,,0.0476
traceA,bsf,338,208.7,122.5,0,4,,0.0476
traceA,bsf,339,207.3,121.3,0,4,,0.0476
traceA,bsf,340,208.7,122.2,0,4,,0.0476
traceA,bsf,341,208.7,121.9,0,4,,0.0476
traceA,bsf,342,205.5,121.9,0,4,,0.0476
traceA,bsf,343,207.7,122.0,0,4,,0.0476
traceA,bsf,344,208.0,121.8,0,4,,0.0476
traceA,bsf,345,208.7,121.8,0,4,,0.0476
traceA,bsf,346,208.7,121.4,0,4,,0.0476
traceA,bsf,347,208.7,121.6,0,4,,0.0476
traceA,bsf,348,208.7,120.9,0,4,,0.0476
traceA,bsf,349,208.7,121.4,0,4,,0.0476
traceA,bsf,350,195.2,121.9,0,4,,0.0476
traceA,bsf,351,208.7,121.7,0,4,,0.0476
traceA,bsf,352,208.7,122.4,0,4,,0.0476
traceA,bsf,353,208.0,122.0,0,4,,0.0476
traceA,bsf,354,208.7,121.7,0,4,,0.0476
traceA,bsf,355,206.9,122.2,0,4,,0.0476
traceA,bsf,356,208.2,121.4,0,4,,0.0476
traceA,bsf,357,208.7,121.5,0,4,,0.0476
traceA,bsf,358,208.7,122.0,0,4,,0.0476
traceA,bsf,359,173.5,122.3,0,4,,0.0476
traceA,bsf,360,208.5,122.1,0,4,,0.0476
traceA,bsf,361,208.7,122.5,0,4,,0.0476
traceA,bsf,362,208.7,122.1,0,4,,0.0476
traceA,bsf,363,208.1,121.0,0,4,,0.0476
traceA,bsf,364,208.7,122.0,0,4,,0.0476
traceA,bsf,365,208.7,123.3,0,4,,0.0476
traceA,bsf,366,207.8,123.2,0,4,,0.0476
traceA,bsf,367,208.7,121.0,0,4,,0.0476
traceA,bsf,368,208.7,121.5,0,4,,0.0476
traceA,bsf,369,205.7,122.0,0,4,,0.0476
traceA,bsf,370,207.1,122.5,0,4,,0.0476
traceA,bsf,371,208.7,123.2,0,4,,0.0476
traceA,bsf,372,208.7,122.2,0,4,,0.0476
traceA,bsf,373,208.7,121.9,0,4,,0.0476
traceA,bsf,374,196.6,122.7,0,4,,0.0476
traceA,bsf,375,205.4,122.4,0,4,,0.0476
traceA,bsf,376,208.6,122.7,0,4,,0.0476
traceA,bsf,377,208.7,122.6,0,4,,0.0476
traceA,bsf,378,208.7,122.4,0,4,,0.0476
traceA,bsf,379,208.7,122.0,0,4,,0.0476
traceA,bsf,380,194.4,122.0,0,4,,0.0476
traceA,bsf,381,208.0,122.5,0,4,,0.0476
traceA,bsf,382,208.6,121.6,0,4,,0.0476
traceA,bsf,383,208.7,121.8,0,4,,0.0476
traceA,bsf,384,195.3,122.1,0,4,,0.0476
traceA,bsf,385,202.1,122.2,0,4,,0.0476
traceA,bsf,386,207.6,122.8,0,4,,0.0476
traceA,bsf,387,208.7,122.1,0,4,,0.0476
traceA,bsf,388,207.0,122.2,0,4,,0.0476
traceA,bsf,389,208.6,121.9,0,4,,0.0476
traceA,bsf,390,208.7,122.3,0,4,,0.0476
traceA,bsf,391,189.5,121.9,0,4,,0.0476
traceA,bsf,392,208.7,122.2,0,4,,0.0476
traceA,bsf,393,207.8,122.2,0,4,,0.0476
traceA,bsf,394,208.7,122.2,0,4,,0.0476
traceA,bsf,395,208.6,122.4,0,4,,0.0476
traceA,bsf,396,208.6,121.6,0,4,,0.0476
traceA,bsf,397,208.7,122.1,0,4,,0.0476
traceA,bsf,398,208.7,122.2,0,4,,0.0476
traceA,bsf,399,208.7,121.9,0,4,,0.0476
traceA,bsf,400,206.5,122.2,0,4,,0.0476
traceA,bsf,401,208.7,122.2,0,4,,0.0476
traceA,bsf,402,208.4,121.8,0,4,,0.0476
traceA,bsf,403,207.0,121.7,0,4,,0.0476
traceA,bsf,404,196.6,122.8,0,4,,0.0476
traceA,bsf,405,207.8,122.0,0,4,,0.0476
traceA,bsf,406,208.4,122.0,0,4,,0.0476
traceA,bsf,407,208.7,123.0,0,4,,0.0476
traceA,bsf,408,208.4,121.5,0,4,,0.0476
traceA,bsf,409,208.1,121.7,0,4,,0.0476
traceA,bsf,410,208.4,122.0,0,4,,0.0476
traceA,bsf,411,208.7,122.4,0,4,,0.0476
traceA,bsf,412,208.4,122.1,0,4,,0.0476
traceA,bsf,413,205.8,122.4,0,4,,0.0476
traceA,bsf,414,208.3,124.3,0,4,,0.0476
traceA,bsf,415,208.7,122.9,0,4,,0.0476
traceA,bsf,416,206.9,123.7,0,4,,0.0476
traceA,bsf,417,206.8,121.0,0,4,,0.0476
traceA,bsf,418,208.6,121.7,0,4,,0.0476
traceA,bsf,419,208.7,123.5,0,4,,0.0476
traceA,bsf,420,208.6,122.3,0,4,,0.0476
traceA,bsf,421,208.2,122.4,0,4,,0.0476
traceA,bsf,422,208.7,121.9,0,4,,0.0476
traceA,bsf,423,208.2,121.7,0,4,,0.0476
traceA,bsf,424,208.7,121.9,0,4,,0.0476
traceA,bsf,425,208.7,122.9,0,4,,0.0476
traceA,bsf,426,207.5,123.2,0,4,,0.0476
traceA,bsf,427,208.7,122.2,0,4,,0.0476
traceA,bsf,428,206.7,123.1,0,4,,0.0476
traceA,bsf,429,207.1,122.0,0,4,,0.0476
traceA,bsf,430,207.7,121.5,0,4,,0.0476
traceA,bsf,431,208.4,121.0,0,4,,0.0476
traceA,bsf,432,208.3,122.2,0,4,,0.0476
traceA,bsf,433,207.7,122.3,0,4,,0.0476
traceA,bsf,434,208.4,121.3,0,4,,0.0476
traceA,bsf,435,206.9,122.2,0,4,,0.0476
traceA,bsf,436,208.0,122.1,0,4,,0.0476
traceA,bsf,437,208.3,122.4,0,4,,0.0476
traceA,bsf,438,208.4,122.2,0,4,,0.0476
traceA,bsf,439,205.8,121.9,0,4,,0.0476
traceA,bsf,440,208.2,122.6,0,4,,0.0476
traceA,bsf,441,208.4,123.4,0,4,,0.0476
traceA,bsf,442,208.2,122.5,0,4,,0.0476
traceA,bsf,443,208.4,122.4,0,4,,0.0476
traceA,bsf,444,208.4,122.3,0,4,,0.0476
traceA,bsf,445,177.8,122.2,0,4,,0.0476
traceA,bsf,446,205.1,121.9,0,4,,0.0476
traceA,bsf,447,208.6,122.7,0,4,,0.0476
traceA,bsf,448,207.1,123.7,0,4,,0.0476
traceA,bsf,449,208.6,122.0,0,4,,0.0476
traceA,bsf,450,208.6,122.8,0,4,,0.0476
traceA,bsf,451,208.7,122.3,0,4,,0.0476
traceA,bsf,452,208.6,122.3,0,4,,0.0476
traceA,bsf,453,208.7,121.4,0,4,,0.0476
traceA,bsf,454,203.3,122.3,0,4,,0.0476
traceA,bsf,455,208.7,122.0,0,4,,0.0476
traceA,bsf,456,208.7,122.4,0,4,,0.0476
traceA,bsf,457,206.9,122.2,0,4,,0.0476
traceA,bsf,458,206.8,122.5,0,4,,0.0476
traceA,bsf,459,208.5,121.8,0,4,,0.0476
traceA,bsf,460,208.7,122.3,0,4,,0.0476
traceA,bsf,461,208.6,122.1,0,4,,0.0476
traceA,bsf,462,208.5,122.5,0,4,,0.0476
traceA,bsf,463,208.3,123.3,0,4,,0.0476
traceA,bsf,464,208.7,122.5,0,4,,0.0476
traceA,bsf,465,208.7,121.2,0,4,,0.0476
traceA,bsf,466,208.4,122.4,0,4,,0.0476
traceA,bsf,467,208.4,122.2,0,4,,0.0476
traceA,bsf,468,208.5,121.6,0,4,,0.0476
traceA,bsf,469,208.5,121.9,0,4,,0.0476
traceA,bsf,470,203.7,123.1,0,4,,0.0476
traceA,bsf,471,208.5,121.8,0,4,,0.0476
traceA,bsf,472,208.5,121.7,0,4,,0.0476
traceA,bsf,473,183.2,122.1,0,4,,0.0476
traceA,bsf,474,206.7,122.2,0,4,,0.0476
traceA,bsf,475,208.7,122.7,0,4,,0.0476
traceA,bsf,476,208.7,122.0,0,4,,0.0476
traceA,bsf,477,208.4,122.0,0,4,,0.0476
traceA,bsf,478,208.5,122.9,0,4,,0.0476
traceA,bsf,479,205.0,122.4,0,4,,0.0476
traceA,bsf,480,207.7,122.4,0,4,,0.0476
traceA,bsf,481,208.5,122.4,0,4,,0.0476
traceA,bsf,482,206.2,122.6,0,4,,0.0476
traceA,bsf,483,208.5,122.4,0,4,,0.0476
traceA,bsf,484,208.5,122.7,0,4,,0.0476
traceA,bsf,485,208.5,122.3,0,4,,0.0476
traceA,bsf,486,207.7,122.2,0,4,,0.0476
traceA,bsf,487,208.6,122.1,0,4,,0.0476
traceA,bsf,488,206.3,122.5,0,4,,0.0476
traceA,bsf,489,208.7,122.9,0,4,,0.0476
traceA,bsf,490,208.7,122.9,0,4,,0.0476
traceA,bsf,491,208.7,122.4,0,4,,0.0476
traceA,bsf,492,208.7,122.9,0,4,,0.0476
traceA,bsf,493,208.5,122.3,0,4,,0.0476
traceA,bsf,494,208.7,122.2,0,4,,0.0476
traceA,bsf,495,208.7,121.9,0,4,,0.0476
traceA,bsf,496,208.7,122.0,0,4,,0.0476
traceA,bsf,497,206.3,121.8,0,4,,0.0476
traceA,bsf,498,208.7,121.9,0,4,,0.0476
traceA,bsf,499,207.0,122.3,0,4,,0.0476
traceA,bsf,500,159.4,122.4,0,4,,0.0476
traceA,bsf,501,199.4,122.3,0,4,,0.0476
traceA,bsf,502,206.6,122.2,0,4,,0.0476
traceA,bsf,503,207.7,122.2,0,4,,0.0476
traceA,bsf,504,208.7,121.8,0,4,,0.0476
traceA,bsf,505,206.9,121.6,0,4,,0.0476
traceA,bsf,506,207.2,122.6,0,4,,0.0476
traceA,bsf,507,208.5,122.3,0,4,,0.0476
traceA,bsf,508,204.7,122.3,0,4,,0.0476
traceA,bsf,509,208.3,121.9,0,4,,0.0476
traceA,bsf,510,207.6,121.8,0,4,,0.0476
traceA,bsf,511,207.5,122.2,0,4,,0.0476
traceA,bsf,512,208.0,121.8,0,4,,0.0476
traceA,bsf,513,208.5,121.8,0,4,,0.0476
traceA,bsf,514,208.5,122.0,0,4,,0.0476
traceA,bsf,515,208.4,121.9,0,4,,0.0476
traceA,bsf,516,207.7,121.5,0,4,,0.0476
traceA,bsf,517,203.3,122.3,0,4,,0.0476
traceA,bsf,518,208.4,121.8,0,4,,0.0476
traceA,bsf,519,208.0,122.2,0,4,,0.0476
traceA,bsf,520,191.3,120.9,0,4,,0.0476
traceA,bsf,521,201.0,122.3,0,4,,0.0476
traceA,bsf,522,208.5,121.9,0,4,,0.0476
traceA,bsf,523,190.7,121.5,0,4,,0.0476
traceA,bsf,524,208.4,121.8,0,4,,0.0476
traceA,bsf,525,208.5,121.9,0,4,,0.0476
traceA,bsf,526,205.0,121.4,0,4,,0.0476
traceA,bsf,527,208.7,122.9,0,4,,0.0476
traceA,bsf,528,208.7,122.6,0,4,,0.0476
traceA,bsf,529,208.7,122.6,0,4,,0.0476
traceA,bsf,530,208.7,121.2,0,4,,0.0476
traceA,bsf,531,208.7,123.8,0,4,,0.0476
traceA,bsf,532,208.4,120.9,0,4,,0.0476
traceA,bsf,533,208.0,121.3,0,4,,0.0476
traceA,bsf,534,207.0,121.3,0,4,,0.0476
traceA,bsf,535,208.7,121.5,0,4,,0.0476
traceA,bsf,536,208.5,120.4,0,4,,0.0476
traceA,bsf,537,208.6,121.6,0,4,,0.0476
traceA,bsf,538,208.5,120.8,0,4,,0.0476
traceA,bsf,539,208.5,120.9,0,4,,0.0476
traceA,bsf,540,203.8,120.0,0,4,,0.0476
traceA,bsf,541,193.7,120.0,0,4,,0.0476
traceA,bsf,542,208.6,120.6,0,4,,0.0476
traceA,bsf,543,208.4,120.3,0,4,,0.0476
traceA,bsf,544,208.6,121.4,0,4,,0.0476
traceA,bsf,545,208.6,121.9,0,4,,0.0476
traceA,bsf,546,204.9,121.5,0,4,,0.0476
traceA,bsf,547,208.6,121.2,0,4,,0.0476
traceA,bsf,548,208.6,120.7,0,4,,0.0476
traceA,bsf,549,208.4,120.3,0,4,,0.0476
traceA,bsf,550,208.4,120.3,0,4,,0.0476
traceA,bsf,551,208.5,120.3,0,4,,0.0476
traceA,bsf,552,208.5,121.2,0,4,,0.0476
traceA,bsf,553,204.5,121.2,0,4,,0.0476
traceA,bsf,554,208.4,121.9,0,4,,0.0476
traceA,bsf,555,208.5,120.6,0,4,,0.0476
traceA,bsf,556,208.2,120.7,0,4,,0.0476
traceA,bsf,557,208.0,120.8,0,4,,0.0476
traceA,bsf,558,208.5,120.3,0,4,,0.0476
traceA,bsf,559,208.6,121.6,0,4,,0.0476
traceA,bsf,560,208.5,121.5,0,4,,0.0476
traceA,bsf,561,207.6,121.0,0,4,,0.0476
traceA,bsf,562,208.5,120.8,0,4,,0.0476
traceA,bsf,563,180.5,122.3,0,4,,0.0476
traceA,bsf,564,208.5,121.4,0,4,,0.0476
traceA,bsf,565,208.6,121.4,0,4,,0.0476
traceA,bsf,566,208.4,121.5,0,4,,0.0476
traceA,bsf,567,208.6,121.9,0,4,,0.0476
traceA,bsf,568,208.5,122.0,0,4,,0.0476
traceA,bsf,569,208.6,122.3,0,4,,0.0476
traceA,bsf,570,208.5,122.0,0,4,,0.0476
traceA,bsf,571,208.4,122.1,0,4,,0.0476
traceA,bsf,572,205.8,123.0,0,4,,0.0476
traceA,bsf,573,208.5,123.1,0,4,,0.0476
traceA,bsf,574,208.5,121.8,0,4,,0.0476
traceA,bsf,575,208.6,122.3,0,4,,0.0476
traceA,bsf,576,208.5,122.0,0,4,,0.0476
traceA,bsf,577,208.6,122.0,0,4,,0.0476
traceA,bsf,578,174.4,121.5,0,4,,0.0476
traceA,bsf,579,204.8,121.8,0,4,,0.0476
traceA,bsf,580,207.2,122.3,0,4,,0.0476
traceA,bsf,581,208.6,122.3,0,4,,0.0476
traceA,bsf,582,208.3,122.0,0,4,,0.0476
traceA,bsf,583,208.5,122.7,0,4,,0.0476
traceA,bsf,584,199.1,121.6,0,4,,0.0476
traceA,bsf,585,203.8,122.3,0,4,,0.0476
traceA,bsf,586,206.9,122.1,0,4,,0.0476
traceA,bsf,587,208.6,121.9,0,4,,0.0476
traceA,bsf,588,208.5,122.5,0,4,,0.0476
traceA,bsf,589,207.9,121.9,0,4,,0.0476
traceA,bsf,590,208.1,121.8,0,4,,0.0476
traceA,bsf,591,208.2,121.8,0,4,,0.0476
traceA,bsf,592,208.5,121.5,0,4,,0.0476
traceA,bsf,593,207.8,122.0,0,4,,0.0476
traceA,bsf,594,208.5,121.9,0,4,,0.0476
traceA,bsf,595,208.5,121.7,0,4,,0.0476
traceA,bsf,596,208.4,124.1,0,4,,0.0476
traceA,bsf,597,208.5,122.5,0,4,,0.0476
traceA,bsf,598,208.5,123.1,0,4,,0.0476
traceA,bsf,599,208.5,121.5,0,4,,0.0476
traceA,bsf,600,207.7,121.6,0,4,,0.0476
traceA,bsf,601,208.5,121.8,0,4,,0.0476
traceA,bsf,602,208.5,121.7,0,4,,0.0476
traceA,bsf,603,208.4,122.3,0,4,,0.0476
traceA,bsf,604,208.5,122.3,0,4,,0.0476
traceA,bsf,605,208.5,122.4,0,4,,0.0476
traceA,bsf,606,208.4,123.7,0,4,,0.0476
traceA,bsf,607,208.5,123.9,0,4,,0.0476
traceA,bsf,608,207.6,123.6,0,4,,0.0476
traceA,bsf,609,208.4,121.5,0,4,,0.0476
traceA,bsf,610,207.7,123.5,0,4,,0.0476
traceA,bsf,611,208.6,121.6,0,4,,0.0476
traceA,bsf,612,208.5,122.5,0,4,,0.0476
traceA,bsf,613,208.2,122.1,0,4,,0.0476
traceA,bsf,614,208.3,123.2,0,4,,0.0476
traceA,bsf,615,207.0,122.0,0,4,,0.0476
traceA,bsf,616,208.4,122.1,0,4,,0.0476
traceA,bsf,617,208.3,122.0,0,4,,0.0476
traceA,bsf,618,208.5,122.5,0,4,,0.0476
traceA,bsf,619,208.5,122.1,0,4,,0.0476
traceA,bsf,620,208.3,122.0,0,4,,0.0476
traceA,bsf,621,208.3,121.9,0,4,,0.0476
traceA,bsf,622,208.5,122.1,0,4,,0.0476
traceA,bsf,623,208.6,122.1,0,4,,0.0476
traceA,bsf,624,208.5,120.7,0,4,,0.0476
traceA,bsf,625,208.5,122.2,0,4,,0.0476
traceA,bsf,626,208.5,121.6,0,4,,0.0476
traceA,bsf,627,208.5,122.4,0,4,,0.0476
traceA,bsf,628,198.8,121.5,0,4,,0.0476
traceA,bsf,629,208.5,123.2,0,4,,0.0476
traceA,bsf,630,206.0,122.3,0,4,,0.0476
traceA,bsf,631,208.5,122.6,0,4,,0.0476
traceA,bsf,632,208.6,122.2,0,4,,0.0476
traceA,bsf,633,208.5,121.5,0,4,,0.0476
traceA,bsf,634,207.7,120.9,0,4,,0.0476
traceA,bsf,635,208.3,122.4,0,4,,0.0476
traceA,bsf,636,208.5,121.2,0,4,,0.0476
traceA,bsf,637,208.5,122.1,0,4,,0.0476
traceA,bsf,638,208.5,121.4,0,4,,0.0476
traceA,bsf,639,208.6,121.9,0,4,,0.0476
traceA,bsf,640,207.9,122.0,0,4,,0.0476
traceA,bsf,641,208.6,122.3,0,4,,0.0476
traceA,bsf,642,208.4,121.9,0,4,,0.0476
traceA,bsf,643,208.3,121.8,0,4,,0.0476
traceA,bsf,644,208.4,121.9,0,4,,0.0476
traceA,bsf,645,208.6,123.1,0,4,,0.0476
traceA,bsf,646,206.8,122.1,0,4,,0.0476
traceA,bsf,647,208.5,122.2,0,4,,0.0476
traceA,bsf,648,208.0,121.5,0,4,,0.0476
traceA,bsf,649,206.1,121.8,0,4,,0.0476
traceA,bsf,650,208.1,121.8,0,4,,0.0476
traceA,bsf,651,208.5,122.4,0,4,,0.0476
traceA,bsf,652,208.4,121.7,0,4,,0.0476
traceA,bsf,653,208.6,122.7,0,4,,0.0476
traceA,bsf,654,208.5,122.3,0,4,,0.0476
traceA,bsf,655,208.6,123.5,0,4,,0.0476
traceA,bsf,656,208.0,121.8,0,4,,0.0476
traceA,bsf,657,208.5,121.2,0,4,,0.0476
traceA,bsf,658,208.5,121.6,0,4,,0.0476
traceA,bsf,659,208.6,121.3,0,4,,0.0476
traceA,bsf,660,207.7,121.9,0,4,,0.0476
traceA,bsf,661,208.6,121.5,0,4,,0.0476
traceA,bsf,662,207.9,122.4,0,4,,0.0476
traceA,bsf,663,208.5,122.3,0,4,,0.0476
traceA,bsf,664,206.9,121.7,0,4,,0.0476
traceA,bsf,665,202.8,121.7,0,4,,0.0476
traceA,bsf,666,208.2,122.2,0,4,,0.0476
traceA,bsf,667,208.5,121.9,0,4,,0.0476
traceA,bsf,668,208.6,121.7,0,4,,0.0476
traceA,bsf,669,208.6,122.1,0,4,,0.0476
traceA,bsf,670,208.6,122.6,0,4,,0.0476
traceA,bsf,671,208.5,122.1,0,4,,0.0476
traceA,bsf,672,208.3,122.1,0,4,,0.0476
traceA,bsf,673,206.4,121.9,0,4,,0.0476
traceA,bsf,674,208.6,121.2,0,4,,0.0476
traceA,bsf,675,208.6,121.7,0,4,,0.0476
traceA,bsf,676,208.5,121.1,0,4,,0.0476
traceA,bsf,677,208.6,121.6,0,4,,0.0476
traceA,bsf,678,194.6,122.0,0,4,,0.0476
traceA,bsf,679,208.6,121.7,0,4,,0.0476
traceA,bsf,680,208.6,122.2,0,4,,0.0476
traceA,bsf,681,208.2,122.0,0,4,,0.0476
traceA,bsf,682,208.4,121.9,0,4,,0.0476
traceA,bsf,683,208.6,121.8,0,4,,0.0476
traceA,bsf,684,208.6,123.7,0,4,,0.0476
traceA,bsf,685,208.6,122.1,0,4,,0.0476
traceA,bsf,686,208.6,120.9,0,4,,0.0476
traceA,bsf,687,208.6,122.4,0,4,,0.0476
traceA,bsf,688,208.5,123.1,0,4,,0.0476
traceA,bsf,689,208.6,124.1,0,4,,0.0476
traceA,bsf,690,206.6,123.5,0,4,,0.0476
traceA,bsf,691,208.6,123.0,0,4,,0.0476
traceA,bsf,692,208.6,121.4,0,4,,0.0476
traceA,bsf,693,208.6,122.0,0,4,,0.0476
traceA,bsf,694,208.6,122.0,0,4,,0.0476
traceA,bsf,695,208.6,122.3,0,4,,0.0476
traceA,bsf,696,206.9,121.2,0,4,,0.0476
traceA,bsf,697,208.6,122.9,0,4,,0.0476
traceA,bsf,698,206.5,121.0,0,4,,0.0476
traceA,bsf,699,192.7,122.1,0,4,,0.0476
traceA,bsf,700,191.5,123.6,0,4,,0.0476
traceA,bsf,701,208.6,121.9,0,4,,0.0476
traceA,bsf,702,208.6,122.6,0,4,,0.0476
traceA,bsf,703,208.6,122.6,0,4,,0.0476
traceA,bsf,704,208.6,122.6,0,4,,0.0476
traceA,bsf,705,208.6,122.1,0,4,,0.0476
traceA,bsf,706,206.4,122.5,0,4,,0.0476
traceA,bsf,707,208.6,121.8,0,4,,0.0476
traceA,bsf,708,194.9,121.7,0,4,,0.0476
traceA,bsf,709,208.6,122.7,0,4,,0.0476
traceA,bsf,710,208.5,121.4,0,4,,0.0476
traceA,bsf,711,208.5,121.2,0,4,,0.0476
traceA,bsf,712,208.6,121.0,0,4,,0.0476
traceA,bsf,713,208.6,121.1,0,4,,0.0476
traceA,bsf,714,202.3,120.6,0,4,,0.0476
traceA,bsf,715,192.0,121.7,0,4,,0.0476
traceA,bsf,716,208.5,120.9,0,4,,0.0476
traceA,bsf,717,208.6,121.8,0,4,,0.0476
traceA,bsf,718,208.5,121.7,0,4,,0.0476
traceA,bsf,719,207.2,121.2,0,4,,0.0476
traceA,bsf,720,206.8,121.6,0,4,,0.0476
traceA,bsf,721,207.7,121.9,0,4,,0.0476
traceA,bsf,722,208.5,122.1,0,4,,0.0476
traceA,bsf,723,208.6,122.4,0,4,,0.0476
traceA,bsf,724,207.8,121.3,0,4,,0.0476
traceA,bsf,725,208.6,122.1,0,4,,0.0476
traceA,bsf,726,208.5,121.8,0,4,,0.0476
traceA,bsf,727,208.3,121.7,0,4,,0.0476
traceA,bsf,728,208.6,123.3,0,4,,0.0476
traceA,bsf,729,208.7,122.8,0,4,,0.0476
traceA,bsf,730,208.7,122.6,0,4,,0.0476
traceA,bsf,731,208.6,122.6,0,4,,0.0476
traceA,bsf,732,208.6,121.6,0,4,,0.0476
traceA,bsf,733,208.3,122.0,0,4,,0.0476
traceA,bsf,734,207.7,121.6,0,4,,0.0476
traceA,bsf,735,208.6,122.1,0,4,,0.0476
traceA,bsf,736,207.2,121.5,0,4,,0.0476
traceA,bsf,737,207.5,121.7,0,4,,0.0476
traceA,bsf,738,208.5,123.7,0,4,,0.0476
traceA,bsf,739,208.5,121.0,0,4,,0.0476
traceA,bsf,740,204.6,121.2,0,4,,0.0476
traceA,bsf,741,208.6,122.2,0,4,,0.0476
traceA,bsf,742,208.7,121.8,0,4,,0.0476
traceA,bsf,743,207.9,121.7,0,4,,0.0476
traceA,bsf,744,207.3,120.3,0,4,,0.0476
traceA,bsf,745,208.7,121.7,0,4,,0.0476
traceA,bsf,746,207.6,122.0,0,4,,0.0476
traceA,bsf,747,208.7,122.1,0,4,,0.0476
traceA,bsf,748,208.6,121.8,0,4,,0.0476
traceA,bsf,749,208.7,121.9,0,4,,0.0476
traceA,bsf,750,208.7,122.0,0,4,,0.0476
traceA,bsf,751,208.7,120.9,0,4,,0.0476
traceA,bsf,752,208.6,122.1,0,4,,0.0476
traceA,bsf,753,206.2,121.8,0,4,,0.0476
traceA,bsf,754,208.6,121.6,0,4,,0.0476
traceA,bsf,755,208.7,120.5,0,4,,0.0476
traceA,bsf,756,208.6,121.9,0,4,,0.0476
traceA,bsf,757,208.7,121.6,0,4,,0.0476
traceA,bsf,758,208.4,121.1,0,4,,0.0476
traceA,bsf,759,208.7,121.5,0,4,,0.0476
traceA,bsf,760,208.5,121.6,0,4,,0.0476
traceA,bsf,761,208.7,121.8,0,4,,0.0476
traceA,bsf,762,208.7,122.3,0,4,,0.0476
traceA,bsf,763,208.3,122.0,0,4,,0.0476
traceA,bsf,764,208.6,122.3,0,4,,0.0476
traceA,bsf,765,208.7,121.7,0,4,,0.0476
traceA,bsf,766,208.6,121.4,0,4,,0.0476
traceA,bsf,767,208.7,121.0,0,4,,0.0476
traceA,bsf,768,208.5,120.6,0,4,,0.0476
traceA,bsf,769,208.7,120.0,0,4,,0.0476
traceA,bsf,770,208.7,120.7,0,4,,0.0476
traceA,bsf,771,208.7,120.9,0,4,,0.0476
traceA,bsf,772,208.5,120.2,0,4,,0.0476
traceA,bsf,773,208.0,120.8,0,4,,0.0476
traceA,bsf,774,208.6,120.9,0,4,,0.0476
traceA,bsf,775,208.5,120.5,0,4,,0.0476
traceA,bsf,776,208.4,121.1,0,4,,0.0476
traceA,bsf,777,208.7,120.6,0,4,,0.0476
traceA,bsf,778,207.0,121.4,0,4,,0.0476
traceA,bsf,779,207.4,120.9,0,4,,0.0476
traceA,bsf,780,206.6,121.9,0,4,,0.0476
traceA,bsf,781,208.6,120.3,0,4,,0.0476
traceA,bsf,782,208.5,121.4,0,4,,0.0476
traceA,bsf,783,208.5,121.1,0,4,,0.0476
traceA,bsf,784,208.5,121.5,0,4,,0.0476
traceA,bsf,785,208.5,120.9,0,4,,0.0476
traceA,bsf,786,208.2,121.4,0,4,,0.0476
traceA,bsf,787,208.6,121.3,0,4,,0.0476
traceA,bsf,788,208.5,121.6,0,4,,0.0476
traceA,bsf,789,179.7,120.9,0,4,,0.0476
traceA,bsf,790,208.5,121.7,0,4,,0.0476
traceA,bsf,791,207.1,121.2,0,4,,0.0476
traceA,bsf,792,208.6,120.8,0,4,,0.0476
traceA,bsf,793,207.4,121.7,0,4,,0.0476
traceA,bsf,794,208.6,122.3,0,4,,0.0476
traceA,bsf,795,208.5,121.4,0,4,,0.0476
traceA,bsf,796,208.5,122.0,0,4,,0.0476
traceA,bsf,797,208.5,121.5,0,4,,0.0476
traceA,bsf,798,208.5,121.9,0,4,,0.0476
traceA,bsf,799,208.4,121.6,0,4,,0.0476
traceA,bsf,800,206.9,121.7,0,4,,0.0476
traceA,bsf,801,208.5,122.6,0,4,,0.0476
traceA,bsf,802,208.6,121.3,0,4,,0.0476
traceA,bsf,803,208.5,121.5,0,4,,0.0476
traceA,bsf,804,208.5,121.7,0,4,,0.0476
traceA,bsf,805,208.5,121.7,0,4,,0.0476
traceA,bsf,806,207.4,122.1,0,4,,0.0476
traceA,bsf,807,208.6,122.0,0,4,,0.0476
traceA,bsf,808,208.7,122.2,0,4,,0.0476
traceA,bsf,809,208.7,121.7,0,4,,0.0476
traceA,bsf,810,208.6,122.0,0,4,,0.0476
traceA,bsf,811,208.7,122.1,0,4,,0.0476
traceA,bsf,812,208.6,121.5,0,4,,0.0476
traceA,bsf,813,208.7,121.8,0,4,,0.0476
traceA,bsf,814,208.7,122.5,0,4,,0.0476
traceA,bsf,815,208.7,122.1,0,4,,0.0476
traceA,bsf,816,208.6,122.5,0,4,,0.0476
traceA,bsf,817,208.7,122.2,0,4,,0.0476
traceA,bsf,818,208.7,123.4,0,4,,0.0476
traceA,bsf,819,207.4,122.6,0,4,,0.0476
traceA,bsf,820,208.5,122.4,0,4,,0.0476
traceA,bsf,821,208.4,123.3,0,4,,0.0476
traceA,bsf,822,208.5,122.9,0,4,,0.0476
traceA,bsf,823,207.5,123.7,0,4,,0.0476
traceA,bsf,824,208.0,123.6,0,4,,0.0476
traceA,bsf,825,208.5,122.0,0,4,,0.0476
traceA,bsf,826,208.5,124.3,0,4,,0.0476
traceA,bsf,827,208.5,121.5,0,4,,0.0476
traceA,bsf,828,208.1,122.4,0,4,,0.0476
traceA,bsf,829,208.7,122.8,0,4,,0.0476
traceA,bsf,830,208.6,124.0,0,4,,0.0476
traceA,bsf,831,208.7,123.5,0,4,,0.0476
traceA,bsf,832,208.7,121.5,0,4,,0.0476
traceA,bsf,833,208.7,122.3,0,4,,0.0476
traceA,bsf,834,208.6,121.6,0,4,,0.0476
traceA,bsf,835,207.7,122.9,0,4,,0.0476
traceA,bsf,836,208.6,121.8,0,4,,0.0476
traceA,bsf,837,208.7,122.6,0,4,,0.0476
traceA,bsf,838,205.9,122.8,0,4,,0.0476
traceA,bsf,839,208.2,122.3,0,4,,0.0476
traceA,bsf,840,208.7,122.4,0,4,,0.0476
traceA,bsf,841,208.7,122.0,0,4,,0.0476
traceA,bsf,842,208.7,122.6,0,4,,0.0476
traceA,bsf,843,208.7,122.0,0,4,,0.0476
traceA,bsf,844,208.7,122.7,0,4,,0.0476
traceA,bsf,845,208.7,122.4,0,4,,0.0476
traceA,bsf,846,208.6,122.0,0,4,,0.0476
traceA,bsf,847,208.1,123.2,0,4,,0.0476
traceA,bsf,848,208.7,121.9,0,4,,0.0476
traceA,bsf,849,208.7,123.0,0,4,,0.0476
traceA,bsf,850,195.2,122.3,0,4,,0.0476
traceA,bsf,851,208.7,122.4,0,4,,0.0476
traceA,bsf,852,208.6,121.9,0,4,,0.0476
traceA,bsf,853,208.7,122.2,0,4,,0.0476
traceA,bsf,854,208.2,122.1,0,4,,0.0476
traceA,bsf,855,206.8,122.4,0,4,,0.0476
traceA,bsf,856,208.6,122.3,0,4,,0.0476
traceA,bsf,857,208.6,122.0,0,4,,0.0476
traceA,bsf,858,208.6,123.1,0,4,,0.0476
traceA,bsf,859,204.8,122.1,0,4,,0.0476
traceA,bsf,860,207.0,121.9,0,4,,0.0476
traceA,bsf,861,207.8,121.5,0,4,,0.0476
traceA,bsf,862,208.0,123.3,0,4,,0.0476
traceA,bsf,863,208.7,121.6,0,4,,0.0476
traceA,bsf,864,208.6,121.8,0,4,,0.0476
traceA,bsf,865,208.7,122.1,0,4,,0.0476
traceA,bsf,866,205.6,122.8,0,4,,0.0476
traceA,bsf,867,208.5,121.4,0,4,,0.0476
traceA,bsf,868,166.1,122.4,0,4,,0.0476
traceA,bsf,869,208.0,122.1,0,4,,0.0476
traceA,bsf,870,208.6,122.1,0,4,,0.0476
traceA,bsf,871,208.6,122.0,0,4,,0.0476
traceA,bsf,872,208.6,122.2,0,4,,0.0476
traceA,bsf,873,196.2,121.7,0,4,,0.0476
traceA,bsf,874,208.7,122.6,0,4,,0.0476
traceA,bsf,875,208.3,122.3,0,4,,0.0476
traceA,bsf,876,208.6,122.5,0,4,,0.0476
traceA,bsf,877,208.7,121.6,0,4,,0.0476
traceA,bsf,878,206.6,122.2,0,4,,0.0476
traceA,bsf,879,208.7,122.2,0,4,,0.0476
traceA,bsf,880,207.4,121.8,0,4,,0.0476
traceA,bsf,881,208.7,122.2,0,4,,0.0476
traceA,bsf,882,206.9,122.0,0,4,,0.0476
traceA,bsf,883,208.7,121.8,0,4,,0.0476
traceA,bsf,884,208.5,121.8,0,4,,0.0476
traceA,bsf,885,208.7,121.3,0,4,,0.0476
traceA,bsf,886,208.6,122.0,0,4,,0.0476
traceA,bsf,887,207.5,121.8,0,4,,0.0476
traceA,bsf,888,206.9,122.3,0,4,,0.0476
traceA,bsf,889,208.4,122.3,0,4,,0.0476
traceA,bsf,890,208.4,121.6,0,4,,0.0476
traceA,bsf,891,208.4,121.9,0,4,,0.0476
traceA,bsf,892,208.4,122.4,0,4,,0.0476
traceA,bsf,893,207.7,122.6,0,4,,0.0476
traceA,bsf,894,208.4,122.3,0,4,,0.0476
traceA,bsf,895,208.4,122.0,0,4,,0.0476
traceA,bsf,896,208.4,122.3,0,4,,0.0476
traceA,bsf,897,208.4,122.1,0,4,,0.0476
traceA,bsf,898,207.2,122.7,0,4,,0.0476
traceA,bsf,899,208.4,123.1,0,4,,0.0476
traceA,bsf,900,207.0,122.3,0,4,,0.0476
traceA,bsf,901,208.4,122.3,0,4,,0.0476
traceA,bsf,902,206.6,122.6,0,4,,0.0476
traceA,bsf,903,207.9,122.4,0,4,,0.0476
traceA,bsf,904,208.4,123.5,0,4,,0.0476
traceA,bsf,905,208.4,121.8,0,4,,0.0476
traceA,bsf,906,203.0,123.2,0,4,,0.0476
traceA,bsf,907,208.7,123.0,0,4,,0.0476
traceA,bsf,908,208.6,122.1,0,4,,0.0476
traceA,bsf,909,208.7,122.3,0,4,,0.0476
traceA,bsf,910,208.1,121.5,0,4,,0.0476
traceA,bsf,911,208.7,122.2,0,4,,0.0476
traceA,bsf,912,208.6,122.7,0,4,,0.0476
traceA,bsf,913,208.5,121.8,0,4,,0.0476
traceA,bsf,914,208.2,122.5,0,4,,0.0476
traceA,bsf,915,208.6,122.1,0,4,,0.0476
traceA,bsf,916,192.7,121.3,0,4,,0.0476
traceA,bsf,917,201.2,122.4,0,4,,0.0476
traceA,bsf,918,208.4,122.6,0,4,,0.0476
traceA,bsf,919,208.4,122.1,0,4,,0.0476
traceA,bsf,920,208.4,122.1,0,4,,0.0476
traceA,bsf,921,204.6,121.8,0,4,,0.0476
traceA,bsf,922,208.5,122.4,0,4,,0.0476
traceA,bsf,923,208.7,122.4,0,4,,0.0476
traceA,bsf,924,208.5,122.4,0,4,,0.0476
traceA,bsf,925,208.7,122.2,0,4,,0.0476
traceA,bsf,926,208.6,121.9,0,4,,0.0476
traceA,bsf,927,208.7,122.3,0,4,,0.0476
traceA,bsf,928,208.4,122.4,0,4,,0.0476
traceA,bsf,929,208.7,122.1,0,4,,0.0476
traceA,bsf,930,207.8,123.0,0,4,,0.0476
traceA,bsf,931,208.7,122.9,0,4,,0.0476
traceA,bsf,932,208.5,122.8,0,4,,0.0476
traceA,bsf,933,208.5,121.5,0,4,,0.0476
traceA,bsf,934,206.8,122.2,0,4,,0.0476
traceA,bsf,935,208.7,121.6,0,4,,0.0476
traceA,bsf,936,208.6,123.0,0,4,,0.0476
traceA,bsf,937,208.7,121.7,0,4,,0.0476
traceA,bsf,938,202.4,122.2,0,4,,0.0476
traceA,bsf,939,206.7,123.5,0,4,,0.0476
traceA,bsf,940,208.0,122.1,0,4,,0.0476
traceA,bsf,941,208.7,122.2,0,4,,0.0476
traceA,bsf,942,206.8,121.6,0,4,,0.0476
traceA,bsf,943,208.0,121.9,0,4,,0.0476
traceA,bsf,944,207.8,122.9,0,4,,0.0476
traceA,bsf,945,208.5,123.5,0,4,,0.0476
traceA,bsf,946,208.6,122.1,0,4,,0.0476
traceA,bsf,947,208.6,122.3,0,4,,0.0476
traceA,bsf,948,208.6,121.3,0,4,,0.0476
traceA,bsf,949,208.7,121.8,0,4,,0.0476
traceA,bsf,950,208.3,122.1,0,4,,0.0476
traceA,bsf,951,208.5,122.0,0,4,,0.0476
traceA,bsf,952,208.6,122.2,0,4,,0.0476
traceA,bsf,953,208.6,123.1,0,4,,0.0476
traceA,bsf,954,208.6,122.2,0,4,,0.0476
traceA,bsf,955,208.5,122.2,0,4,,0.0476
traceA,bsf,956,208.5,122.0,0,4,,0.0476
traceA,bsf,957,208.5,122.1,0,4,,0.0476
traceA,bsf,958,208.5,121.8,0,4,,0.0476
traceA,bsf,959,202.9,121.2,0,4,,0.0476
traceA,bsf,960,208.5,122.1,0,4,,0.0476
traceA,bsf,961,208.5,122.1,0,4,,0.0476
traceA,bsf,962,205.9,121.5,0,4,,0.0476
traceA,bsf,963,207.6,122.3,0,4,,0.0476
traceA,bsf,964,204.7,122.2,0,4,,0.0476
traceA,bsf,965,199.5,122.0,0,4,,0.0476
traceA,bsf,966,208.6,122.0,0,4,,0.0476
traceA,bsf,967,208.7,121.6,0,4,,0.0476
traceA,bsf,968,208.7,121.8,0,4,,0.0476
traceA,bsf,969,208.5,121.5,0,4,,0.0476
traceA,bsf,970,199.5,121.7,0,4,,0.0476
traceA,bsf,971,208.7,121.6,0,4,,0.0476
traceA,bsf,972,200.0,122.0,0,4,,0.0476
traceA,bsf,973,208.6,121.6,0,4,,0.0476
traceA,bsf,974,207.0,121.5,0,4,,0.0476
traceA,bsf,975,208.7,121.9,0,4,,0.0476
traceA,bsf,976,208.6,122.3,0,4,,0.0476
traceA,bsf,977,208.7,122.2,0,4,,0.0476
traceA,bsf,978,208.7,121.9,0,4,,0.0476
traceA,bsf,979,208.7,121.2,0,4,,0.0476
traceA,bsf,980,187.4,121.7,0,4,,0.0476
traceA,bsf,981,208.5,121.9,0,4,,0.0476
traceA,bsf,982,208.5,121.5,0,4,,0.0476
traceA,bsf,983,207.8,121.4,0,4,,0.0476
traceA,bsf,984,208.5,121.2,0,4,,0.0476
traceA,bsf,985,208.5,121.5,0,4,,0.0476
traceA,bsf,986,208.5,121.3,0,4,,0.0476
traceA,bsf,987,208.5,122.7,0,4,,0.0476
traceA,bsf,988,208.5,121.9,0,4,,0.0476
traceA,bsf,989,208.0,120.8,0,4,,0.0476
traceA,bsf,990,208.5,121.3,0,4,,0.0476
traceA,bsf,991,208.5,120.8,0,4,,0.0476
traceA,bsf,992,208.5,120.9,0,4,,0.0476
traceA,bsf,993,207.9,121.4,0,4,,0.0476
traceA,bsf,994,208.5,120.5,0,4,,0.0476
traceA,bsf,995,208.5,121.4,0,4,,0.0476
traceA,bsf,996,208.5,121.3,0,4,,0.0476
traceA,bsf,997,208.5,120.4,0,4,,0.0476
traceA,bsf,998,208.5,122.5,0,4,,0.0476
traceA,bsf,999,208.5,121.7,0,4,,0.0476
traceA,v3,0,208.5,1898.5,1,7,H,1.6133
traceA,v3,1,208.5,231.6,1,8,H,1.6108
traceA,v3,2,207.8,228.9,1,8,H,1.6084
traceA,v3,3,208.5,1416.0,1,8,M,1.6060
traceA,v3,4,208.5,156.6,0,8,M,1.5915
traceA,v3,5,208.5,211.0,1,11,M,1.4955
traceA,v3,6,196.2,212.0,1,11,M,1.3200
traceA,v3,7,208.3,1057.6,1,20,L,1.1536
traceA,v3,8,207.9,217.0,1,20,L,1.1252
traceA,v3,9,208.4,216.3,1,20,L,1.3804
traceA,v3,10,207.8,217.2,1,20,L,1.9484
traceA,v3,11,208.3,184.5,0,17,L,2.6794
traceA,v3,12,208.4,195.0,0,18,L,3.3902
traceA,v3,13,208.4,207.2,0,19,L,4.0192
traceA,v3,14,208.3,204.4,0,19,L,4.5774
traceA,v3,15,207.6,174.3,0,16,L,5.0301
traceA,v3,16,208.3,174.2,0,16,L,5.3746
traceA,v3,17,207.6,194.9,0,18,L,5.6220
traceA,v3,18,208.4,210.4,1,19,L,5.8252
traceA,v3,19,207.9,215.9,1,20,L,6.0409
traceA,v3,20,198.0,218.2,1,20,L,6.4090
traceA,v3,21,207.4,215.4,1,20,L,6.8656
traceA,v3,22,208.3,214.5,1,19,L,7.3305
traceA,v3,23,208.3,217.4,1,20,L,7.7881
traceA,v3,24,208.3,216.6,1,20,L,8.2882
traceA,v3,25,206.7,219.0,1,20,L,8.8700
traceA,v3,26,208.3,215.8,1,20,L,9.5229
traceA,v3,27,208.3,217.6,1,20,L,10.1497
traceA,v3,28,197.0,204.7,1,19,L,10.7488
traceA,v3,29,208.4,215.0,1,20,L,11.2735
traceA,v3,30,208.3,217.8,1,20,L,11.8049
traceA,v3,31,208.3,219.0,1,20,L,12.4053
traceA,v3,32,207.6,218.8,1,20,L,12.9765
traceA,v3,33,205.9,218.4,1,20,L,13.5421
traceA,v3,34,208.3,218.6,1,20,L,14.0864
traceA,v3,35,204.7,210.6,1,19,L,14.5667
traceA,v3,36,208.3,217.4,1,20,L,14.9525
traceA,v3,37,208.4,219.3,1,20,L,15.2665
traceA,v3,38,208.3,216.7,1,20,L,15.4914
traceA,v3,39,208.4,219.5,1,20,L,15.6423
traceA,v3,40,208.3,210.3,1,19,L,15.7239
traceA,v3,41,206.4,210.3,1,19,L,15.7516
traceA,v3,42,208.3,220.1,1,20,L,15.7583
traceA,v3,43,208.2,210.7,1,19,L,15.8036
traceA,v3,44,208.3,220.3,1,20,L,15.9527
traceA,v3,45,208.0,210.0,1,19,L,16.2548
traceA,v3,46,208.4,219.8,1,20,L,16.7205
traceA,v3,47,208.4,216.9,1,20,L,17.3149
traceA,v3,48,208.2,220.4,1,20,L,18.0195
traceA,v3,49,208.4,216.2,1,20,L,18.8915
traceA,v3,50,207.2,219.5,1,20,L,19.8669
traceA,v3,51,208.4,220.0,1,20,L,20.9249
traceA,v3,52,208.3,210.6,1,19,L,22.0588
traceA,v3,53,207.4,215.6,1,20,L,23.2651
traceA,v3,54,208.4,220.2,1,20,L,24.5748
traceA,v3,55,202.9,218.9,1,20,L,25.9891
traceA,v3,56,208.2,217.2,1,20,L,27.4755
traceA,v3,57,204.4,220.3,1,20,L,29.0588
traceA,v3,58,208.3,219.3,1,20,L,30.7051
traceA,v3,59,208.3,218.3,1,20,L,32.3855
traceA,v3,60,207.4,217.4,1,20,L,34.1855
traceA,v3,61,208.1,219.5,1,20,L,36.0824
traceA,v3,62,170.5,216.6,1,20,L,38.0825
traceA,v3,63,208.3,212.5,1,19,L,40.1753
traceA,v3,64,208.5,217.0,1,20,L,42.3669
traceA,v3,65,208.5,216.8,1,20,L,44.6510
traceA,v3,66,208.5,218.2,1,20,L,46.9673
traceA,v3,67,207.0,218.7,1,20,L,49.3698
traceA,v3,68,208.5,217.4,1,20,L,51.8562
traceA,v3,69,208.5,217.0,1,20,L,54.4243
traceA,v3,70,208.5,217.0,1,20,L,57.0386
traceA,v3,71,208.5,219.8,1,20,L,59.7370
traceA,v3,72,207.5,217.2,1,20,L,62.5695
traceA,v3,73,208.1,217.5,1,20,L,65.4890
traceA,v3,74,208.5,217.2,1,20,L,68.5040
traceA,v3,75,208.5,217.7,1,20,L,71.6190
traceA,v3,76,208.4,217.7,1,20,L,74.8409
traceA,v3,77,208.5,217.6,1,20,L,78.1612
traceA,v3,78,208.4,220.0,1,20,L,81.5608
traceA,v3,79,208.5,218.8,1,20,L,85.0464
traceA,v3,80,208.5,217.0,1,20,L,88.6397
traceA,v3,81,208.0,217.9,1,20,L,92.3779
traceA,v3,82,206.4,215.8,1,20,L,96.1768
traceA,v3,83,207.5,217.1,1,20,L,100.0535
traceA,v3,84,208.5,217.1,1,20,L,104.0281
traceA,v3,85,208.5,219.7,1,20,L,108.0969
traceA,v3,86,208.4,217.1,1,20,L,112.2487
traceA,v3,87,207.0,216.4,1,20,L,116.4926
traceA,v3,88,208.5,211.6,1,19,L,120.8287
traceA,v3,89,208.5,218.7,1,20,L,125.2464
traceA,v3,90,208.4,217.8,1,20,L,129.8302
traceA,v3,91,208.5,217.2,1,20,L,134.5315
traceA,v3,92,208.5,217.2,1,20,L,139.3360
traceA,v3,93,207.8,219.0,1,20,L,144.2770
traceA,v3,94,208.3,219.1,1,20,L,149.2570
traceA,v3,95,207.1,217.9,1,20,L,154.3281
traceA,v3,96,208.4,217.7,1,20,L,159.5187
traceA,v3,97,208.3,217.7,1,20,L,164.7431
traceA,v3,98,185.9,216.3,1,20,L,170.0838
traceA,v3,99,208.4,215.5,1,20,L,175.5297
traceA,v3,100,207.8,216.5,1,20,L,181.0375
traceA,v3,101,208.4,215.1,1,20,L,186.6244
traceA,v3,102,208.3,216.5,1,20,L,192.2788
traceA,v3,103,207.6,215.4,1,20,L,198.0334
traceA,v3,104,208.4,214.6,1,20,L,203.9123
traceA,v3,105,208.2,216.9,1,20,L,209.8606
traceA,v3,106,208.3,211.6,1,19,L,215.8786
traceA,v3,107,208.3,215.7,1,20,L,222.0176
traceA,v3,108,208.3,218.6,1,20,L,228.2798
traceA,v3,109,208.4,216.2,1,20,L,234.6560
traceA,v3,110,207.9,215.4,1,20,L,241.1422
traceA,v3,111,207.7,218.5,1,20,L,247.7314
traceA,v3,112,208.3,215.4,1,20,L,254.4253
traceA,v3,113,208.4,216.0,1,20,L,261.2433
traceA,v3,114,208.4,219.0,1,20,L,268.1602
traceA,v3,115,206.9,215.6,1,20,L,275.2048
traceA,v3,116,207.6,218.2,1,20,L,282.3579
traceA,v3,117,208.4,218.4,1,20,L,289.6138
traceA,v3,118,208.3,216.8,1,20,L,296.9771
traceA,v3,119,208.4,217.9,1,20,L,304.3939
traceA,v3,120,208.4,216.7,1,20,L,311.8843
traceA,v3,121,208.2,216.4,1,20,L,319.4356
traceA,v3,122,206.7,218.6,1,20,L,327.0923
traceA,v3,123,208.4,218.3,1,20,L,334.8520
traceA,v3,124,208.1,217.0,1,20,L,342.7150
traceA,v3,125,200.9,215.5,1,20,L,350.6697
traceA,v3,126,188.8,218.2,1,20,L,358.6788
traceA,v3,127,208.0,217.6,1,20,L,366.8247
traceA,v3,128,207.8,217.9,1,20,L,375.0698
traceA,v3,129,208.2,219.5,1,20,L,383.4510
traceA,v3,130,207.8,218.6,1,20,L,391.9394
traceA,v3,131,208.4,216.1,1,20,L,400.5725
traceA,v3,132,207.5,216.5,1,20,L,409.2985
traceA,v3,133,206.3,217.8,1,20,L,418.0844
traceA,v3,134,208.4,216.8,1,20,L,426.9524
traceA,v3,135,200.4,218.9,1,20,L,435.9453
traceA,v3,136,208.3,216.7,1,20,L,445.0115
traceA,v3,137,208.3,217.8,1,20,L,454.1909
traceA,v3,138,208.4,217.0,1,20,L,463.4894
traceA,v3,139,208.4,217.5,1,20,L,472.8748
traceA,v3,140,208.1,217.3,1,20,L,482.3570
traceA,v3,141,208.4,216.2,1,20,L,491.9160
traceA,v3,142,208.3,216.8,1,20,L,501.5869
traceA,v3,143,208.4,217.7,1,20,L,511.3560
traceA,v3,144,206.1,216.1,1,20,L,521.2261
traceA,v3,145,205.0,217.1,1,20,L,531.2191
traceA,v3,146,208.5,218.1,1,20,L,541.3262
traceA,v3,147,207.3,216.8,1,20,L,551.5361
traceA,v3,148,208.3,217.2,1,20,L,561.8673
traceA,v3,149,208.3,218.0,1,20,L,572.3182
traceA,v3,150,207.5,218.0,1,20,L,582.8693
traceA,v3,151,208.4,216.9,1,20,L,593.5191
traceA,v3,152,208.3,216.8,1,20,L,604.1897
traceA,v3,153,208.4,219.0,1,20,L,614.8961
traceA,v3,154,205.8,218.7,1,20,L,625.7173
traceA,v3,155,207.1,216.8,1,20,L,636.6183
traceA,v3,156,207.7,218.0,1,20,L,647.6258
traceA,v3,157,208.4,220.1,1,20,L,658.7270
traceA,v3,158,208.3,220.3,1,20,L,669.9208
traceA,v3,159,208.3,218.1,1,20,L,681.1961
traceA,v3,160,206.4,217.0,1,20,L,692.5784
traceA,v3,161,208.4,210.5,1,19,L,704.0365
traceA,v3,162,196.2,216.9,1,20,L,715.5749
traceA,v3,163,208.4,217.1,1,20,L,727.2162
traceA,v3,164,208.5,218.3,1,20,L,738.9498
traceA,v3,165,208.5,216.9,1,20,L,750.7816
traceA,v3,166,200.9,215.3,1,20,L,762.7264
traceA,v3,167,207.7,210.4,1,18,L,774.7301
traceA,v3,168,208.5,216.6,1,20,L,786.8117
traceA,v3,169,208.5,217.9,1,20,L,798.9639
traceA,v3,170,208.5,218.4,1,20,L,811.2117
traceA,v3,171,208.5,216.5,1,20,L,823.5906
traceA,v3,172,198.5,217.2,1,20,L,836.0763
traceA,v3,173,207.6,218.6,1,20,L,848.6652
traceA,v3,174,208.5,218.2,1,20,L,861.3808
traceA,v3,175,208.5,218.6,1,20,L,874.1965
traceA,v3,176,208.5,217.6,1,20,L,887.0990
traceA,v3,177,208.5,216.1,1,20,L,900.0794
traceA,v3,178,208.5,217.9,1,20,L,913.1358
traceA,v3,179,208.5,218.2,1,20,L,926.2479
traceA,v3,180,208.5,216.8,1,20,L,939.4286
traceA,v3,181,207.2,216.1,1,20,L,952.6922
traceA,v3,182,208.1,213.1,1,20,L,966.0142
traceA,v3,183,207.8,217.3,1,20,L,979.4147
traceA,v3,184,206.6,219.0,1,20,L,992.8584
traceA,v3,185,208.5,218.6,1,20,L,1006.3897
traceA,v3,186,208.5,220.1,1,20,L,1020.0303
traceA,v3,187,206.4,216.8,1,20,L,1033.7545
traceA,v3,188,208.5,216.7,1,20,L,1047.5806
traceA,v3,189,208.5,217.5,1,20,L,1061.5004
traceA,v3,190,208.5,217.9,1,20,L,1075.4734
traceA,v3,191,208.5,218.4,1,20,L,1089.5354
traceA,v3,192,207.0,216.6,1,20,L,1103.7009
traceA,v3,193,208.3,217.8,1,20,L,1117.9682
traceA,v3,194,208.5,217.0,1,20,L,1132.3416
traceA,v3,195,207.9,210.5,1,18,L,1146.7378
traceA,v3,196,208.5,220.1,1,20,L,1161.2485
traceA,v3,197,207.2,217.9,1,20,L,1175.8695
traceA,v3,198,208.5,217.1,1,20,L,1190.5881
traceA,v3,199,208.5,217.2,1,20,L,1205.3965
traceA,v3,200,208.5,217.8,1,20,L,1220.3063
traceA,v3,201,208.3,218.0,1,20,L,1235.3453
traceA,v3,202,207.1,218.3,1,20,L,1250.4899
traceA,v3,203,207.6,216.0,1,20,L,1265.7247
traceA,v3,204,208.2,218.4,1,20,L,1281.0762
traceA,v3,205,208.2,218.9,1,20,L,1296.5455
traceA,v3,206,207.9,217.6,1,20,L,1312.1159
traceA,v3,207,208.1,218.1,1,20,L,1327.7944
traceA,v3,208,207.3,217.4,1,20,L,1343.5745
traceA,v3,209,206.5,217.8,1,20,L,1359.4511
traceA,v3,210,205.9,218.0,1,20,L,1375.4104
traceA,v3,211,208.2,218.8,1,20,L,1391.4792
traceA,v3,212,208.2,218.0,1,20,L,1407.6502
traceA,v3,213,208.3,217.8,1,20,L,1423.9250
traceA,v3,214,204.7,218.3,1,20,L,1440.3017
traceA,v3,215,208.3,217.3,1,20,L,1456.7903
traceA,v3,216,208.2,217.1,1,20,L,1473.3844
traceA,v3,217,200.8,216.7,1,20,L,1490.0831
traceA,v3,218,208.3,220.5,1,20,L,1506.8632
traceA,v3,219,208.2,219.9,1,20,L,1523.7181
traceA,v3,220,205.8,217.8,1,20,L,1540.6794
traceA,v3,221,208.0,210.4,1,19,L,1557.7360
traceA,v3,222,208.3,218.0,1,20,L,1574.8955
traceA,v3,223,208.3,219.8,1,20,L,1592.1330
traceA,v3,224,208.3,216.9,1,20,L,1609.4298
traceA,v3,225,207.7,216.8,1,20,L,1626.8498
traceA,v3,226,208.2,216.5,1,20,L,1644.3308
traceA,v3,227,208.3,217.1,1,20,L,1661.9497
traceA,v3,228,208.2,217.1,1,20,L,1679.6739
traceA,v3,229,208.3,218.9,1,20,L,1697.4967
traceA,v3,230,207.4,212.3,1,19,L,1715.4218
traceA,v3,231,208.2,215.5,1,20,L,1733.4683
traceA,v3,232,206.2,217.5,1,20,L,1751.6222
traceA,v3,233,206.6,216.1,1,20,L,1769.8807
traceA,v3,234,208.3,217.3,1,20,L,1788.2474
traceA,v3,235,208.3,215.8,1,20,L,1806.7696
traceA,v3,236,208.2,216.4,1,20,L,1825.4744
traceA,v3,237,208.2,216.6,1,20,L,1844.2568
traceA,v3,238,208.3,215.9,1,20,L,1863.1077
traceA,v3,239,208.3,216.8,1,20,L,1882.0333
traceA,v3,240,207.4,211.1,1,19,L,1901.0514
traceA,v3,241,207.7,214.8,1,20,L,1920.1270
traceA,v3,242,205.7,215.3,1,20,L,1939.3209
traceA,v3,243,205.4,215.8,1,20,L,1958.6189
traceA,v3,244,207.0,215.0,1,20,L,1978.0185
traceA,v3,245,208.2,215.0,1,20,L,1997.5398
traceA,v3,246,208.2,216.7,1,20,L,2017.1714
traceA,v3,247,208.3,215.1,1,20,L,2036.9080
traceA,v3,248,204.4,211.7,1,19,L,2056.7244
traceA,v3,249,208.3,218.5,1,20,L,2076.6641
traceA,v3,250,207.7,219.2,1,20,L,2096.6898
traceA,v3,251,208.2,216.5,1,20,L,2116.8177
traceA,v3,252,208.2,215.0,1,20,L,2137.0225
traceA,v3,253,207.7,216.4,1,20,L,2157.3233
traceA,v3,254,208.2,217.4,1,20,L,2177.7226
traceA,v3,255,208.2,216.8,1,20,L,2198.1588
traceA,v3,256,208.3,216.6,1,20,L,2218.6921
traceA,v3,257,208.3,216.5,1,20,L,2239.3274
traceA,v3,258,208.3,216.2,1,20,L,2260.0633
traceA,v3,259,206.5,216.9,1,20,L,2280.8973
traceA,v3,260,208.4,215.5,1,20,L,2301.8299
traceA,v3,261,208.4,212.3,1,19,L,2322.8711
traceA,v3,262,208.4,216.6,1,20,L,2344.0386
traceA,v3,263,208.4,217.1,1,20,L,2365.3100
traceA,v3,264,208.4,218.1,1,20,L,2386.6747
traceA,v3,265,205.5,216.3,1,20,L,2408.1366
traceA,v3,266,208.4,217.8,1,20,L,2429.7011
traceA,v3,267,208.3,217.6,1,20,L,2451.3570
traceA,v3,268,208.4,219.9,1,19,L,2473.0788
traceA,v3,269,208.4,219.7,1,20,L,2494.8972
traceA,v3,270,208.4,219.2,1,19,L,2516.8166
traceA,v3,271,208.4,215.9,1,20,L,2538.8440
traceA,v3,272,206.5,217.1,1,20,L,2561.0502
traceA,v3,273,208.4,217.6,1,20,L,2583.4070
traceA,v3,274,204.9,215.1,1,20,L,2605.7971
traceA,v3,275,202.0,215.8,1,20,L,2628.2570
traceA,v3,276,208.4,219.5,1,20,L,2650.8257
traceA,v3,277,208.4,218.1,1,20,L,2673.4815
traceA,v3,278,207.3,218.3,1,20,L,2696.2734
traceA,v3,279,208.4,217.6,1,20,L,2719.1523
traceA,v3,280,158.3,217.3,1,20,L,2742.1224
traceA,v3,281,208.3,217.2,1,20,L,2765.1659
traceA,v3,282,208.3,214.8,1,20,L,2788.2833
traceA,v3,283,207.8,218.6,1,20,L,2811.4837
traceA,v3,284,208.3,215.2,1,20,L,2834.7756
traceA,v3,285,208.3,217.6,1,20,L,2858.1665
traceA,v3,286,208.3,220.0,1,20,L,2881.6306
traceA,v3,287,208.3,219.8,1,20,L,2905.1927
traceA,v3,288,208.3,218.5,1,20,L,2928.8564
traceA,v3,289,208.4,217.0,1,20,L,2952.6445
traceA,v3,290,207.9,216.5,1,20,L,2976.5353
traceA,v3,291,208.4,219.7,1,20,L,3000.5295
traceA,v3,292,207.1,215.4,1,20,L,3024.6355
traceA,v3,293,208.4,216.8,1,20,L,3048.8856
traceA,v3,294,208.3,215.8,1,20,L,3073.1636
traceA,v3,295,208.4,217.8,1,20,L,3097.5453
traceA,v3,296,207.2,217.7,1,20,L,3121.9622
traceA,v3,297,205.5,216.7,1,20,L,3146.5006
traceA,v3,298,208.3,217.6,1,20,L,3171.1455
traceA,v3,299,208.4,215.8,1,20,L,3195.8948
traceA,v3,300,207.2,216.3,1,20,L,3220.7672
traceA,v3,301,208.2,220.6,1,20,L,3245.7456
traceA,v3,302,208.2,217.4,1,20,L,3270.8169
traceA,v3,303,206.7,217.3,1,20,L,3295.9545
traceA,v3,304,208.4,218.6,1,20,L,3321.1934
traceA,v3,305,208.3,217.0,1,20,L,3346.5313
traceA,v3,306,208.4,220.2,1,20,L,3371.9152
traceA,v3,307,177.3,218.1,1,20,L,3397.3656
traceA,v3,308,208.0,217.5,1,20,L,3422.8849
traceA,v3,309,208.4,218.9,1,20,L,3448.5221
traceA,v3,310,205.8,217.8,1,20,L,3474.2410
traceA,v3,311,207.3,216.6,1,20,L,3500.0599
traceA,v3,312,206.1,219.8,1,20,L,3525.9490
traceA,v3,313,208.2,218.4,1,20,L,3551.9428
traceA,v3,314,206.7,220.0,1,20,L,3578.0363
traceA,v3,315,208.4,212.3,1,19,L,3604.2330
traceA,v3,316,208.3,216.9,1,20,L,3630.5253
traceA,v3,317,208.3,216.6,1,20,L,3656.9216
traceA,v3,318,205.9,219.8,1,20,L,3683.4223
traceA,v3,319,208.4,218.0,1,20,L,3710.0498
traceA,v3,320,177.2,216.2,1,20,L,3736.7868
traceA,v3,321,208.6,219.1,1,20,L,3763.6306
traceA,v3,322,166.0,215.1,1,20,L,3790.6006
traceA,v3,323,208.5,214.5,1,20,L,3817.6818
traceA,v3,324,208.5,215.6,1,20,L,3844.8502
traceA,v3,325,208.5,220.1,1,20,L,3872.0665
traceA,v3,326,208.0,212.3,1,19,L,3899.4000
traceA,v3,327,208.5,217.0,1,20,L,3926.8517
traceA,v3,328,207.1,218.0,1,20,L,3954.4061
traceA,v3,329,173.4,219.6,1,20,L,3982.0842
traceA,v3,330,208.5,216.3,1,20,L,4009.8760
traceA,v3,331,208.5,216.7,1,20,L,4037.7761
traceA,v3,332,208.6,217.3,1,20,L,4065.8108
traceA,v3,333,208.3,217.4,1,20,L,4093.9448
traceA,v3,334,207.7,217.3,1,20,L,4122.1096
traceA,v3,335,208.5,217.7,1,20,L,4150.3063
traceA,v3,336,208.5,217.8,1,20,L,4178.6119
traceA,v3,337,208.5,217.0,1,20,L,4207.0268
traceA,v3,338,208.6,218.4,1,20,L,4235.5407
traceA,v3,339,207.1,217.9,1,20,L,4264.1521
traceA,v3,340,208.6,218.3,1,20,L,4292.8674
traceA,v3,341,208.5,216.9,1,20,L,4321.7108
traceA,v3,342,205.3,217.4,1,20,L,4350.6630
traceA,v3,343,207.5,217.7,1,20,L,4379.7453
traceA,v3,344,207.8,217.6,1,20,L,4408.9435
traceA,v3,345,208.5,217.8,1,20,L,4438.2267
traceA,v3,346,208.5,218.4,1,20,L,4467.5925
traceA,v3,347,208.5,217.8,1,20,L,4497.0714
traceA,v3,348,208.5,216.6,1,20,L,4526.6542
traceA,v3,349,208.6,217.1,1,20,L,4556.3400
traceA,v3,350,195.1,216.5,1,20,L,4586.1416
traceA,v3,351,208.5,216.1,1,20,L,4616.0261
traceA,v3,352,208.5,217.7,1,20,L,4646.0169
traceA,v3,353,207.8,216.9,1,20,L,4676.1006
traceA,v3,354,208.5,215.5,1,20,L,4706.2801
traceA,v3,355,206.7,216.9,1,20,L,4736.5083
traceA,v3,356,208.0,216.2,1,20,L,4766.8461
traceA,v3,357,208.5,216.9,1,20,L,4797.2821
traceA,v3,358,208.5,217.0,1,20,L,4827.8213
traceA,v3,359,173.4,217.9,1,20,L,4858.4677
traceA,v3,360,208.3,215.5,1,20,L,4889.2190
traceA,v3,361,208.5,218.9,1,20,L,4920.0894
traceA,v3,362,208.5,217.2,1,20,L,4951.0657
traceA,v3,363,207.9,215.1,1,20,L,4982.1714
traceA,v3,364,208.5,216.4,1,20,L,5013.3760
traceA,v3,365,208.5,215.6,1,20,L,5044.6863
traceA,v3,366,207.6,217.9,1,20,L,5076.0977
traceA,v3,367,208.5,215.7,1,20,L,5107.6092
traceA,v3,368,208.5,218.9,1,19,L,5139.2227
traceA,v3,369,205.6,216.0,1,20,L,5170.9189
traceA,v3,370,206.9,215.5,1,20,L,5202.7154
traceA,v3,371,208.5,215.3,1,20,L,5234.5690
traceA,v3,372,208.5,215.0,1,20,L,5266.4873
traceA,v3,373,208.6,217.3,1,20,L,5298.4791
traceA,v3,374,196.4,216.6,1,20,L,5330.5956
traceA,v3,375,205.2,215.0,1,20,L,5362.8242
traceA,v3,376,208.5,216.7,1,20,L,5395.1559
traceA,v3,377,208.5,215.2,1,20,L,5427.5865
traceA,v3,378,208.5,216.1,1,20,L,5460.0979
traceA,v3,379,208.5,215.8,1,20,L,5492.7012
traceA,v3,380,194.3,215.9,1,20,L,5525.3769
traceA,v3,381,207.8,215.6,1,20,L,5558.1658
traceA,v3,382,208.4,220.2,1,20,L,5591.0556
traceA,v3,383,208.5,215.9,1,20,L,5624.0363
traceA,v3,384,195.2,215.8,1,20,L,5657.0928
traceA,v3,385,201.9,217.7,1,20,L,5690.2192
traceA,v3,386,207.4,217.1,1,20,L,5723.4327
traceA,v3,387,208.5,216.8,1,20,L,5756.7134
traceA,v3,388,206.9,216.1,1,20,L,5790.0861
traceA,v3,389,208.4,215.9,1,20,L,5823.5618
traceA,v3,390,208.5,217.5,1,20,L,5857.1395
traceA,v3,391,189.4,215.9,1,20,L,5890.8059
traceA,v3,392,208.5,217.4,1,20,L,5924.5649
traceA,v3,393,207.7,217.7,1,20,L,5958.4397
traceA,v3,394,208.5,218.1,1,20,L,5992.4175
traceA,v3,395,208.5,216.9,1,20,L,6026.4954
traceA,v3,396,208.5,220.8,1,19,L,6060.6597
traceA,v3,397,208.5,216.2,1,20,L,6094.9406
traceA,v3,398,208.5,217.6,1,20,L,6129.4001
traceA,v3,399,208.5,218.3,1,20,L,6164.0346
traceA,v3,400,206.3,218.7,1,20,L,6198.8461
traceA,v3,401,208.5,218.0,1,20,L,6233.6943
traceA,v3,402,208.2,215.1,1,20,L,6268.6116
traceA,v3,403,206.8,215.5,1,20,L,6303.6266
traceA,v3,404,196.4,216.4,1,20,L,6338.7508
traceA,v3,405,207.7,216.0,1,20,L,6373.9791
traceA,v3,406,208.2,217.8,1,20,L,6409.2674
traceA,v3,407,208.5,218.7,1,20,L,6444.6875
traceA,v3,408,208.3,216.9,1,20,L,6480.2190
traceA,v3,409,208.0,212.3,1,19,L,6515.8591
traceA,v3,410,208.2,217.9,1,20,L,6551.5665
traceA,v3,411,208.5,218.6,1,20,L,6587.3473
traceA,v3,412,208.2,220.2,1,20,L,6623.2437
traceA,v3,413,205.7,218.6,1,20,L,6659.2587
traceA,v3,414,208.2,217.4,1,20,L,6695.2930
traceA,v3,415,208.5,217.6,1,20,L,6731.4224
traceA,v3,416,206.8,216.0,1,20,L,6767.6905
traceA,v3,417,206.7,217.6,1,20,L,6804.0315
traceA,v3,418,208.5,216.4,1,20,L,6840.4670
traceA,v3,419,208.5,217.8,1,20,L,6877.0270
traceA,v3,420,208.5,217.6,1,20,L,6913.7006
traceA,v3,421,208.1,217.7,1,20,L,6950.4715
traceA,v3,422,208.5,220.3,1,20,L,6987.2881
traceA,v3,423,208.0,217.0,1,20,L,7024.2192
traceA,v3,424,208.5,217.5,1,20,L,7061.2576
traceA,v3,425,208.5,215.7,1,20,L,7098.4159
traceA,v3,426,207.3,219.6,1,20,L,7135.6755
traceA,v3,427,208.5,217.2,1,20,L,7173.0236
traceA,v3,428,206.5,219.0,1,20,L,7210.4303
traceA,v3,429,206.9,220.5,1,19,L,7247.8990
traceA,v3,430,207.6,215.6,1,20,L,7285.4567
traceA,v3,431,208.2,219.4,1,20,L,7323.1293
traceA,v3,432,208.1,219.6,1,20,L,7360.8975
traceA,v3,433,207.6,216.2,1,20,L,7398.7208
traceA,v3,434,208.2,216.2,1,20,L,7436.6707
traceA,v3,435,206.7,220.5,1,20,L,7474.7533
traceA,v3,436,207.8,220.7,1,20,L,7512.9406
traceA,v3,437,208.2,218.8,1,20,L,7551.2530
traceA,v3,438,208.2,218.8,1,20,L,7589.6745
traceA,v3,439,205.7,211.4,1,19,L,7628.2277
traceA,v3,440,208.0,216.0,1,20,L,7666.8835
traceA,v3,441,208.2,220.8,1,20,L,7705.6120
traceA,v3,442,208.0,220.2,1,20,L,7744.4321
traceA,v3,443,208.2,217.5,1,20,L,7783.3552
traceA,v3,444,208.2,218.4,1,20,L,7822.3509
traceA,v3,445,177.7,216.9,1,20,L,7861.4731
traceA,v3,446,204.9,220.4,1,20,L,7900.6977
traceA,v3,447,208.5,220.2,1,20,L,7939.9804
traceA,v3,448,207.0,217.0,1,20,L,7979.3785
traceA,v3,449,208.4,220.3,1,20,L,8018.8901
traceA,v3,450,208.5,221.0,1,20,L,8058.5127
traceA,v3,451,208.5,217.3,1,20,L,8098.2652
traceA,v3,452,208.4,217.3,1,20,L,8138.1245
traceA,v3,453,208.5,218.1,1,20,L,8178.0935
traceA,v3,454,203.2,218.3,1,20,L,8218.1704
traceA,v3,455,208.5,217.2,1,20,L,8258.3588
traceA,v3,456,208.5,219.9,1,20,L,8298.6515
traceA,v3,457,206.7,217.0,1,20,L,8339.0511
traceA,v3,458,206.6,218.2,1,20,L,8379.5537
traceA,v3,459,208.4,218.8,1,20,L,8420.1468
traceA,v3,460,208.5,216.2,1,20,L,8460.8633
traceA,v3,461,208.5,216.8,1,20,L,8501.6767
traceA,v3,462,208.4,217.1,1,20,L,8542.5961
traceA,v3,463,208.1,217.0,1,20,L,8583.6490
traceA,v3,464,208.5,216.3,1,20,L,8624.8036
traceA,v3,465,208.5,217.2,1,20,L,8666.0444
traceA,v3,466,208.3,216.2,1,20,L,8707.3964
traceA,v3,467,208.2,216.4,1,20,L,8748.8784
traceA,v3,468,208.4,217.5,1,20,L,8790.4710
traceA,v3,469,208.4,216.7,1,20,L,8832.1950
traceA,v3,470,203.5,215.8,1,20,L,8874.0305
traceA,v3,471,208.3,216.2,1,20,L,8915.9396
traceA,v3,472,208.3,219.8,1,20,L,8957.9203
traceA,v3,473,183.1,218.1,1,20,L,9000.0184
traceA,v3,474,206.5,216.7,1,20,L,9042.1810
traceA,v3,475,208.5,217.1,1,20,L,9084.4687
traceA,v3,476,208.5,218.3,1,20,L,9126.8597
traceA,v3,477,208.2,220.0,1,20,L,9169.3885
traceA,v3,478,208.3,216.7,1,20,L,9212.0221
traceA,v3,479,204.8,216.7,1,20,L,9254.7609
traceA,v3,480,207.5,216.8,1,20,L,9297.6294
traceA,v3,481,208.4,217.3,1,20,L,9340.5627
traceA,v3,482,206.1,215.4,1,20,L,9383.5686
traceA,v3,483,208.4,217.1,1,20,L,9426.6606
traceA,v3,484,208.3,217.4,1,20,L,9469.8585
traceA,v3,485,208.3,215.7,1,20,L,9513.1598
traceA,v3,486,207.5,216.6,1,20,L,9556.5903
traceA,v3,487,208.4,215.9,1,20,L,9600.1309
traceA,v3,488,206.2,215.7,1,20,L,9643.7573
traceA,v3,489,208.5,216.8,1,20,L,9687.4540
traceA,v3,490,208.5,216.6,1,20,L,9731.2542
traceA,v3,491,208.5,217.2,1,20,L,9775.1552
traceA,v3,492,208.5,216.8,1,20,L,9819.1609
traceA,v3,493,208.3,214.5,1,20,L,9863.2286
traceA,v3,494,208.5,215.5,1,20,L,9907.3755
traceA,v3,495,208.5,218.9,1,20,L,9951.5655
traceA,v3,496,208.5,214.3,1,20,L,9995.8657
traceA,v3,497,206.1,216.9,1,20,L,10040.3069
traceA,v3,498,208.5,215.3,1,20,L,10084.8419
traceA,v3,499,206.9,214.9,1,20,L,10129.4267
traceA,v3,500,159.3,214.1,1,20,L,10174.1063
traceA,v3,501,199.2,215.8,1,20,L,10218.8815
traceA,v3,502,206.5,216.3,1,20,L,10263.7310
traceA,v3,503,207.5,214.9,1,20,L,10308.7226
traceA,v3,504,208.5,217.8,1,20,L,10353.8169
traceA,v3,505,206.7,214.7,1,20,L,10398.9742
traceA,v3,506,207.0,215.2,1,20,L,10444.2193
traceA,v3,507,208.3,218.0,1,20,L,10489.5942
traceA,v3,508,204.5,216.1,1,20,L,10535.0720
traceA,v3,509,208.1,216.6,1,20,L,10580.6557
traceA,v3,510,207.5,219.1,1,20,L,10626.3804
traceA,v3,511,207.3,218.6,1,20,L,10672.1851
traceA,v3,512,207.8,217.2,1,20,L,10718.0805
traceA,v3,513,208.4,212.0,1,19,L,10764.0786
traceA,v3,514,208.3,217.9,1,20,L,10810.1794
traceA,v3,515,208.2,215.3,1,20,L,10856.3806
traceA,v3,516,207.5,216.1,1,20,L,10902.7005
traceA,v3,517,203.1,214.9,1,20,L,10949.1194
traceA,v3,518,208.2,218.4,1,20,L,10995.6598
traceA,v3,519,207.8,216.1,1,20,L,11042.3032
traceA,v3,520,191.2,219.8,1,20,L,11089.0448
traceA,v3,521,200.8,218.2,1,20,L,11135.8332
traceA,v3,522,208.3,217.7,1,20,L,11182.6835
traceA,v3,523,190.6,215.5,1,20,L,11229.6229
traceA,v3,524,208.3,217.1,1,20,L,11276.6553
traceA,v3,525,208.3,217.0,1,20,L,11323.8105
traceA,v3,526,204.8,218.1,1,20,L,11371.0509
traceA,v3,527,208.5,217.6,1,20,L,11418.3323
traceA,v3,528,208.5,216.1,1,20,L,11465.6721
traceA,v3,529,208.5,219.6,1,20,L,11513.0978
traceA,v3,530,208.5,211.9,1,20,L,11560.6271
traceA,v3,531,208.5,215.0,1,20,L,11608.2706
traceA,v3,532,208.2,218.8,1,20,L,11656.0231
traceA,v3,533,207.9,216.9,1,20,L,11703.8835
traceA,v3,534,206.9,217.9,1,20,L,11751.8716
traceA,v3,535,208.5,215.7,1,20,L,11800.0005
traceA,v3,536,208.4,210.3,1,19,L,11848.3307
traceA,v3,537,208.5,217.3,1,20,L,11896.8541
traceA,v3,538,208.3,217.8,1,20,L,11945.4146
traceA,v3,539,208.3,216.5,1,20,L,11994.0180
traceA,v3,540,203.6,217.2,1,20,L,12042.7113
traceA,v3,541,193.6,216.8,1,20,L,12091.5194
traceA,v3,542,208.4,217.7,1,20,L,12140.4586
traceA,v3,543,208.3,220.0,1,20,L,12189.5176
traceA,v3,544,208.4,217.9,1,20,L,12238.6995
traceA,v3,545,208.4,217.3,1,20,L,12287.9920
traceA,v3,546,204.7,219.3,1,20,L,12337.3915
traceA,v3,547,208.4,218.3,1,20,L,12386.9411
traceA,v3,548,208.4,218.3,1,20,L,12436.6896
traceA,v3,549,208.2,216.8,1,20,L,12486.5973
traceA,v3,550,208.2,219.0,1,20,L,12536.5140
traceA,v3,551,208.4,217.4,1,20,L,12586.5536
traceA,v3,552,208.4,216.1,1,20,L,12636.7159
traceA,v3,553,204.3,219.7,1,20,L,12686.9855
traceA,v3,554,208.3,217.3,1,20,L,12737.3584
traceA,v3,555,208.4,216.9,1,20,L,12787.8380
traceA,v3,556,208.1,217.9,1,20,L,12838.4270
traceA,v3,557,207.8,218.2,1,20,L,12889.0844
traceA,v3,558,208.4,217.2,1,20,L,12939.7384
traceA,v3,559,208.4,217.6,1,20,L,12990.4658
traceA,v3,560,208.4,216.6,1,20,L,13041.2854
traceA,v3,561,207.4,217.1,1,20,L,13092.2297
traceA,v3,562,208.4,217.9,1,20,L,13143.2187
traceA,v3,563,180.4,211.8,1,19,L,13194.2859
traceA,v3,564,208.3,217.7,1,20,L,13245.4076
traceA,v3,565,208.4,216.5,1,20,L,13296.6165
traceA,v3,566,208.3,217.2,1,20,L,13347.9775
traceA,v3,567,208.4,216.3,1,20,L,13399.4549
traceA,v3,568,208.4,215.7,1,20,L,13451.0370
traceA,v3,569,208.4,218.1,1,20,L,13502.7472
traceA,v3,570,208.3,220.4,1,20,L,13554.5673
traceA,v3,571,208.2,217.1,1,20,L,13606.4820
traceA,v3,572,205.6,216.6,1,20,L,13658.4184
traceA,v3,573,208.3,219.6,1,20,L,13710.4397
traceA,v3,574,208.4,216.8,1,20,L,13762.5577
traceA,v3,575,208.4,220.4,1,19,L,13814.7541
traceA,v3,576,208.3,217.7,1,20,L,13867.0276
traceA,v3,577,208.4,220.2,1,20,L,13919.3715
traceA,v3,578,174.2,219.8,1,20,L,13971.7908
traceA,v3,579,204.7,216.8,1,20,L,14024.3162
traceA,v3,580,207.1,215.5,1,20,L,14076.9205
traceA,v3,581,208.4,216.7,1,20,L,14129.6576
traceA,v3,582,208.1,217.4,1,20,L,14182.5118
traceA,v3,583,208.4,216.1,1,20,L,14235.4672
traceA,v3,584,199.0,216.1,1,20,L,14288.5180
traceA,v3,585,203.7,216.2,1,20,L,14341.6729
traceA,v3,586,206.8,221.2,1,19,L,14394.9449
traceA,v3,587,208.4,217.3,1,20,L,14448.3630
traceA,v3,588,208.3,217.4,1,20,L,14501.8278
traceA,v3,589,207.7,220.7,1,20,L,14555.3603
traceA,v3,590,208.0,218.1,1,20,L,14608.9184
traceA,v3,591,208.1,217.8,1,20,L,14662.5494
traceA,v3,592,208.3,218.1,1,20,L,14716.3023
traceA,v3,593,207.7,216.6,1,20,L,14770.1607
traceA,v3,594,208.3,217.3,1,20,L,14824.1038
traceA,v3,595,208.4,217.1,1,20,L,14878.0871
traceA,v3,596,208.2,217.8,1,20,L,14932.1998
traceA,v3,597,208.4,216.7,1,20,L,14986.4446
traceA,v3,598,208.3,216.8,1,20,L,15040.7999
traceA,v3,599,208.3,217.3,1,20,L,15095.2367
traceA,v3,600,207.5,219.6,1,20,L,15149.7312
traceA,v3,601,208.3,218.4,1,20,L,15204.2871
traceA,v3,602,208.3,217.1,1,20,L,15258.9336
traceA,v3,603,208.3,217.0,1,20,L,15313.6742
traceA,v3,604,208.3,218.5,1,20,L,15368.5070
traceA,v3,605,208.4,217.0,1,20,L,15423.4540
traceA,v3,606,208.3,217.4,1,20,L,15478.5087
traceA,v3,607,208.4,216.2,1,20,L,15533.6915
traceA,v3,608,207.5,216.2,1,20,L,15589.0003
traceA,v3,609,208.2,217.3,1,20,L,15644.4078
traceA,v3,610,207.5,216.4,1,20,L,15699.9029
traceA,v3,611,208.4,217.5,1,20,L,15755.4714
traceA,v3,612,208.4,216.7,1,20,L,15811.1043
traceA,v3,613,208.0,216.5,1,20,L,15866.8422
traceA,v3,614,208.2,218.8,1,20,L,15922.6428
traceA,v3,615,206.8,219.4,1,20,L,15978.5130
traceA,v3,616,208.3,217.6,1,20,L,16034.4796
traceA,v3,617,208.1,217.1,1,20,L,16090.5714
traceA,v3,618,208.3,216.5,1,20,L,16146.7680
traceA,v3,619,208.4,216.6,1,20,L,16203.0264
traceA,v3,620,208.1,215.8,1,20,L,16259.3922
traceA,v3,621,208.1,215.0,1,20,L,16315.9139
traceA,v3,622,208.3,217.0,1,20,L,16372.5432
traceA,v3,623,208.4,217.5,1,20,L,16429.2785
traceA,v3,624,208.3,216.3,1,20,L,16486.0867
traceA,v3,625,208.3,217.2,1,20,L,16542.9784
traceA,v3,626,208.3,218.6,1,19,L,16599.9576
traceA,v3,627,208.4,214.8,1,20,L,16657.0586
traceA,v3,628,198.7,215.5,1,20,L,16714.2620
traceA,v3,629,208.4,218.2,1,20,L,16771.6076
traceA,v3,630,205.9,216.2,1,20,L,16829.0551
traceA,v3,631,208.3,214.5,1,20,L,16886.6017
traceA,v3,632,208.4,215.4,1,20,L,16944.2038
traceA,v3,633,208.4,215.2,1,20,L,17001.9051
traceA,v3,634,207.5,214.9,1,20,L,17059.6922
traceA,v3,635,208.2,215.1,1,20,L,17117.5840
traceA,v3,636,208.4,216.6,1,20,L,17175.5973
traceA,v3,637,208.4,216.0,1,20,L,17233.7170
traceA,v3,638,208.3,214.5,1,20,L,17291.9123
traceA,v3,639,208.4,217.6,1,20,L,17350.2071
traceA,v3,640,207.8,216.3,1,20,L,17408.5724
traceA,v3,641,208.4,216.2,1,20,L,17467.0488
traceA,v3,642,208.3,213.9,1,20,L,17525.6540
traceA,v3,643,208.1,216.3,1,20,L,17584.3729
traceA,v3,644,208.3,216.5,1,20,L,17643.2003
traceA,v3,645,208.4,220.8,1,19,L,17702.1338
traceA,v3,646,206.7,215.6,1,20,L,17761.1756
traceA,v3,647,208.3,215.9,1,20,L,17820.3489
traceA,v3,648,207.9,217.9,1,20,L,17879.6377
traceA,v3,649,205.9,216.4,1,20,L,17939.0280
traceA,v3,650,207.9,217.1,1,20,L,17998.4664
traceA,v3,651,208.4,217.1,1,20,L,18057.9997
traceA,v3,652,208.3,218.3,1,20,L,18117.6209
traceA,v3,653,208.4,217.2,1,20,L,18177.3137
traceA,v3,654,208.4,216.8,1,20,L,18237.0710
traceA,v3,655,208.4,221.5,1,19,L,18296.9114
traceA,v3,656,207.8,220.5,1,20,L,18356.7954
traceA,v3,657,208.4,217.3,1,20,L,18416.7273
traceA,v3,658,208.3,218.0,1,20,L,18476.7416
traceA,v3,659,208.4,217.2,1,20,L,18536.8193
traceA,v3,660,207.5,217.6,1,20,L,18597.0003
traceA,v3,661,208.4,217.3,1,20,L,18657.2839
traceA,v3,662,207.7,219.0,1,20,L,18717.6255
traceA,v3,663,208.4,217.8,1,20,L,18778.0631
traceA,v3,664,206.8,217.9,1,20,L,18838.5863
traceA,v3,665,202.7,217.7,1,20,L,18899.2233
traceA,v3,666,208.0,218.1,1,20,L,18959.9596
traceA,v3,667,208.4,218.4,1,20,L,19020.8127
traceA,v3,668,208.4,217.9,1,20,L,19081.7641
traceA,v3,669,208.4,218.2,1,20,L,19142.7974
traceA,v3,670,208.4,217.0,1,20,L,19203.9060
traceA,v3,671,208.4,217.7,1,20,L,19265.0843
traceA,v3,672,208.1,218.1,1,20,L,19326.3654
traceA,v3,673,206.3,217.8,1,20,L,19387.7624
traceA,v3,674,208.5,217.8,1,20,L,19449.2625
traceA,v3,675,208.4,216.8,1,20,L,19510.8613
traceA,v3,676,208.4,215.7,1,20,L,19572.5618
traceA,v3,677,208.4,218.4,1,20,L,19634.4010
traceA,v3,678,194.4,216.2,1,20,L,19696.3081
traceA,v3,679,208.5,215.8,1,20,L,19758.3359
traceA,v3,680,208.4,217.5,1,20,L,19820.4781
traceA,v3,681,208.0,217.6,1,20,L,19882.7273
traceA,v3,682,208.2,219.8,1,20,L,19945.1026
traceA,v3,683,208.4,219.7,1,20,L,20007.5780
traceA,v3,684,208.5,220.4,1,19,L,20070.1547
traceA,v3,685,208.5,216.9,1,20,L,20132.7839
traceA,v3,686,208.4,217.1,1,20,L,20195.5227
traceA,v3,687,208.4,215.8,1,20,L,20258.3625
traceA,v3,688,208.4,217.2,1,20,L,20321.2811
traceA,v3,689,208.5,217.1,1,20,L,20384.2913
traceA,v3,690,206.5,216.0,1,20,L,20447.4047
traceA,v3,691,208.4,209.9,1,19,L,20510.6195
traceA,v3,692,208.4,220.4,1,19,L,20573.9188
traceA,v3,693,208.5,218.3,1,20,L,20637.2782
traceA,v3,694,208.4,217.9,1,20,L,20700.7224
traceA,v3,695,208.5,217.5,1,20,L,20764.2662
traceA,v3,696,206.7,220.4,1,19,L,20827.9116
traceA,v3,697,208.5,215.1,1,20,L,20891.6739
traceA,v3,698,206.3,217.2,1,20,L,20955.5428
traceA,v3,699,192.5,218.7,1,20,L,21019.4898
traceA,v3,700,191.3,217.8,1,20,L,21083.5463
traceA,v3,701,208.4,217.0,1,20,L,21147.7539
traceA,v3,702,208.5,219.0,1,20,L,21212.1227
traceA,v3,703,208.5,217.7,1,20,L,21276.5623
traceA,v3,704,208.4,218.0,1,20,L,21341.0834
traceA,v3,705,208.5,218.4,1,20,L,21405.7072
traceA,v3,706,206.2,216.7,1,20,L,21470.4345
traceA,v3,707,208.4,216.5,1,20,L,21535.2150
traceA,v3,708,194.8,218.6,1,20,L,21600.0705
traceA,v3,709,208.4,217.6,1,20,L,21665.0362
traceA,v3,710,208.4,218.8,1,20,L,21730.1092
traceA,v3,711,208.3,216.8,1,20,L,21795.2740
traceA,v3,712,208.5,218.1,1,20,L,21860.5086
traceA,v3,713,208.4,216.2,1,20,L,21925.8473
traceA,v3,714,202.1,217.6,1,20,L,21991.2821
traceA,v3,715,191.8,216.2,1,20,L,22056.8193
traceA,v3,716,208.4,217.3,1,20,L,22122.4525
traceA,v3,717,208.4,216.3,1,20,L,22188.1875
traceA,v3,718,208.3,217.5,1,20,L,22254.0445
traceA,v3,719,207.1,215.1,1,20,L,22320.0134
traceA,v3,720,206.6,215.9,1,20,L,22386.1254
traceA,v3,721,207.6,217.7,1,20,L,22452.2993
traceA,v3,722,208.4,219.7,1,20,L,22518.5382
traceA,v3,723,208.4,217.8,1,20,L,22584.8894
traceA,v3,724,207.7,210.4,1,18,L,22651.3348
traceA,v3,725,208.4,217.5,1,20,L,22717.8797
traceA,v3,726,208.4,217.0,1,20,L,22784.5231
traceA,v3,727,208.1,217.5,1,20,L,22851.2669
traceA,v3,728,208.5,218.5,1,20,L,22918.1095
traceA,v3,729,208.5,216.7,1,20,L,22985.0174
traceA,v3,730,208.5,215.8,1,20,L,23052.0403
traceA,v3,731,208.5,220.0,1,20,L,23119.1618
traceA,v3,732,208.4,218.1,1,20,L,23186.3843
traceA,v3,733,208.1,216.5,1,20,L,23253.7080
traceA,v3,734,207.5,216.2,1,20,L,23321.0806
traceA,v3,735,208.4,217.1,1,20,L,23388.5497
traceA,v3,736,207.0,215.8,1,20,L,23456.1186
traceA,v3,737,207.3,218.1,1,20,L,23523.7875
traceA,v3,738,208.4,217.6,1,20,L,23591.5464
traceA,v3,739,208.4,216.7,1,20,L,23659.3841
traceA,v3,740,204.5,217.5,1,20,L,23727.3249
traceA,v3,741,208.5,218.5,1,20,L,23795.3505
traceA,v3,742,208.5,216.7,1,20,L,23863.4708
traceA,v3,743,207.7,220.2,1,19,L,23931.7009
traceA,v3,744,207.1,220.4,1,20,L,24000.0311
traceA,v3,745,208.5,215.9,1,20,L,24068.4656
traceA,v3,746,207.5,216.3,1,20,L,24137.0498
traceA,v3,747,208.5,215.4,1,20,L,24205.7931
traceA,v3,748,208.5,216.1,1,20,L,24274.6018
traceA,v3,749,208.5,218.4,1,20,L,24343.4998
traceA,v3,750,208.5,219.9,1,20,L,24412.4708
traceA,v3,751,208.5,216.4,1,20,L,24481.5032
traceA,v3,752,208.5,217.2,1,20,L,24550.6051
traceA,v3,753,206.0,216.6,1,20,L,24619.7906
traceA,v3,754,208.4,217.0,1,20,L,24689.0655
traceA,v3,755,208.5,216.7,1,20,L,24758.4424
traceA,v3,756,208.4,216.7,1,20,L,24827.9174
traceA,v3,757,208.5,218.3,1,20,L,24897.4956
traceA,v3,758,208.3,217.6,1,20,L,24967.1763
traceA,v3,759,208.5,217.6,1,20,L,25036.9635
traceA,v3,760,208.4,215.0,1,20,L,25106.8222
traceA,v3,761,208.5,215.6,1,20,L,25176.7719
traceA,v3,762,208.5,217.1,1,20,L,25246.8228
traceA,v3,763,208.2,217.1,1,20,L,25316.9731
traceA,v3,764,208.5,219.3,1,20,L,25387.2233
traceA,v3,765,208.5,217.8,1,20,L,25457.5664
traceA,v3,766,208.5,214.9,1,20,L,25527.9984
traceA,v3,767,208.5,216.9,1,20,L,25598.5121
traceA,v3,768,208.4,214.3,1,20,L,25669.1198
traceA,v3,769,208.5,217.1,1,20,L,25739.8271
traceA,v3,770,208.5,216.1,1,20,L,25810.6324
traceA,v3,771,208.5,217.5,1,20,L,25881.5064
traceA,v3,772,208.3,218.1,1,20,L,25952.4754
traceA,v3,773,207.8,217.5,1,20,L,26023.5500
traceA,v3,774,208.5,216.0,1,20,L,26094.6738
traceA,v3,775,208.3,217.5,1,20,L,26165.8888
traceA,v3,776,208.2,218.3,1,20,L,26237.1647
traceA,v3,777,208.5,216.5,1,20,L,26308.5261
traceA,v3,778,206.8,216.2,1,20,L,26380.0078
traceA,v3,779,207.3,217.2,1,20,L,26451.5910
traceA,v3,780,206.5,218.5,1,20,L,26523.2527
traceA,v3,781,208.4,218.5,1,20,L,26595.0005
traceA,v3,782,208.4,218.2,1,20,L,26666.8543
traceA,v3,783,208.4,218.3,1,20,L,26738.8106
traceA,v3,784,208.3,216.9,1,20,L,26810.8605
traceA,v3,785,208.4,217.5,1,20,L,26883.0146
traceA,v3,786,208.1,217.0,1,20,L,26955.2395
traceA,v3,787,208.4,218.8,1,20,L,27027.5462
traceA,v3,788,208.3,219.0,1,20,L,27099.9307
traceA,v3,789,179.6,210.3,1,19,L,27172.4043
traceA,v3,790,208.3,210.3,1,18,L,27244.9622
traceA,v3,791,207.0,218.2,1,20,L,27317.6212
traceA,v3,792,208.4,212.4,1,18,L,27390.3577
traceA,v3,793,207.2,218.7,1,20,L,27463.1856
traceA,v3,794,208.4,216.7,1,20,L,27536.1123
traceA,v3,795,208.4,217.5,1,20,L,27609.1374
traceA,v3,796,208.3,219.5,1,20,L,27682.2640
traceA,v3,797,208.4,218.5,1,20,L,27755.4844
traceA,v3,798,208.3,214.9,1,20,L,27828.7632
traceA,v3,799,208.3,217.6,1,20,L,27902.1398
traceA,v3,800,206.7,217.9,1,20,L,27975.6178
traceA,v3,801,208.4,210.4,1,19,L,28049.1950
traceA,v3,802,208.4,219.3,1,20,L,28122.8767
traceA,v3,803,208.4,217.4,1,20,L,28196.6720
traceA,v3,804,208.3,218.3,1,20,L,28270.5220
traceA,v3,805,208.4,218.4,1,20,L,28344.4818
traceA,v3,806,207.2,218.2,1,20,L,28418.5242
traceA,v3,807,208.4,217.9,1,20,L,28492.6628
traceA,v3,808,208.5,218.5,1,20,L,28566.9012
traceA,v3,809,208.5,218.2,1,20,L,28641.2394
traceA,v3,810,208.4,216.7,1,20,L,28715.6769
traceA,v3,811,208.5,217.5,1,20,L,28790.2089
traceA,v3,812,208.5,217.7,1,20,L,28864.8290
traceA,v3,813,208.5,219.5,1,20,L,28939.5488
traceA,v3,814,208.5,217.1,1,20,L,29014.3697
traceA,v3,815,208.5,218.0,1,20,L,29089.2896
traceA,v3,816,208.4,217.1,1,20,L,29164.3089
traceA,v3,817,208.5,218.8,1,20,L,29239.4414
traceA,v3,818,208.5,216.8,1,20,L,29314.6695
traceA,v3,819,207.2,219.7,1,20,L,29389.9602
traceA,v3,820,208.3,217.1,1,20,L,29465.3330
traceA,v3,821,208.3,219.3,1,20,L,29540.8078
traceA,v3,822,208.3,218.0,1,20,L,29616.3806
traceA,v3,823,207.3,217.9,1,20,L,29692.0521
traceA,v3,824,207.8,217.1,1,20,L,29767.8226
traceA,v3,825,208.3,218.3,1,20,L,29843.6903
traceA,v3,826,208.3,217.4,1,20,L,29919.6560
traceA,v3,827,208.4,218.2,1,20,L,29995.7208
traceA,v3,828,207.9,217.7,1,20,L,30071.8832
traceA,v3,829,208.5,219.2,1,20,L,30148.1439
traceA,v3,830,208.4,216.6,1,20,L,30224.5023
traceA,v3,831,208.5,217.5,1,20,L,30300.9587
traceA,v3,832,208.5,218.0,1,20,L,30377.5191
traceA,v3,833,208.5,218.8,1,20,L,30454.1537
traceA,v3,834,208.5,218.4,1,20,L,30530.8881
traceA,v3,835,207.5,219.7,1,20,L,30607.7161
traceA,v3,836,208.4,211.3,1,18,L,30684.6243
traceA,v3,837,208.5,218.3,1,20,L,30761.6340
traceA,v3,838,205.8,217.6,1,20,L,30838.7408
traceA,v3,839,208.0,218.3,1,20,L,30915.9475
traceA,v3,840,208.5,217.2,1,20,L,30993.2515
traceA,v3,841,208.5,217.8,1,20,L,31070.6539
traceA,v3,842,208.5,217.3,1,20,L,31148.1544
traceA,v3,843,208.5,217.5,1,20,L,31225.7535
traceA,v3,844,208.5,216.9,1,20,L,31303.4506
traceA,v3,845,208.5,218.4,1,20,L,31381.2461
traceA,v3,846,208.5,216.2,1,20,L,31459.1394
traceA,v3,847,207.9,217.1,1,20,L,31537.1314
traceA,v3,848,208.5,218.3,1,20,L,31615.2213
traceA,v3,849,208.5,219.2,1,20,L,31693.4094
traceA,v3,850,195.0,217.8,1,20,L,31771.6958
traceA,v3,851,208.5,219.8,1,20,L,31850.0804
traceA,v3,852,208.5,219.4,1,20,L,31928.5631
traceA,v3,853,208.5,218.5,1,20,L,32007.1441
traceA,v3,854,208.0,217.9,1,20,L,32085.8233
traceA,v3,855,206.7,217.7,1,20,L,32164.6003
traceA,v3,856,208.4,217.3,1,20,L,32243.4763
traceA,v3,857,208.4,215.7,1,20,L,32322.4499
traceA,v3,858,208.4,217.8,1,20,L,32401.5212
traceA,v3,859,204.6,217.6,1,20,L,32480.6904
traceA,v3,860,206.8,218.3,1,20,L,32559.9575
traceA,v3,861,207.7,217.5,1,20,L,32639.3350
traceA,v3,862,207.8,219.8,1,20,L,32718.7869
traceA,v3,863,208.5,218.2,1,20,L,32798.2814
traceA,v3,864,208.5,218.2,1,20,L,32877.8664
traceA,v3,865,208.5,218.7,1,20,L,32957.5546
traceA,v3,866,205.5,216.2,1,20,L,33037.3427
traceA,v3,867,208.3,217.1,1,20,L,33117.2265
traceA,v3,868,166.0,217.9,1,20,L,33197.2097
traceA,v3,869,207.8,218.7,1,20,L,33277.2916
traceA,v3,870,208.5,218.1,1,20,L,33357.4707
traceA,v3,871,208.4,217.7,1,20,L,33437.7484
traceA,v3,872,208.4,217.2,1,20,L,33518.1246
traceA,v3,873,196.0,218.3,1,20,L,33598.5984
traceA,v3,874,208.5,219.2,1,20,L,33679.1706
traceA,v3,875,208.1,216.1,1,20,L,33759.8412
traceA,v3,876,208.5,216.0,1,20,L,33840.6098
traceA,v3,877,208.5,216.5,1,20,L,33921.4765
traceA,v3,878,206.5,216.6,1,20,L,34002.4412
traceA,v3,879,208.5,217.2,1,20,L,34083.5043
traceA,v3,880,207.3,215.7,1,20,L,34164.6655
traceA,v3,881,208.5,215.9,1,20,L,34245.9253
traceA,v3,882,206.7,216.2,1,20,L,34327.2829
traceA,v3,883,208.5,214.3,1,20,L,34408.7385
traceA,v3,884,208.4,214.4,1,20,L,34490.2925
traceA,v3,885,208.5,215.3,1,20,L,34571.9445
traceA,v3,886,208.5,216.8,1,20,L,34653.6954
traceA,v3,887,207.3,213.6,1,20,L,34735.5426
traceA,v3,888,206.7,216.2,1,20,L,34817.4885
traceA,v3,889,208.3,216.2,1,20,L,34899.5393
traceA,v3,890,208.3,215.1,1,20,L,34981.6616
traceA,v3,891,208.3,214.8,1,20,L,35063.8815
traceA,v3,892,208.3,215.4,1,20,L,35146.1860
traceA,v3,893,207.6,215.0,1,20,L,35228.5764
traceA,v3,894,208.3,216.1,1,20,L,35311.0661
traceA,v3,895,208.3,215.2,1,20,L,35393.6528
traceA,v3,896,208.2,216.7,1,20,L,35476.3397
traceA,v3,897,208.3,215.7,1,20,L,35559.1241
traceA,v3,898,207.1,216.5,1,20,L,35642.0073
traceA,v3,899,208.3,218.9,1,20,L,35724.9881
traceA,v3,900,206.9,215.8,1,20,L,35808.0672
traceA,v3,901,208.3,209.8,1,18,L,35891.2441
traceA,v3,902,206.5,217.2,1,20,L,35974.5195
traceA,v3,903,207.8,217.0,1,20,L,36057.8932
traceA,v3,904,208.3,219.3,1,20,L,36141.3648
traceA,v3,905,208.3,217.2,1,20,L,36224.9347
traceA,v3,906,202.9,218.3,1,20,L,36308.6027
traceA,v3,907,208.5,217.2,1,20,L,36392.3688
traceA,v3,908,208.5,218.2,1,20,L,36476.2331
traceA,v3,909,208.5,217.1,1,20,L,36560.1957
traceA,v3,910,207.9,215.0,1,20,L,36644.2561
traceA,v3,911,208.5,216.4,1,20,L,36728.4148
traceA,v3,912,208.4,218.1,1,20,L,36812.6723
traceA,v3,913,208.4,217.3,1,20,L,36897.0270
traceA,v3,914,208.0,214.5,1,20,L,36981.4806
traceA,v3,915,208.5,215.8,1,20,L,37066.0311
traceA,v3,916,192.6,217.5,1,20,L,37150.6819
traceA,v3,917,201.1,217.8,1,20,L,37235.4275
traceA,v3,918,208.2,220.4,1,20,L,37320.2760
traceA,v3,919,208.3,217.8,1,20,L,37405.1855
traceA,v3,920,208.3,215.8,1,20,L,37490.1716
traceA,v3,921,204.4,217.1,1,20,L,37575.2238
traceA,v3,922,208.4,218.5,1,20,L,37660.3828
traceA,v3,923,208.5,217.5,1,20,L,37745.6405
traceA,v3,924,208.3,218.1,1,20,L,37830.9940
traceA,v3,925,208.5,217.5,1,20,L,37916.4467
traceA,v3,926,208.4,218.4,1,20,L,38001.9978
traceA,v3,927,208.5,219.4,1,20,L,38087.6463
traceA,v3,928,208.2,217.1,1,20,L,38173.3933
traceA,v3,929,208.5,216.9,1,20,L,38259.2388
traceA,v3,930,207.6,218.6,1,20,L,38345.1818
traceA,v3,931,208.5,218.3,1,20,L,38431.2233
traceA,v3,932,208.4,216.6,1,20,L,38517.3628
traceA,v3,933,208.3,218.1,1,20,L,38603.6007
traceA,v3,934,206.6,217.5,1,20,L,38689.9365
traceA,v3,935,208.5,216.0,1,20,L,38776.3705
traceA,v3,936,208.4,218.3,1,20,L,38862.9025
traceA,v3,937,208.5,218.0,1,20,L,38949.5330
traceA,v3,938,202.2,217.6,1,20,L,39036.2613
traceA,v3,939,206.6,212.5,1,19,L,39123.0880
traceA,v3,940,207.9,216.8,1,20,L,39210.0126
traceA,v3,941,208.5,216.8,1,20,L,39297.0360
traceA,v3,942,206.7,210.1,1,18,L,39384.1572
traceA,v3,943,207.9,218.0,1,20,L,39471.3754
traceA,v3,944,207.6,217.4,1,20,L,39558.6944
traceA,v3,945,208.4,217.8,1,20,L,39646.1108
traceA,v3,946,208.5,218.5,1,20,L,39733.6179
traceA,v3,947,208.5,217.2,1,20,L,39821.2521
traceA,v3,948,208.4,218.1,1,20,L,39908.9832
traceA,v3,949,208.5,217.7,1,20,L,39996.8303
traceA,v3,950,208.1,217.8,1,20,L,40084.7835
traceA,v3,951,208.4,218.1,1,20,L,40172.8354
traceA,v3,952,208.4,216.4,1,20,L,40260.9858
traceA,v3,953,208.5,219.0,1,20,L,40349.2330
traceA,v3,954,208.4,218.2,1,20,L,40437.5783
traceA,v3,955,208.4,218.9,1,20,L,40526.0214
traceA,v3,956,208.3,217.6,1,20,L,40614.5631
traceA,v3,957,208.4,219.6,1,20,L,40703.2032
traceA,v3,958,208.4,209.8,1,19,L,40791.9410
traceA,v3,959,202.8,217.4,1,20,L,40880.7772
traceA,v3,960,208.4,217.6,1,20,L,40969.7114
traceA,v3,961,208.4,218.0,1,20,L,41058.7440
traceA,v3,962,205.8,217.3,1,20,L,41147.8745
traceA,v3,963,207.5,216.6,1,20,L,41237.1030
traceA,v3,964,204.6,218.5,1,20,L,41326.4300
traceA,v3,965,199.3,217.2,1,20,L,41415.8549
traceA,v3,966,208.5,217.1,1,20,L,41505.3780
traceA,v3,967,208.5,216.9,1,20,L,41594.9991
traceA,v3,968,208.5,217.4,1,20,L,41684.7184
traceA,v3,969,208.4,216.3,1,20,L,41774.5365
traceA,v3,970,199.3,217.1,1,20,L,41864.4519
traceA,v3,971,208.5,217.6,1,20,L,41954.4662
traceA,v3,972,199.8,217.4,1,20,L,42044.5769
traceA,v3,973,208.5,218.7,1,20,L,42134.7876
traceA,v3,974,206.8,218.0,1,20,L,42225.0928
traceA,v3,975,208.5,218.4,1,20,L,42315.5112
traceA,v3,976,208.5,219.0,1,20,L,42405.9878
traceA,v3,977,208.5,216.9,1,20,L,42496.5076
traceA,v3,978,208.5,218.3,1,20,L,42587.1204
traceA,v3,979,208.5,217.7,1,20,L,42677.8337
traceA,v3,980,187.2,217.8,1,20,L,42768.6461
traceA,v3,981,208.3,217.7,1,20,L,42859.5558
traceA,v3,982,208.4,215.2,1,19,L,42950.5641
traceA,v3,983,207.6,218.2,1,20,L,43041.6707
traceA,v3,984,208.3,218.3,1,20,L,43132.8753
traceA,v3,985,208.4,218.0,1,20,L,43224.1781
traceA,v3,986,208.3,218.2,1,20,L,43315.5788
traceA,v3,987,208.3,217.8,1,20,L,43407.0781
traceA,v3,988,208.3,217.4,1,20,L,43498.6752
traceA,v3,989,207.9,218.0,1,20,L,43590.3706
traceA,v3,990,208.4,219.7,1,20,L,43682.1641
traceA,v3,991,208.4,217.9,1,20,L,43774.0559
traceA,v3,992,208.4,217.7,1,20,L,43866.0458
traceA,v3,993,207.7,209.9,1,19,L,43958.1339
traceA,v3,994,208.3,217.7,1,20,L,44050.3199
traceA,v3,995,208.4,218.5,1,20,L,44142.6046
traceA,v3,996,208.3,217.1,1,20,L,44234.9871
traceA,v3,997,208.4,218.2,1,20,L,44327.4677
traceA,v3,998,208.4,216.6,1,20,L,44420.0465
traceA,v3,999,208.4,217.5,1,20,L,44512.7235
traceB,fixed20,0,88.5,1862.4,1,6,,1.6133
traceB,fixed20,1,76.2,178.7,1,6,,1.6108
traceB,fixed20,2,86.1,178.0,1,6,,1.6084
traceB,fixed20,3,70.2,174.6,1,6,,1.6060
traceB,fixed20,4,93.9,175.1,1,6,,1.6035
traceB,fixed20,5,68.4,175.1,1,6,,1.6011
traceB,fixed20,6,89.0,174.1,1,6,,1.5987
traceB,fixed20,7,87.1,174.1,1,6,,1.5962
traceB,fixed20,8,87.9,173.9,1,6,,1.5938
traceB,fixed20,9,68.8,174.0,1,6,,1.5915
traceB,fixed20,10,97.4,173.5,1,6,,1.5891
traceB,fixed20,11,87.3,174.8,1,6,,1.5868
traceB,fixed20,12,89.0,174.8,1,6,,1.5845
traceB,fixed20,13,86.7,174.3,1,6,,1.5823
traceB,fixed20,14,94.8,173.7,1,6,,1.5801
traceB,fixed20,15,94.8,173.8,1,6,,1.5780
traceB,fixed20,16,92.2,176.6,1,6,,1.5759
traceB,fixed20,17,85.2,173.7,1,6,,1.5739
traceB,fixed20,18,80.1,174.8,1,6,,1.5720
traceB,fixed20,19,71.0,174.2,1,6,,1.5701
traceB,fixed20,20,75.0,173.6,1,6,,1.5683
traceB,fixed20,21,82.8,174.8,1,6,,1.5666
traceB,fixed20,22,88.1,174.6,1,6,,1.5650
traceB,fixed20,23,86.7,175.3,1,6,,1.5635
traceB,fixed20,24,86.5,173.9,1,6,,1.5620
traceB,fixed20,25,72.6,174.7,1,6,,1.5607
traceB,fixed20,26,93.8,175.1,1,6,,1.5595
traceB,fixed20,27,72.1,174.6,1,6,,1.5583
traceB,fixed20,28,77.8,175.0,1,6,,1.5573
traceB,fixed20,29,86.0,175.4,1,6,,1.5564
traceB,fixed20,30,79.2,176.1,1,6,,1.5556
traceB,fixed20,31,78.3,175.0,1,6,,1.5549
traceB,fixed20,32,68.6,175.7,1,6,,1.5543
traceB,fixed20,33,88.6,175.4,1,6,,1.5538
traceB,fixed20,34,74.1,175.3,1,6,,1.5535
traceB,fixed20,35,77.5,174.1,1,6,,1.5533
traceB,fixed20,36,80.2,175.7,1,6,,1.5532
traceB,fixed20,37,82.9,175.4,1,6,,1.5532
traceB,fixed20,38,88.8,176.1,1,6,,1.5533
traceB,fixed20,39,68.1,175.7,1,6,,1.5536
traceB,fixed20,40,91.9,175.9,1,6,,1.5540
traceB,fixed20,41,93.1,175.8,1,6,,1.5545
traceB,fixed20,42,70.2,175.7,1,6,,1.5551
traceB,fixed20,43,75.2,175.4,1,6,,1.5558
traceB,fixed20,44,97.5,175.3,1,6,,1.5567
traceB,fixed20,45,106.3,177.8,1,6,,1.5577
traceB,fixed20,46,80.2,174.6,1,6,,1.5588
traceB,fixed20,47,88.7,175.9,1,6,,1.5600
traceB,fixed20,48,70.2,175.9,1,6,,1.5613
traceB,fixed20,49,89.3,175.6,1,6,,1.5628
traceB,fixed20,50,69.6,175.2,1,6,,1.5643
traceB,fixed20,51,69.0,175.5,1,6,,1.5659
traceB,fixed20,52,62.9,175.1,1,6,,1.5677
traceB,fixed20,53,160.6,175.7,1,6,,1.5695
traceB,fixed20,54,141.1,175.1,1,6,,1.5715
traceB,fixed20,55,85.9,175.5,1,6,,1.5735
traceB,fixed20,56,90.7,175.9,1,6,,1.5756
traceB,fixed20,57,93.8,176.2,1,6,,1.5778
traceB,fixed20,58,89.7,176.1,1,6,,1.5801
traceB,fixed20,59,85.2,175.7,1,6,,1.5824
traceB,fixed20,60,86.5,174.7,1,6,,1.5849
traceB,fixed20,61,87.8,175.7,1,6,,1.5873
traceB,fixed20,62,70.0,175.3,1,6,,1.5899
traceB,fixed20,63,64.1,174.7,1,6,,1.5925
traceB,fixed20,64,69.4,175.6,1,6,,1.5951
traceB,fixed20,65,78.1,175.2,1,6,,1.5978
traceB,fixed20,66,100.6,174.4,1,6,,1.6005
traceB,fixed20,67,78.8,175.1,1,6,,1.6033
traceB,fixed20,68,84.3,176.1,1,6,,1.6061
traceB,fixed20,69,87.7,175.8,1,6,,1.6089
traceB,fixed20,70,84.2,176.1,1,6,,1.6117
traceB,fixed20,71,81.1,175.7,1,6,,1.6146
traceB,fixed20,72,78.4,176.8,1,6,,1.6174
traceB,fixed20,73,89.6,178.1,1,6,,1.6202
traceB,fixed20,74,86.4,178.2,1,6,,1.6231
traceB,fixed20,75,85.2,176.2,1,6,,1.6259
traceB,fixed20,76,92.5,175.5,1,6,,1.6287
traceB,fixed20,77,91.4,175.9,1,6,,1.6315
traceB,fixed20,78,94.6,174.6,1,6,,1.6342
traceB,fixed20,79,85.5,175.6,1,6,,1.6369
traceB,fixed20,80,84.5,175.1,1,6,,1.6396
traceB,fixed20,81,89.0,175.7,1,6,,1.6422
traceB,fixed20,82,102.4,175.6,1,6,,1.6448
traceB,fixed20,83,80.3,175.1,1,6,,1.6473
traceB,fixed20,84,80.6,174.8,1,6,,1.6497
traceB,fixed20,85,97.8,175.6,1,6,,1.6521
traceB,fixed20,86,68.0,176.8,1,6,,1.6543
traceB,fixed20,87,69.4,176.0,1,6,,1.6565
traceB,fixed20,88,66.6,176.1,1,6,,1.6587
traceB,fixed20,89,78.6,175.8,1,6,,1.6607
traceB,fixed20,90,85.0,176.2,1,6,,1.6626
traceB,fixed20,91,93.3,176.2,1,6,,1.6644
traceB,fixed20,92,95.9,175.6,1,6,,1.6661
traceB,fixed20,93,85.0,176.1,1,6,,1.6677
traceB,fixed20,94,82.7,175.2,1,6,,1.6692
traceB,fixed20,95,89.3,175.6,1,6,,1.6705
traceB,fixed20,96,91.2,174.4,1,6,,1.6717
traceB,fixed20,97,91.6,175.3,1,6,,1.6728
traceB,fixed20,98,90.8,176.4,1,6,,1.6738
traceB,fixed20,99,71.2,175.4,1,6,,1.6746
traceB,fixed20,100,88.1,175.2,1,6,,1.6752
traceB,fixed20,101,85.8,175.5,1,6,,1.6757
traceB,fixed20,102,74.4,176.9,1,6,,1.6761
traceB,fixed20,103,94.4,175.1,1,6,,1.6763
traceB,fixed20,104,83.2,176.0,1,6,,1.6763
traceB,fixed20,105,76.9,178.4,1,6,,1.6762
traceB,fixed20,106,90.1,176.6,1,6,,1.6759
traceB,fixed20,107,79.8,176.3,1,6,,1.6754
traceB,fixed20,108,83.5,176.0,1,6,,1.6747
traceB,fixed20,109,85.8,176.6,1,6,,1.6739
traceB,fixed20,110,99.6,175.7,1,6,,1.6729
traceB,fixed20,111,81.9,175.3,1,6,,1.6717
traceB,fixed20,112,84.5,175.5,1,6,,1.6703
traceB,fixed20,113,89.7,176.1,1,6,,1.6688
traceB,fixed20,114,92.6,175.9,1,6,,1.6670
traceB,fixed20,115,70.4,175.1,1,6,,1.6650
traceB,fixed20,116,86.7,175.9,1,6,,1.6629
traceB,fixed20,117,70.7,175.7,1,6,,1.6606
traceB,fixed20,118,72.1,175.5,1,6,,1.6580
traceB,fixed20,119,91.5,176.6,1,6,,1.6553
traceB,fixed20,120,75.4,176.5,1,6,,1.6524
traceB,fixed20,121,82.6,174.8,1,6,,1.6492
traceB,fixed20,122,87.2,175.8,1,6,,1.6459
traceB,fixed20,123,89.7,175.9,1,6,,1.6424
traceB,fixed20,124,69.2,175.7,1,6,,1.6387
traceB,fixed20,125,95.3,175.2,1,6,,1.6347
traceB,fixed20,126,96.5,175.2,1,6,,1.6306
traceB,fixed20,127,85.1,176.2,1,6,,1.6263
traceB,fixed20,128,85.9,176.1,1,6,,1.6218
traceB,fixed20,129,84.4,175.5,1,6,,1.6171
traceB,fixed20,130,94.9,176.5,1,6,,1.6121
traceB,fixed20,131,90.1,177.3,1,6,,1.6070
traceB,fixed20,132,72.2,175.1,1,6,,1.6017
traceB,fixed20,133,79.4,175.7,1,6,,1.5962
traceB,fixed20,134,87.8,175.3,1,6,,1.5906
traceB,fixed20,135,91.6,175.2,1,6,,1.5847
traceB,fixed20,136,89.9,176.3,1,6,,1.5787
traceB,fixed20,137,93.1,175.0,1,6,,1.5724
traceB,fixed20,138,72.7,176.3,1,6,,1.5660
traceB,fixed20,139,76.4,175.2,1,6,,1.5595
traceB,fixed20,140,87.5,175.7,1,6,,1.5527
traceB,fixed20,141,71.3,175.0,1,6,,1.5458
traceB,fixed20,142,89.4,175.1,1,6,,1.5388
traceB,fixed20,143,88.1,175.8,1,6,,1.5315
traceB,fixed20,144,77.7,175.8,1,6,,1.5242
traceB,fixed20,145,86.5,175.7,1,6,,1.5166
traceB,fixed20,146,79.5,175.4,1,6,,1.5090
traceB,fixed20,147,80.5,174.9,1,6,,1.5012
traceB,fixed20,148,89.4,174.6,1,6,,1.4933
traceB,fixed20,149,69.0,175.5,1,6,,1.4852
traceB,fixed20,150,88.0,174.8,1,6,,1.4770
traceB,fixed20,151,78.8,175.4,1,6,,1.4688
traceB,fixed20,152,80.5,174.9,1,6,,1.4604
traceB,fixed20,153,85.4,176.4,1,6,,1.4519
traceB,fixed20,154,72.7,176.1,1,6,,1.4434
traceB,fixed20,155,67.9,175.5,1,6,,1.4348
traceB,fixed20,156,71.6,175.4,1,6,,1.4261
traceB,fixed20,157,94.8,175.0,1,6,,1.4173
traceB,fixed20,158,86.9,175.2,1,6,,1.4085
traceB,fixed20,159,86.7,174.4,1,6,,1.3996
traceB,fixed20,160,84.6,175.4,1,6,,1.3908
traceB,fixed20,161,93.3,173.3,1,6,,1.3819
traceB,fixed20,162,71.4,174.8,1,6,,1.3730
traceB,fixed20,163,87.3,173.8,1,6,,1.3641
traceB,fixed20,164,88.6,177.3,1,6,,1.3552
traceB,fixed20,165,87.0,175.7,1,6,,1.3463
traceB,fixed20,166,76.8,173.3,1,6,,1.3375
traceB,fixed20,167,86.8,173.6,1,6,,1.3287
traceB,fixed20,168,95.2,173.5,1,6,,1.3200
traceB,fixed20,169,93.9,173.8,1,6,,1.3114
traceB,fixed20,170,70.7,174.8,1,6,,1.3028
traceB,fixed20,171,91.4,173.9,1,6,,1.2944
traceB,fixed20,172,85.8,175.1,1,6,,1.2861
traceB,fixed20,173,72.4,173.9,1,6,,1.2779
traceB,fixed20,174,91.8,173.4,1,6,,1.2699
traceB,fixed20,175,85.9,173.8,1,6,,1.2620
traceB,fixed20,176,84.6,174.3,1,6,,1.2543
traceB,fixed20,177,85.3,175.0,1,6,,1.2468
traceB,fixed20,178,69.0,174.4,1,6,,1.2395
traceB,fixed20,179,70.9,174.7,1,6,,1.2324
traceB,fixed20,180,70.1,174.3,1,6,,1.2256
traceB,fixed20,181,73.8,174.5,1,6,,1.2190
traceB,fixed20,182,85.4,175.1,1,6,,1.2127
traceB,fixed20,183,86.3,174.6,1,6,,1.2067
traceB,fixed20,184,86.7,173.6,1,6,,1.2010
traceB,fixed20,185,93.7,174.9,1,6,,1.1955
traceB,fixed20,186,95.2,173.6,1,6,,1.1905
traceB,fixed20,187,89.9,174.9,1,6,,1.1857
traceB,fixed20,188,74.1,175.1,1,6,,1.1814
traceB,fixed20,189,87.2,178.3,1,6,,1.1774
traceB,fixed20,190,73.0,174.8,1,6,,1.1738
traceB,fixed20,191,71.8,175.6,1,6,,1.1706
traceB,fixed20,192,82.7,175.6,1,6,,1.1678
traceB,fixed20,193,70.1,174.4,1,6,,1.1654
traceB,fixed20,194,88.0,175.3,1,6,,1.1634
traceB,fixed20,195,82.5,174.5,1,6,,1.1619
traceB,fixed20,196,72.9,174.7,1,6,,1.1609
traceB,fixed20,197,92.6,174.9,1,6,,1.1603
traceB,fixed20,198,71.5,175.2,1,6,,1.1602
traceB,fixed20,199,88.3,175.5,1,6,,1.1605
traceB,fixed20,200,84.9,174.4,1,6,,1.1613
traceB,fixed20,201,84.1,174.2,1,6,,1.1626
traceB,fixed20,202,75.1,175.5,1,6,,1.1644
traceB,fixed20,203,89.6,174.8,1,6,,1.1667
traceB,fixed20,204,88.8,175.2,1,6,,1.1694
traceB,fixed20,205,83.6,175.1,1,6,,1.1726
traceB,fixed20,206,83.6,175.4,1,6,,1.1764
traceB,fixed20,207,80.6,175.5,1,6,,1.1806
traceB,fixed20,208,80.2,175.5,1,6,,1.1852
traceB,fixed20,209,83.6,175.2,1,6,,1.1904
traceB,fixed20,210,86.3,175.4,1,6,,1.1959
traceB,fixed20,211,88.1,174.4,1,6,,1.2020
traceB,fixed20,212,69.7,174.8,1,6,,1.2085
traceB,fixed20,213,69.4,174.8,1,6,,1.2154
traceB,fixed20,214,89.8,177.2,1,6,,1.2228
traceB,fixed20,215,84.5,175.9,1,6,,1.2306
traceB,fixed20,216,85.6,174.8,1,6,,1.2388
traceB,fixed20,217,92.1,174.9,1,6,,1.2474
traceB,fixed20,218,97.4,178.6,1,6,,1.2564
traceB,fixed20,219,88.3,177.0,1,6,,1.2657
traceB,fixed20,220,86.7,177.2,1,6,,1.2754
traceB,fixed20,221,85.1,176.7,1,6,,1.2854
traceB,fixed20,222,80.8,175.6,1,6,,1.2958
traceB,fixed20,223,78.7,175.7,1,6,,1.3065
traceB,fixed20,224,85.5,175.0,1,6,,1.3175
traceB,fixed20,225,82.0,175.8,1,6,,1.3287
traceB,fixed20,226,80.9,175.5,1,6,,1.3403
traceB,fixed20,227,72.5,176.1,1,6,,1.3521
traceB,fixed20,228,87.5,175.6,1,6,,1.3641
traceB,fixed20,229,80.2,175.7,1,6,,1.3764
traceB,fixed20,230,78.8,175.8,1,6,,1.3888
traceB,fixed20,231,86.9,175.6,1,6,,1.4015
traceB,fixed20,232,85.9,176.0,1,6,,1.4143
traceB,fixed20,233,89.9,175.9,1,6,,1.4273
traceB,fixed20,234,83.5,175.5,1,6,,1.4404
traceB,fixed20,235,79.7,175.8,1,6,,1.4537
traceB,fixed20,236,83.6,175.5,1,6,,1.4671
traceB,fixed20,237,91.1,175.4,1,6,,1.4806
traceB,fixed20,238,72.8,175.9,1,6,,1.4942
traceB,fixed20,239,87.8,175.5,1,6,,1.5078
traceB,fixed20,240,70.0,175.5,1,6,,1.5216
traceB,fixed20,241,98.6,175.9,1,6,,1.5353
traceB,fixed20,242,71.4,174.5,1,6,,1.5491
traceB,fixed20,243,81.8,176.1,1,6,,1.5629
traceB,fixed20,244,73.6,175.8,1,6,,1.5767
traceB,fixed20,245,78.3,176.8,1,6,,1.5905
traceB,fixed20,246,81.9,177.4,1,6,,1.6043
traceB,fixed20,247,84.4,177.8,1,6,,1.6181
traceB,fixed20,248,90.2,174.0,1,6,,1.6318
traceB,fixed20,249,86.6,176.0,1,6,,1.6454
traceB,fixed20,250,82.7,175.9,1,6,,1.6590
traceB,fixed20,251,82.0,176.4,1,6,,1.6725
traceB,fixed20,252,83.7,175.8,1,6,,1.6859
traceB,fixed20,253,87.4,175.8,1,6,,1.6992
traceB,fixed20,254,89.3,175.5,1,6,,1.7124
traceB,fixed20,255,86.5,175.5,1,6,,1.7255
traceB,fixed20,256,73.5,175.6,1,6,,1.7384
traceB,fixed20,257,94.6,175.4,1,6,,1.7512
traceB,fixed20,258,84.6,177.0,1,6,,1.7638
traceB,fixed20,259,84.4,175.6,1,6,,1.7763
traceB,fixed20,260,89.3,174.7,1,6,,1.7885
traceB,fixed20,261,94.9,175.1,1,6,,1.8006
traceB,fixed20,262,71.5,177.4,1,6,,1.8125
traceB,fixed20,263,86.8,176.7,1,6,,1.8242
traceB,fixed20,264,87.9,178.5,1,6,,1.8357
traceB,fixed20,265,73.7,176.0,1,6,,1.8470
traceB,fixed20,266,94.0,176.3,1,6,,1.8580
traceB,fixed20,267,96.6,175.6,1,6,,1.8688
traceB,fixed20,268,89.1,175.7,1,6,,1.8793
traceB,fixed20,269,96.4,179.1,1,6,,1.8896
traceB,fixed20,270,75.9,176.7,1,6,,1.8996
traceB,fixed20,271,97.1,176.0,1,6,,1.9094
traceB,fixed20,272,94.2,176.4,1,6,,1.9189
traceB,fixed20,273,86.1,176.5,1,6,,1.9281
traceB,fixed20,274,77.3,175.5,1,6,,1.9370
traceB,fixed20,275,90.0,176.9,1,6,,1.9456
traceB,fixed20,276,80.4,175.9,1,6,,1.9539
traceB,fixed20,277,81.1,175.5,1,6,,1.9619
traceB,fixed20,278,85.7,176.6,1,6,,1.9696
traceB,fixed20,279,68.8,175.5,1,6,,1.9770
traceB,fixed20,280,90.4,175.8,1,6,,1.9840
traceB,fixed20,281,83.8,177.0,1,6,,1.9907
traceB,fixed20,282,79.0,175.7,1,6,,1.9970
traceB,fixed20,283,84.2,175.7,1,6,,2.0031
traceB,fixed20,284,82.8,176.3,1,6,,2.0087
traceB,fixed20,285,81.0,175.0,1,6,,2.0140
traceB,fixed20,286,83.6,176.0,1,6,,2.0190
traceB,fixed20,287,82.8,175.3,1,6,,2.0236
traceB,fixed20,288,83.1,175.9,1,6,,2.0278
traceB,fixed20,289,85.9,175.9,1,6,,2.0317
traceB,fixed20,290,83.5,175.3,1,6,,2.0351
traceB,fixed20,291,86.6,175.9,1,6,,2.0382
traceB,fixed20,292,92.2,175.3,1,6,,2.0410
traceB,fixed20,293,92.1,175.5,1,6,,2.0433
traceB,fixed20,294,92.3,176.0,1,6,,2.0452
traceB,fixed20,295,71.4,176.5,1,6,,2.0468
traceB,fixed20,296,89.5,175.2,1,6,,2.0479
traceB,fixed20,297,87.4,175.8,1,6,,2.0487
traceB,fixed20,298,81.3,175.3,1,6,,2.0490
traceB,fixed20,299,80.8,175.4,1,6,,2.0490
traceB,fixed20,300,86.0,175.5,1,6,,2.0485
traceB,fixed20,301,90.0,175.4,1,6,,2.0476
traceB,fixed20,302,89.7,175.2,1,6,,2.0463
traceB,fixed20,303,83.3,176.0,1,6,,2.0446
traceB,fixed20,304,76.5,177.6,1,6,,2.0425
traceB,fixed20,305,90.8,174.7,1,6,,2.0400
traceB,fixed20,306,72.3,175.0,1,6,,2.0371
traceB,fixed20,307,68.9,175.5,1,6,,2.0337
traceB,fixed20,308,73.0,177.7,1,6,,2.0299
traceB,fixed20,309,92.2,178.1,1,6,,2.0257
traceB,fixed20,310,92.7,178.2,1,6,,2.0211
traceB,fixed20,311,85.2,177.0,1,6,,2.0161
traceB,fixed20,312,86.5,176.6,1,6,,2.0107
traceB,fixed20,313,87.2,175.9,1,6,,2.0048
traceB,fixed20,314,93.8,175.5,1,6,,1.9985
traceB,fixed20,315,96.2,176.5,1,6,,1.9918
traceB,fixed20,316,85.6,175.6,1,6,,1.9847
traceB,fixed20,317,89.3,174.7,1,6,,1.9771
traceB,fixed20,318,84.3,174.4,1,6,,1.9691
traceB,fixed20,319,91.5,174.4,1,6,,1.9608
traceB,fixed20,320,94.9,174.8,1,6,,1.9520
traceB,fixed20,321,86.6,175.0,1,6,,1.9428
traceB,fixed20,322,87.1,175.4,1,6,,1.9332
traceB,fixed20,323,81.5,173.4,1,6,,1.9231
traceB,fixed20,324,83.8,174.4,1,6,,1.9127
traceB,fixed20,325,81.4,174.5,1,6,,1.9019
traceB,fixed20,326,83.6,173.2,1,6,,1.8907
traceB,fixed20,327,83.4,173.1,1,6,,1.8790
traceB,fixed20,328,84.9,172.7,1,6,,1.8670
traceB,fixed20,329,88.6,173.9,1,6,,1.8546
traceB,fixed20,330,94.5,173.6,1,6,,1.8418
traceB,fixed20,331,92.6,174.8,1,6,,1.8287
traceB,fixed20,332,83.5,174.0,1,6,,1.8151
traceB,fixed20,333,85.9,175.2,1,6,,1.8012
traceB,fixed20,334,88.4,173.1,1,6,,1.7869
traceB,fixed20,335,67.7,174.6,1,6,,1.7722
traceB,fixed20,336,72.7,173.5,1,6,,1.7572
traceB,fixed20,337,86.0,174.5,1,6,,1.7418
traceB,fixed20,338,78.8,175.8,1,6,,1.7261
traceB,fixed20,339,66.7,174.4,1,6,,1.7101
traceB,fixed20,340,85.8,174.9,1,6,,1.6937
traceB,fixed20,341,80.0,175.0,1,6,,1.6769
traceB,fixed20,342,85.9,175.6,1,6,,1.6599
traceB,fixed20,343,84.1,175.1,1,6,,1.6426
traceB,fixed20,344,88.6,173.9,1,6,,1.6249
traceB,fixed20,345,71.5,173.3,1,6,,1.6070
traceB,fixed20,346,92.6,175.6,1,6,,1.5887
traceB,fixed20,347,90.0,175.1,1,6,,1.5702
traceB,fixed20,348,89.7,174.9,1,6,,1.5514
traceB,fixed20,349,77.3,174.1,1,6,,1.5324
traceB,fixed20,350,71.5,176.8,1,6,,1.5131
traceB,fixed20,351,77.7,174.8,1,6,,1.4936
traceB,fixed20,352,81.5,174.4,1,6,,1.4739
traceB,fixed20,353,83.8,174.6,1,6,,1.4540
traceB,fixed20,354,77.9,175.2,1,6,,1.4339
traceB,fixed20,355,90.5,174.7,1,6,,1.4136
traceB,fixed20,356,78.3,174.7,1,6,,1.3931
traceB,fixed20,357,82.7,174.9,1,6,,1.3725
traceB,fixed20,358,85.5,174.5,1,6,,1.3517
traceB,fixed20,359,88.1,174.8,1,6,,1.3309
traceB,fixed20,360,87.4,175.0,1,6,,1.3099
traceB,fixed20,361,69.7,174.6,1,6,,1.2889
traceB,fixed20,362,97.3,176.1,1,6,,1.2678
traceB,fixed20,363,89.5,174.3,1,6,,1.2467
traceB,fixed20,364,85.1,174.8,1,6,,1.2256
traceB,fixed20,365,88.2,174.4,1,6,,1.2045
traceB,fixed20,366,89.7,175.3,1,6,,1.1834
traceB,fixed20,367,77.8,175.1,1,6,,1.1625
traceB,fixed20,368,82.0,175.0,1,6,,1.1416
traceB,fixed20,369,65.8,174.8,1,6,,1.1208
traceB,fixed20,370,77.8,175.3,1,6,,1.1003
traceB,fixed20,371,88.2,174.6,1,6,,1.0799
traceB,fixed20,372,91.6,174.4,1,6,,1.0598
traceB,fixed20,373,94.6,175.3,1,6,,1.0400
traceB,fixed20,374,88.9,175.4,1,6,,1.0205
traceB,fixed20,375,85.4,175.0,1,6,,1.0013
traceB,fixed20,376,86.1,175.2,1,6,,0.9826
traceB,fixed20,377,91.6,174.9,1,6,,0.9644
traceB,fixed20,378,74.3,175.1,1,6,,0.9467
traceB,fixed20,379,83.6,175.1,1,6,,0.9296
traceB,fixed20,380,92.1,174.8,1,6,,0.9131
traceB,fixed20,381,85.7,174.4,1,6,,0.8973
traceB,fixed20,382,86.9,174.3,1,6,,0.8823
traceB,fixed20,383,82.4,174.6,1,6,,0.8681
traceB,fixed20,384,78.6,174.8,1,6,,0.8547
traceB,fixed20,385,92.0,174.9,1,6,,0.8424
traceB,fixed20,386,69.0,175.6,1,6,,0.8310
traceB,fixed20,387,75.6,175.1,1,6,,0.8208
traceB,fixed20,388,92.7,173.8,1,6,,0.8116
traceB,fixed20,389,92.8,174.6,1,6,,0.8037
traceB,fixed20,390,84.8,175.2,1,6,,0.7970
traceB,fixed20,391,87.3,175.8,1,6,,0.7916
traceB,fixed20,392,86.6,174.7,1,6,,0.7876
traceB,fixed20,393,94.4,175.2,1,6,,0.7849
traceB,fixed20,394,91.5,174.3,1,6,,0.7836
traceB,fixed20,395,72.7,175.8,1,6,,0.7838
traceB,fixed20,396,85.9,175.1,1,6,,0.7853
traceB,fixed20,397,90.8,174.6,1,6,,0.7883
traceB,fixed20,398,83.1,175.7,1,6,,0.7928
traceB,fixed20,399,74.9,175.6,1,6,,0.7986
traceB,fixed20,400,89.9,175.2,1,6,,0.8058
traceB,fixed20,401,86.9,174.4,1,6,,0.8143
traceB,fixed20,402,81.8,174.7,1,6,,0.8242
traceB,fixed20,403,83.7,175.0,1,6,,0.8352
traceB,fixed20,404,82.9,175.0,1,6,,0.8475
traceB,fixed20,405,81.0,174.7,1,6,,0.8610
traceB,fixed20,406,85.4,174.4,1,6,,0.8755
traceB,fixed20,407,76.9,175.3,1,6,,0.8911
traceB,fixed20,408,71.1,174.6,1,6,,0.9076
traceB,fixed20,409,92.4,175.6,1,6,,0.9250
traceB,fixed20,410,75.0,175.3,1,6,,0.9433
traceB,fixed20,411,74.0,174.7,1,6,,0.9624
traceB,fixed20,412,87.3,174.8,1,6,,0.9823
traceB,fixed20,413,103.1,174.4,1,6,,1.0028
traceB,fixed20,414,75.2,175.0,1,6,,1.0239
traceB,fixed20,415,80.3,174.2,1,6,,1.0456
traceB,fixed20,416,82.2,175.1,1,6,,1.0678
traceB,fixed20,417,84.9,176.1,1,6,,1.0906
traceB,fixed20,418,98.4,175.0,1,6,,1.1137
traceB,fixed20,419,93.6,174.5,1,6,,1.1372
traceB,fixed20,420,84.7,176.3,1,6,,1.1611
traceB,fixed20,421,86.2,175.3,1,6,,1.1853
traceB,fixed20,422,85.1,174.5,1,6,,1.2098
traceB,fixed20,423,84.2,176.5,1,6,,1.2345
traceB,fixed20,424,75.0,176.5,1,6,,1.2594
traceB,fixed20,425,78.7,175.5,1,6,,1.2845
traceB,fixed20,426,83.1,175.5,1,6,,1.3097
traceB,fixed20,427,90.3,175.8,1,6,,1.3351
traceB,fixed20,428,83.0,175.8,1,6,,1.3605
traceB,fixed20,429,80.8,175.4,1,6,,1.3860
traceB,fixed20,430,82.2,175.3,1,6,,1.4115
traceB,fixed20,431,87.3,174.9,1,6,,1.4371
traceB,fixed20,432,89.4,175.4,1,6,,1.4626
traceB,fixed20,433,86.0,175.9,1,6,,1.4881
traceB,fixed20,434,79.5,176.2,1,6,,1.5136
traceB,fixed20,435,80.6,175.4,1,6,,1.5390
traceB,fixed20,436,88.9,175.7,1,6,,1.5643
traceB,fixed20,437,73.6,175.7,1,6,,1.5895
traceB,fixed20,438,87.1,175.4,1,6,,1.6146
traceB,fixed20,439,87.3,175.5,1,6,,1.6395
traceB,fixed20,440,81.9,174.7,1,6,,1.6643
traceB,fixed20,441,80.9,176.5,1,6,,1.6890
traceB,fixed20,442,76.0,176.4,1,6,,1.7134
traceB,fixed20,443,78.4,176.8,1,6,,1.7376
traceB,fixed20,444,95.5,176.0,1,6,,1.7616
traceB,fixed20,445,98.6,175.8,1,6,,1.7854
traceB,fixed20,446,68.9,175.6,1,6,,1.8090
traceB,fixed20,447,80.4,177.3,1,6,,1.8323
traceB,fixed20,448,82.6,177.0,1,6,,1.8553
traceB,fixed20,449,71.6,176.6,1,6,,1.8781
traceB,fixed20,450,97.9,176.2,1,6,,1.9006
traceB,fixed20,451,88.7,175.0,1,6,,1.9228
traceB,fixed20,452,73.0,175.9,1,6,,1.9446
traceB,fixed20,453,89.8,175.8,1,6,,1.9662
traceB,fixed20,454,85.6,175.8,1,6,,1.9874
traceB,fixed20,455,79.8,176.1,1,6,,2.0083
traceB,fixed20,456,80.4,176.1,1,6,,2.0288
traceB,fixed20,457,87.9,175.7,1,6,,2.0490
traceB,fixed20,458,86.2,176.0,1,6,,2.0688
traceB,fixed20,459,87.5,175.3,1,6,,2.0882
traceB,fixed20,460,70.1,175.1,1,6,,2.1072
traceB,fixed20,461,94.1,175.8,1,6,,2.1259
traceB,fixed20,462,89.5,176.1,1,6,,2.1441
traceB,fixed20,463,70.4,175.3,1,6,,2.1620
traceB,fixed20,464,82.9,175.7,1,6,,2.1794
traceB,fixed20,465,74.4,176.6,1,6,,2.1964
traceB,fixed20,466,89.5,177.3,1,6,,2.2129
traceB,fixed20,467,83.1,178.3,1,6,,2.2290
traceB,fixed20,468,77.4,178.6,1,6,,2.2447
traceB,fixed20,469,72.0,176.3,1,6,,2.2599
traceB,fixed20,470,80.2,178.8,1,6,,2.2747
traceB,fixed20,471,83.5,176.4,1,6,,2.2890
traceB,fixed20,472,89.5,177.7,1,6,,2.3028
traceB,fixed20,473,91.7,176.9,1,6,,2.3161
traceB,fixed20,474,89.5,174.9,1,6,,2.3290
traceB,fixed20,475,84.4,175.3,1,6,,2.3413
traceB,fixed20,476,84.2,176.4,1,6,,2.3532
traceB,fixed20,477,86.5,177.5,1,6,,2.3645
traceB,fixed20,478,92.1,175.0,1,6,,2.3754
traceB,fixed20,479,90.9,175.2,1,6,,2.3857
traceB,fixed20,480,69.8,174.6,1,6,,2.3956
traceB,fixed20,481,92.7,174.0,1,6,,2.4049
traceB,fixed20,482,88.5,175.5,1,6,,2.4137
traceB,fixed20,483,82.1,175.5,1,6,,2.4219
traceB,fixed20,484,79.8,175.8,1,6,,2.4296
traceB,fixed20,485,73.4,174.4,1,6,,2.4368
traceB,fixed20,486,89.4,174.6,1,6,,2.4435
traceB,fixed20,487,70.3,174.3,1,6,,2.4495
traceB,fixed20,488,81.1,173.9,1,6,,2.4551
traceB,fixed20,489,83.6,173.8,1,6,,2.4601
traceB,fixed20,490,68.1,174.8,1,6,,2.4645
traceB,fixed20,491,90.9,175.2,1,6,,2.4684
traceB,fixed20,492,91.5,174.2,1,6,,2.4718
traceB,fixed20,493,83.2,174.2,1,6,,2.4745
traceB,fixed20,494,84.7,174.2,1,6,,2.4768
traceB,fixed20,495,87.8,174.3,1,6,,2.4784
traceB,fixed20,496,89.3,174.8,1,6,,2.4795
traceB,fixed20,497,68.0,174.7,1,6,,2.4800
traceB,fixed20,498,90.3,174.3,1,6,,2.4799
traceB,fixed20,499,92.7,173.9,1,6,,2.4793
traceB,fixed20,500,68.2,175.2,1,6,,2.4781
traceB,fixed20,501,90.1,175.3,1,6,,2.4763
traceB,fixed20,502,93.8,175.5,1,6,,2.4739
traceB,fixed20,503,67.6,175.1,1,6,,2.4710
traceB,fixed20,504,83.2,177.4,1,6,,2.4675
traceB,fixed20,505,79.0,176.7,1,6,,2.4634
traceB,fixed20,506,85.8,177.1,1,6,,2.4587
traceB,fixed20,507,84.6,175.4,1,6,,2.4535
traceB,fixed20,508,84.2,175.3,1,6,,2.4477
traceB,fixed20,509,67.0,176.7,1,6,,2.4413
traceB,fixed20,510,72.6,175.6,1,6,,2.4343
traceB,fixed20,511,67.0,175.3,1,6,,2.4268
traceB,fixed20,512,90.7,175.8,1,6,,2.4187
traceB,fixed20,513,93.3,176.8,1,6,,2.4100
traceB,fixed20,514,87.2,175.3,1,6,,2.4007
traceB,fixed20,515,74.4,176.4,1,6,,2.3909
traceB,fixed20,516,95.2,175.7,1,6,,2.3805
traceB,fixed20,517,91.3,175.3,1,6,,2.3696
traceB,fixed20,518,94.6,176.5,1,6,,2.3581
traceB,fixed20,519,95.9,175.8,1,6,,2.3460
traceB,fixed20,520,102.5,177.2,1,6,,2.3334
traceB,fixed20,521,93.0,176.8,1,6,,2.3202
traceB,fixed20,522,83.6,176.1,1,6,,2.3065
traceB,fixed20,523,86.3,176.7,1,6,,2.2922
traceB,fixed20,524,92.8,174.9,1,6,,2.2774
traceB,fixed20,525,92.3,175.9,1,6,,2.2620
traceB,fixed20,526,103.7,175.6,1,6,,2.2461
traceB,fixed20,527,95.3,175.7,1,6,,2.2297
traceB,fixed20,528,94.3,175.5,1,6,,2.2127
traceB,fixed20,529,84.0,178.7,1,6,,2.1952
traceB,fixed20,530,82.4,180.1,1,6,,2.1772
traceB,fixed20,531,85.6,178.6,1,6,,2.1587
traceB,fixed20,532,92.4,176.9,1,6,,2.1397
traceB,fixed20,533,91.7,176.2,1,6,,2.1201
traceB,fixed20,534,88.7,176.5,1,6,,2.1001
traceB,fixed20,535,72.5,177.5,1,6,,2.0796
traceB,fixed20,536,93.1,174.8,1,6,,2.0586
traceB,fixed20,537,83.6,175.0,1,6,,2.0371
traceB,fixed20,538,75.1,176.5,1,6,,2.0152
traceB,fixed20,539,90.3,175.4,1,6,,1.9928
traceB,fixed20,540,87.4,175.3,1,6,,1.9699
traceB,fixed20,541,79.4,175.6,1,6,,1.9466
traceB,fixed20,542,87.3,175.5,1,6,,1.9228
traceB,fixed20,543,93.2,175.0,1,6,,1.8987
traceB,fixed20,544,69.2,176.0,1,6,,1.8741
traceB,fixed20,545,70.5,176.1,1,6,,1.8491
traceB,fixed20,546,89.7,176.0,1,6,,1.8236
traceB,fixed20,547,89.5,175.8,1,6,,1.7978
traceB,fixed20,548,87.7,174.9,1,6,,1.7716
traceB,fixed20,549,81.9,175.6,1,6,,1.7451
traceB,fixed20,550,81.4,176.0,1,6,,1.7182
traceB,fixed20,551,70.5,176.5,1,6,,1.6909
traceB,fixed20,552,88.6,174.6,1,6,,1.6633
traceB,fixed20,553,90.2,175.4,1,6,,1.6354
traceB,fixed20,554,86.6,174.4,1,6,,1.6072
traceB,fixed20,555,79.6,176.1,1,6,,1.5787
traceB,fixed20,556,86.1,177.2,1,6,,1.5499
traceB,fixed20,557,90.5,174.9,1,6,,1.5209
traceB,fixed20,558,74.4,174.4,1,6,,1.4917
traceB,fixed20,559,87.0,178.8,1,6,,1.4622
traceB,fixed20,560,81.4,177.5,1,6,,1.4325
traceB,fixed20,561,80.8,175.1,1,6,,1.4027
traceB,fixed20,562,93.4,175.6,1,6,,1.3727
traceB,fixed20,563,88.2,175.8,1,6,,1.3425
traceB,fixed20,564,70.4,177.1,1,6,,1.3123
traceB,fixed20,565,60.8,174.5,1,6,,1.2820
traceB,fixed20,566,85.4,175.4,1,6,,1.2517
traceB,fixed20,567,102.6,174.8,1,6,,1.2213
traceB,fixed20,568,76.1,175.3,1,6,,1.1910
traceB,fixed20,569,92.7,175.0,1,6,,1.1608
traceB,fixed20,570,94.1,174.5,1,6,,1.1306
traceB,fixed20,571,70.2,174.9,1,6,,1.1007
traceB,fixed20,572,88.5,174.4,1,6,,1.0709
traceB,fixed20,573,89.7,175.1,1,6,,1.0414
traceB,fixed20,574,69.3,175.2,1,6,,1.0123
traceB,fixed20,575,94.1,175.0,1,6,,0.9835
traceB,fixed20,576,93.5,175.0,1,6,,0.9552
traceB,fixed20,577,86.9,175.3,1,6,,0.9275
traceB,fixed20,578,85.2,174.9,1,6,,0.9004
traceB,fixed20,579,86.0,174.4,1,6,,0.8740
traceB,fixed20,580,94.8,174.1,1,6,,0.8485
traceB,fixed20,581,94.0,175.2,1,6,,0.8239
traceB,fixed20,582,70.5,175.6,1,6,,0.8004
traceB,fixed20,583,78.1,174.8,1,6,,0.7782
traceB,fixed20,584,87.9,175.2,1,6,,0.7572
traceB,fixed20,585,91.3,174.0,1,6,,0.7378
traceB,fixed20,586,72.3,175.8,1,6,,0.7201
traceB,fixed20,587,86.5,178.1,1,6,,0.7042
traceB,fixed20,588,89.7,175.3,1,6,,0.6902
traceB,fixed20,589,68.7,175.5,1,6,,0.6783
traceB,fixed20,590,70.6,176.1,1,6,,0.6688
traceB,fixed20,591,77.2,176.3,1,6,,0.6616
traceB,fixed20,592,81.1,175.4,1,6,,0.6568
traceB,fixed20,593,86.4,174.9,1,6,,0.6546
traceB,fixed20,594,78.0,174.7,1,6,,0.6551
traceB,fixed20,595,90.1,174.2,1,6,,0.6581
traceB,fixed20,596,71.0,176.0,1,6,,0.6637
traceB,fixed20,597,92.7,180.7,1,6,,0.6718
traceB,fixed20,598,69.6,175.6,1,6,,0.6823
traceB,fixed20,599,88.0,175.0,1,6,,0.6952
traceB,fixed20,600,89.3,175.5,1,6,,0.7103
traceB,fixed20,601,83.3,175.6,1,6,,0.7274
traceB,fixed20,602,76.7,175.0,1,6,,0.7465
traceB,fixed20,603,68.9,174.8,1,6,,0.7673
traceB,fixed20,604,71.2,177.9,1,6,,0.7897
traceB,fixed20,605,89.5,174.6,1,6,,0.8136
traceB,fixed20,606,70.5,175.8,1,6,,0.8389
traceB,fixed20,607,75.4,175.3,1,6,,0.8654
traceB,fixed20,608,83.3,175.8,1,6,,0.8929
traceB,fixed20,609,88.0,177.9,1,6,,0.9214
traceB,fixed20,610,90.6,176.2,1,6,,0.9508
traceB,fixed20,611,92.0,176.6,1,6,,0.9810
traceB,fixed20,612,79.1,174.4,1,6,,1.0118
traceB,fixed20,613,80.5,175.1,1,6,,1.0432
traceB,fixed20,614,87.1,175.1,1,6,,1.0752
traceB,fixed20,615,74.9,175.3,1,6,,1.1076
traceB,fixed20,616,89.4,175.0,1,6,,1.1404
traceB,fixed20,617,70.3,175.2,1,6,,1.1735
traceB,fixed20,618,74.0,174.4,1,6,,1.2070
traceB,fixed20,619,89.2,174.1,1,6,,1.2406
traceB,fixed20,620,86.1,174.2,1,6,,1.2745
traceB,fixed20,621,67.8,176.6,1,6,,1.3085
traceB,fixed20,622,86.0,174.8,1,6,,1.3426
traceB,fixed20,623,80.4,175.0,1,6,,1.3768
traceB,fixed20,624,82.3,175.5,1,6,,1.4110
traceB,fixed20,625,87.9,176.3,1,6,,1.4453
traceB,fixed20,626,87.6,175.4,1,6,,1.4795
traceB,fixed20,627,89.4,175.1,1,6,,1.5137
traceB,fixed20,628,82.2,174.7,1,6,,1.5478
traceB,fixed20,629,84.0,174.9,1,6,,1.5818
traceB,fixed20,630,83.8,176.9,1,6,,1.6157
traceB,fixed20,631,86.6,175.8,1,6,,1.6495
traceB,fixed20,632,91.6,175.3,1,6,,1.6831
traceB,fixed20,633,86.9,174.7,1,6,,1.7165
traceB,fixed20,634,80.9,175.5,1,6,,1.7498
traceB,fixed20,635,82.7,175.4,1,6,,1.7828
traceB,fixed20,636,89.3,175.0,1,6,,1.8156
traceB,fixed20,637,70.8,175.6,1,6,,1.8481
traceB,fixed20,638,72.2,175.3,1,6,,1.8804
traceB,fixed20,639,89.4,175.7,1,6,,1.9124
traceB,fixed20,640,70.4,174.5,1,6,,1.9441
traceB,fixed20,641,88.3,175.3,1,6,,1.9755
traceB,fixed20,642,90.8,174.4,1,6,,2.0065
traceB,fixed20,643,90.9,175.0,1,6,,2.0373
traceB,fixed20,644,68.6,175.4,1,6,,2.0677
traceB,fixed20,645,93.5,174.6,1,6,,2.0977
traceB,fixed20,646,68.1,175.4,1,6,,2.1274
traceB,fixed20,647,86.0,174.3,1,6,,2.1566
traceB,fixed20,648,82.4,174.6,1,6,,2.1855
traceB,fixed20,649,86.7,174.8,1,6,,2.2140
traceB,fixed20,650,69.7,177.0,1,6,,2.2420
traceB,fixed20,651,94.4,175.7,1,6,,2.2696
traceB,fixed20,652,71.6,176.0,1,6,,2.2968
traceB,fixed20,653,87.9,176.4,1,6,,2.3236
traceB,fixed20,654,72.1,176.0,1,6,,2.3498
traceB,fixed20,655,88.3,177.2,1,6,,2.3756
traceB,fixed20,656,94.1,177.2,1,6,,2.4010
traceB,fixed20,657,90.2,176.2,1,6,,2.4258
traceB,fixed20,658,81.1,178.1,1,6,,2.4502
traceB,fixed20,659,85.8,175.1,1,6,,2.4740
traceB,fixed20,660,92.3,175.6,1,6,,2.4973
traceB,fixed20,661,91.3,175.7,1,6,,2.5201
traceB,fixed20,662,87.3,175.8,1,6,,2.5424
traceB,fixed20,663,85.3,175.7,1,6,,2.5642
traceB,fixed20,664,94.8,175.7,1,6,,2.5854
traceB,fixed20,665,73.4,176.3,1,6,,2.6060
traceB,fixed20,666,80.8,175.3,1,6,,2.6261
traceB,fixed20,667,89.6,175.5,1,6,,2.6457
traceB,fixed20,668,86.5,174.8,1,6,,2.6646
traceB,fixed20,669,95.7,175.9,1,6,,2.6830
traceB,fixed20,670,71.0,177.4,1,6,,2.7008
traceB,fixed20,671,91.3,175.1,1,6,,2.7180
traceB,fixed20,672,75.4,175.8,1,6,,2.7346
traceB,fixed20,673,86.6,175.9,1,6,,2.7506
traceB,fixed20,674,90.2,175.0,1,6,,2.7660
traceB,fixed20,675,86.6,174.9,1,6,,2.7808
traceB,fixed20,676,83.8,175.5,1,6,,2.7949
traceB,fixed20,677,76.6,175.4,1,6,,2.8085
traceB,fixed20,678,89.8,175.0,1,6,,2.8214
traceB,fixed20,679,88.5,177.0,1,6,,2.8337
traceB,fixed20,680,82.9,175.1,1,6,,2.8453
traceB,fixed20,681,88.5,175.7,1,6,,2.8563
traceB,fixed20,682,75.9,176.4,1,6,,2.8667
traceB,fixed20,683,83.5,175.8,1,6,,2.8764
traceB,fixed20,684,73.7,175.1,1,6,,2.8854
traceB,fixed20,685,84.6,175.6,1,6,,2.8938
traceB,fixed20,686,90.3,175.8,1,6,,2.9016
traceB,fixed20,687,80.8,175.1,1,6,,2.9086
traceB,fixed20,688,80.2,175.8,1,6,,2.9151
traceB,fixed20,689,89.2,175.0,1,6,,2.9208
traceB,fixed20,690,89.7,174.6,1,6,,2.9259
traceB,fixed20,691,88.4,175.7,1,6,,2.9303
traceB,fixed20,692,85.9,176.3,1,6,,2.9340
traceB,fixed20,693,79.4,175.9,1,6,,2.9370
traceB,fixed20,694,83.0,175.1,1,6,,2.9394
traceB,fixed20,695,89.8,176.4,1,6,,2.9411
traceB,fixed20,696,87.6,175.7,1,6,,2.9421
traceB,fixed20,697,89.3,174.4,1,6,,2.9425
traceB,fixed20,698,74.0,175.7,1,6,,2.9421
traceB,fixed20,699,89.8,176.9,1,6,,2.9411
traceB,fixed20,700,89.1,176.8,1,6,,2.9394
traceB,fixed20,701,83.2,176.4,1,6,,2.9370
traceB,fixed20,702,85.8,175.3,1,6,,2.9339
traceB,fixed20,703,91.9,177.4,1,6,,2.9301
traceB,fixed20,704,94.1,178.0,1,6,,2.9257
traceB,fixed20,705,93.1,176.6,1,6,,2.9205
traceB,fixed20,706,69.4,175.5,1,6,,2.9147
traceB,fixed20,707,70.2,176.8,1,6,,2.9082
traceB,fixed20,708,92.5,177.1,1,6,,2.9011
traceB,fixed20,709,80.8,178.0,1,6,,2.8932
traceB,fixed20,710,85.2,178.0,1,6,,2.8847
traceB,fixed20,711,91.0,175.4,1,6,,2.8755
traceB,fixed20,712,93.7,178.3,1,6,,2.8656
traceB,fixed20,713,71.3,175.7,1,6,,2.8551
traceB,fixed20,714,87.1,175.3,1,6,,2.8439
traceB,fixed20,715,75.9,175.1,1,6,,2.8320
traceB,fixed20,716,88.6,176.6,1,6,,2.8195
traceB,fixed20,717,76.5,176.1,1,6,,2.8063
traceB,fixed20,718,83.9,175.8,1,6,,2.7925
traceB,fixed20,719,91.2,175.2,1,6,,2.7780
traceB,fixed20,720,70.5,175.7,1,6,,2.7629
traceB,fixed20,721,87.0,175.3,1,6,,2.7471
traceB,fixed20,722,81.8,177.2,1,6,,2.7308
traceB,fixed20,723,83.1,176.5,1,6,,2.7137
traceB,fixed20,724,75.8,177.6,1,6,,2.6961
traceB,fixed20,725,70.5,175.4,1,6,,2.6778
traceB,fixed20,726,88.1,176.6,1,6,,2.6589
traceB,fixed20,727,92.5,176.4,1,6,,2.6394
traceB,fixed20,728,85.0,176.2,1,6,,2.6193
traceB,fixed20,729,79.4,175.6,1,6,,2.5986
traceB,fixed20,730,84.0,176.4,1,6,,2.5773
traceB,fixed20,731,83.9,176.0,1,6,,2.5555
traceB,fixed20,732,88.6,175.8,1,6,,2.5330
traceB,fixed20,733,84.4,175.4,1,6,,2.5100
traceB,fixed20,734,77.1,175.4,1,6,,2.4865
traceB,fixed20,735,85.0,176.1,1,6,,2.4624
traceB,fixed20,736,87.9,176.8,1,6,,2.4377
traceB,fixed20,737,67.7,175.9,1,6,,2.4125
traceB,fixed20,738,90.5,175.5,1,6,,2.3868
traceB,fixed20,739,84.3,176.3,1,6,,2.3606
traceB,fixed20,740,73.3,176.1,1,6,,2.3339
traceB,fixed20,741,90.8,175.8,1,6,,2.3067
traceB,fixed20,742,84.1,176.2,1,6,,2.2790
traceB,fixed20,743,77.8,175.0,1,6,,2.2509
traceB,fixed20,744,89.1,175.3,1,6,,2.2223
traceB,fixed20,745,73.3,176.0,1,6,,2.1932
traceB,fixed20,746,70.1,175.2,1,6,,2.1637
traceB,fixed20,747,83.8,175.5,1,6,,2.1339
traceB,fixed20,748,82.6,175.5,1,6,,2.1036
traceB,fixed20,749,83.3,174.7,1,6,,2.0729
traceB,fixed20,750,95.5,176.5,1,6,,2.0419
traceB,fixed20,751,94.3,175.3,1,6,,2.0105
traceB,fixed20,752,76.8,174.8,1,6,,1.9787
traceB,fixed20,753,91.3,175.7,1,6,,1.9467
traceB,fixed20,754,82.4,175.4,1,6,,1.9144
traceB,fixed20,755,68.8,176.0,1,6,,1.8818
traceB,fixed20,756,78.7,175.6,1,6,,1.8489
traceB,fixed20,757,83.6,174.7,1,6,,1.8158
traceB,fixed20,758,93.8,174.7,1,6,,1.7825
traceB,fixed20,759,94.4,175.2,1,6,,1.7491
traceB,fixed20,760,83.6,174.7,1,6,,1.7155
traceB,fixed20,761,83.0,174.8,1,6,,1.6817
traceB,fixed20,762,85.7,173.4,1,6,,1.6479
traceB,fixed20,763,94.5,174.8,1,6,,1.6140
traceB,fixed20,764,90.2,175.2,1,6,,1.5801
traceB,fixed20,765,68.8,176.9,1,6,,1.5462
traceB,fixed20,766,89.0,173.9,1,6,,1.5124
traceB,fixed20,767,95.2,174.3,1,6,,1.4787
traceB,fixed20,768,93.7,174.6,1,6,,1.4451
traceB,fixed20,769,68.9,174.2,1,6,,1.4118
traceB,fixed20,770,96.6,174.7,1,6,,1.3787
traceB,fixed20,771,91.7,174.7,1,6,,1.3459
traceB,fixed20,772,71.9,174.5,1,6,,1.3134
traceB,fixed20,773,74.3,174.6,1,6,,1.2815
traceB,fixed20,774,86.0,174.8,1,6,,1.2500
traceB,fixed20,775,94.0,173.9,1,6,,1.2192
traceB,fixed20,776,98.8,175.2,1,6,,1.1891
traceB,fixed20,777,76.6,174.5,1,6,,1.1597
traceB,fixed20,778,91.5,175.1,1,6,,1.1312
traceB,fixed20,779,96.2,174.1,1,6,,1.1037
traceB,fixed20,780,103.1,174.9,1,6,,1.0774
traceB,fixed20,781,78.2,175.0,1,6,,1.0522
traceB,fixed20,782,81.3,174.5,1,6,,1.0284
traceB,fixed20,783,86.2,174.7,1,6,,1.0060
traceB,fixed20,784,87.8,174.2,1,6,,0.9853
traceB,fixed20,785,75.2,174.4,1,6,,0.9663
traceB,fixed20,786,91.8,175.1,1,6,,0.9492
traceB,fixed20,787,91.6,173.8,1,6,,0.9341
traceB,fixed20,788,69.8,176.5,1,6,,0.9212
traceB,fixed20,789,86.8,174.4,1,6,,0.9105
traceB,fixed20,790,83.4,173.7,1,6,,0.9021
traceB,fixed20,791,88.8,173.0,1,6,,0.8962
traceB,fixed20,792,79.6,172.7,1,6,,0.8928
traceB,fixed20,793,80.6,173.2,1,6,,0.8920
traceB,fixed20,794,86.6,176.4,1,6,,0.8937
traceB,fixed20,795,77.5,174.1,1,6,,0.8980
traceB,fixed20,796,89.4,174.3,1,6,,0.9048
traceB,fixed20,797,95.2,173.9,1,6,,0.9141
traceB,fixed20,798,90.1,174.1,1,6,,0.9258
traceB,fixed20,799,87.1,173.9,1,6,,0.9399
traceB,fixed20,800,87.7,174.2,1,6,,0.9561
traceB,fixed20,801,84.9,174.3,1,6,,0.9745
traceB,fixed20,802,93.5,173.2,1,6,,0.9948
traceB,fixed20,803,71.0,174.1,1,6,,1.0170
traceB,fixed20,804,91.5,173.4,1,6,,1.0409
traceB,fixed20,805,68.8,172.8,1,6,,1.0664
traceB,fixed20,806,94.2,173.1,1,6,,1.0934
traceB,fixed20,807,79.8,172.4,1,6,,1.1217
traceB,fixed20,808,79.7,174.0,1,6,,1.1513
traceB,fixed20,809,82.6,173.7,1,6,,1.1819
traceB,fixed20,810,83.9,173.0,1,6,,1.2136
traceB,fixed20,811,81.2,173.9,1,6,,1.2461
traceB,fixed20,812,69.3,172.7,1,6,,1.2795
traceB,fixed20,813,70.7,173.1,1,6,,1.3136
traceB,fixed20,814,70.1,175.7,1,6,,1.3484
traceB,fixed20,815,86.4,176.5,1,6,,1.3838
traceB,fixed20,816,88.4,174.1,1,6,,1.4196
traceB,fixed20,817,86.1,173.8,1,6,,1.4559
traceB,fixed20,818,89.6,174.2,1,6,,1.4926
traceB,fixed20,819,71.2,174.6,1,6,,1.5296
traceB,fixed20,820,92.0,173.7,1,6,,1.5668
traceB,fixed20,821,89.1,177.2,1,6,,1.6043
traceB,fixed20,822,83.8,174.9,1,6,,1.6420
traceB,fixed20,823,87.1,177.0,1,6,,1.6798
traceB,fixed20,824,94.1,175.2,1,6,,1.7177
traceB,fixed20,825,91.3,175.5,1,6,,1.7556
traceB,fixed20,826,85.5,176.0,1,6,,1.7936
traceB,fixed20,827,77.6,174.4,1,6,,1.8315
traceB,fixed20,828,72.0,175.3,1,6,,1.8695
traceB,fixed20,829,95.5,175.1,1,6,,1.9073
traceB,fixed20,830,92.4,174.9,1,6,,1.9450
traceB,fixed20,831,68.4,174.4,1,6,,1.9827
traceB,fixed20,832,85.3,176.2,1,6,,2.0201
traceB,fixed20,833,78.1,174.4,1,6,,2.0574
traceB,fixed20,834,85.9,175.2,1,6,,2.0945
traceB,fixed20,835,93.3,175.3,1,6,,2.1313
traceB,fixed20,836,72.9,175.5,1,6,,2.1679
traceB,fixed20,837,84.4,175.8,1,6,,2.2043
traceB,fixed20,838,88.8,175.4,1,6,,2.2404
traceB,fixed20,839,88.9,178.4,1,6,,2.2761
traceB,fixed20,840,82.1,177.0,1,6,,2.3116
traceB,fixed20,841,93.2,176.0,1,6,,2.3467
traceB,fixed20,842,73.8,176.0,1,6,,2.3814
traceB,fixed20,843,70.6,175.7,1,6,,2.4158
traceB,fixed20,844,82.7,177.1,1,6,,2.4498
traceB,fixed20,845,73.5,177.1,1,6,,2.4834
traceB,fixed20,846,68.5,177.6,1,6,,2.5166
traceB,fixed20,847,81.0,177.8,1,6,,2.5494
traceB,fixed20,848,71.9,178.0,1,6,,2.5817
traceB,fixed20,849,82.9,177.4,1,6,,2.6135
traceB,fixed20,850,77.5,176.1,1,6,,2.6449
traceB,fixed20,851,79.2,176.4,1,6,,2.6758
traceB,fixed20,852,81.5,177.8,1,6,,2.7062
traceB,fixed20,853,86.1,175.1,1,6,,2.7362
traceB,fixed20,854,86.1,176.2,1,6,,2.7655
traceB,fixed20,855,79.3,175.4,1,6,,2.7944
traceB,fixed20,856,79.1,175.3,1,6,,2.8227
traceB,fixed20,857,92.4,176.0,1,6,,2.8505
traceB,fixed20,858,76.0,175.9,1,6,,2.8777
traceB,fixed20,859,85.4,176.8,1,6,,2.9044
traceB,fixed20,860,71.2,176.7,1,6,,2.9304
traceB,fixed20,861,74.8,176.0,1,6,,2.9559
traceB,fixed20,862,83.2,176.1,1,6,,2.9808
traceB,fixed20,863,85.6,175.9,1,6,,3.0051
traceB,fixed20,864,88.1,175.8,1,6,,3.0287
traceB,fixed20,865,86.9,176.5,1,6,,3.0518
traceB,fixed20,866,73.9,176.4,1,6,,3.0742
traceB,fixed20,867,91.5,175.8,1,6,,3.0959
traceB,fixed20,868,71.3,176.1,1,6,,3.1171
traceB,fixed20,869,88.1,176.7,1,6,,3.1375
traceB,fixed20,870,86.4,176.0,1,6,,3.1573
traceB,fixed20,871,80.6,175.5,1,6,,3.1765
traceB,fixed20,872,77.9,176.9,1,6,,3.1950
traceB,fixed20,873,85.3,175.8,1,6,,3.2127
traceB,fixed20,874,86.2,176.1,1,6,,3.2298
traceB,fixed20,875,88.6,176.3,1,6,,3.2463
traceB,fixed20,876,69.2,176.6,1,6,,3.2620
traceB,fixed20,877,74.4,176.1,1,6,,3.2770
traceB,fixed20,878,81.9,176.1,1,6,,3.2913
traceB,fixed20,879,87.0,176.5,1,6,,3.3049
traceB,fixed20,880,80.7,175.4,1,6,,3.3177
traceB,fixed20,881,89.2,177.0,1,6,,3.3299
traceB,fixed20,882,92.1,175.2,1,6,,3.3413
traceB,fixed20,883,96.2,176.1,1,6,,3.3520
traceB,fixed20,884,86.3,175.0,1,6,,3.3620
traceB,fixed20,885,87.2,175.7,1,6,,3.3712
traceB,fixed20,886,89.4,174.7,1,6,,3.3797
traceB,fixed20,887,89.5,176.4,1,6,,3.3874
traceB,fixed20,888,94.2,176.1,1,6,,3.3944
traceB,fixed20,889,71.9,175.2,1,6,,3.4007
traceB,fixed20,890,87.8,176.1,1,6,,3.4062
traceB,fixed20,891,67.2,176.1,1,6,,3.4109
traceB,fixed20,892,72.4,175.3,1,6,,3.4149
traceB,fixed20,893,91.4,175.9,1,6,,3.4181
traceB,fixed20,894,97.3,175.6,1,6,,3.4206
traceB,fixed20,895,88.9,175.6,1,6,,3.4223
traceB,fixed20,896,88.2,177.1,1,6,,3.4233
traceB,fixed20,897,82.8,176.7,1,6,,3.4235
traceB,fixed20,898,69.4,176.0,1,6,,3.4230
traceB,fixed20,899,95.2,175.9,1,6,,3.4216
traceB,fixed20,900,93.2,179.2,1,6,,3.4196
traceB,fixed20,901,87.8,177.7,1,6,,3.4167
traceB,fixed20,902,81.0,175.3,1,6,,3.4131
traceB,fixed20,903,83.4,176.0,1,6,,3.4088
traceB,fixed20,904,70.5,176.6,1,6,,3.4037
traceB,fixed20,905,68.6,176.8,1,6,,3.3978
traceB,fixed20,906,86.8,175.3,1,6,,3.3912
traceB,fixed20,907,85.7,175.0,1,6,,3.3839
traceB,fixed20,908,91.4,175.6,1,6,,3.3758
traceB,fixed20,909,75.4,178.2,1,6,,3.3669
traceB,fixed20,910,69.8,176.3,1,6,,3.3573
traceB,fixed20,911,97.8,175.2,1,6,,3.3470
traceB,fixed20,912,98.9,175.7,1,6,,3.3359
traceB,fixed20,913,86.5,176.4,1,6,,3.3241
traceB,fixed20,914,78.6,175.9,1,6,,3.3116
traceB,fixed20,915,87.8,175.2,1,6,,3.2983
traceB,fixed20,916,81.8,175.7,1,6,,3.2843
traceB,fixed20,917,76.3,175.8,1,6,,3.2697
traceB,fixed20,918,87.5,176.2,1,6,,3.2543
traceB,fixed20,919,86.6,176.2,1,6,,3.2382
traceB,fixed20,920,85.5,176.7,1,6,,3.2214
traceB,fixed20,921,96.5,176.6,1,6,,3.2039
traceB,fixed20,922,68.0,176.5,1,6,,3.1857
traceB,fixed20,923,84.8,176.2,1,6,,3.1669
traceB,fixed20,924,86.3,176.0,1,6,,3.1473
traceB,fixed20,925,85.3,176.2,1,6,,3.1272
traceB,fixed20,926,85.0,175.8,1,6,,3.1063
traceB,fixed20,927,78.3,176.7,1,6,,3.0848
traceB,fixed20,928,79.7,178.0,1,6,,3.0627
traceB,fixed20,929,88.7,176.5,1,6,,3.0399
traceB,fixed20,930,84.6,175.0,1,6,,3.0166
traceB,fixed20,931,88.9,175.5,1,6,,2.9926
traceB,fixed20,932,80.0,174.1,1,6,,2.9680
traceB,fixed20,933,77.7,176.4,1,6,,2.9428
traceB,fixed20,934,87.1,174.6,1,6,,2.9171
traceB,fixed20,935,81.4,175.3,1,6,,2.8907
traceB,fixed20,936,86.6,175.3,1,6,,2.8639
traceB,fixed20,937,92.2,176.1,1,6,,2.8364
traceB,fixed20,938,93.0,177.1,1,6,,2.8085
traceB,fixed20,939,71.5,175.4,1,6,,2.7800
traceB,fixed20,940,69.4,175.7,1,6,,2.7511
traceB,fixed20,941,70.7,175.6,1,6,,2.7216
traceB,fixed20,942,83.5,177.6,1,6,,2.6917
traceB,fixed20,943,81.6,176.5,1,6,,2.6613
traceB,fixed20,944,78.1,176.3,1,6,,2.6305
traceB,fixed20,945,90.1,177.9,1,6,,2.5992
traceB,fixed20,946,86.2,176.0,1,6,,2.5676
traceB,fixed20,947,84.8,178.7,1,6,,2.5356
traceB,fixed20,948,80.1,176.4,1,6,,2.5032
traceB,fixed20,949,77.8,176.5,1,6,,2.4704
traceB,fixed20,950,87.2,177.6,1,6,,2.4374
traceB,fixed20,951,85.5,179.1,1,6,,2.4040
traceB,fixed20,952,83.8,177.1,1,6,,2.3704
traceB,fixed20,953,82.1,177.5,1,6,,2.3365
traceB,fixed20,954,81.1,176.9,1,6,,2.3024
traceB,fixed20,955,84.2,176.1,1,6,,2.2681
traceB,fixed20,956,85.0,177.7,1,6,,2.2337
traceB,fixed20,957,88.4,180.2,1,6,,2.1991
traceB,fixed20,958,78.8,175.4,1,6,,2.1644
traceB,fixed20,959,78.5,175.9,1,6,,2.1296
traceB,fixed20,960,83.0,174.6,1,6,,2.0948
traceB,fixed20,961,84.2,175.5,1,6,,2.0600
traceB,fixed20,962,80.6,175.9,1,6,,2.0252
traceB,fixed20,963,69.6,175.1,1,6,,1.9906
traceB,fixed20,964,94.0,174.8,1,6,,1.9560
traceB,fixed20,965,73.7,173.6,1,6,,1.9216
traceB,fixed20,966,82.5,174.0,1,6,,1.8875
traceB,fixed20,967,86.0,175.1,1,6,,1.8536
traceB,fixed20,968,91.8,172.8,1,6,,1.8201
traceB,fixed20,969,80.1,175.0,1,6,,1.7870
traceB,fixed20,970,78.3,174.9,1,6,,1.7543
traceB,fixed20,971,83.1,175.2,1,6,,1.7221
traceB,fixed20,972,87.9,174.8,1,6,,1.6905
traceB,fixed20,973,76.1,174.0,1,6,,1.6596
traceB,fixed20,974,88.6,174.3,1,6,,1.6294
traceB,fixed20,975,98.1,176.3,1,6,,1.6001
traceB,fixed20,976,93.9,174.4,1,6,,1.5716
traceB,fixed20,977,74.9,175.6,1,6,,1.5441
traceB,fixed20,978,83.9,174.6,1,6,,1.5176
traceB,fixed20,979,72.2,176.4,1,6,,1.4924
traceB,fixed20,980,93.0,174.4,1,6,,1.4683
traceB,fixed20,981,71.3,174.3,1,6,,1.4457
traceB,fixed20,982,88.1,176.5,1,6,,1.4244
traceB,fixed20,983,88.1,174.8,1,6,,1.4047
traceB,fixed20,984,89.8,175.0,1,6,,1.3866
traceB,fixed20,985,94.6,176.5,1,6,,1.3703
traceB,fixed20,986,94.1,176.6,1,6,,1.3557
traceB,fixed20,987,93.8,176.7,1,6,,1.3431
traceB,fixed20,988,86.6,175.2,1,6,,1.3324
traceB,fixed20,989,83.0,177.3,1,6,,1.3237
traceB,fixed20,990,86.1,178.2,1,6,,1.3172
traceB,fixed20,991,74.7,177.0,1,6,,1.3127
traceB,fixed20,992,84.2,176.3,1,6,,1.3105
traceB,fixed20,993,81.9,177.4,1,6,,1.3104
traceB,fixed20,994,82.8,176.4,1,6,,1.3126
traceB,fixed20,995,85.5,175.4,1,6,,1.3169
traceB,fixed20,996,77.2,177.4,1,6,,1.3234
traceB,fixed20,997,79.2,176.4,1,6,,1.3321
traceB,fixed20,998,85.8,176.4,1,6,,1.3429
traceB,fixed20,999,93.2,175.4,1,6,,1.3557
traceB,bsf,0,89.1,1873.6,1,6,,1.6022
traceB,bsf,1,76.7,177.3,1,6,,1.5067
traceB,bsf,2,86.7,180.7,1,6,,1.3010
traceB,bsf,3,70.7,177.0,1,6,,1.0333
traceB,bsf,4,94.5,178.3,1,6,,0.7779
traceB,bsf,5,68.9,178.4,1,6,,0.6169
traceB,bsf,6,89.6,175.9,1,6,,0.4942
traceB,bsf,7,87.7,175.4,1,6,,0.3518
traceB,bsf,8,88.5,175.9,1,6,,0.2284
traceB,bsf,9,69.3,179.4,1,6,,0.1698
traceB,bsf,10,98.1,176.3,1,6,,0.1504
traceB,bsf,11,87.9,174.5,1,6,,0.1575
traceB,bsf,12,89.6,178.4,1,6,,0.1843
traceB,bsf,13,87.3,183.9,1,6,,0.1944
traceB,bsf,14,95.5,173.9,1,6,,0.1842
traceB,bsf,15,95.4,173.6,1,6,,0.1852
traceB,bsf,16,92.9,174.7,1,6,,0.2031
traceB,bsf,17,85.8,175.3,1,6,,0.1997
traceB,bsf,18,80.6,174.2,1,6,,0.1651
traceB,bsf,19,71.5,148.1,1,5,,0.1299
traceB,bsf,20,75.5,174.5,1,6,,0.1141
traceB,bsf,21,83.4,174.4,1,6,,0.1048
traceB,bsf,22,88.7,173.6,1,6,,0.0856
traceB,bsf,23,87.3,174.1,1,6,,0.0609
traceB,bsf,24,87.1,179.1,1,6,,0.0510
traceB,bsf,25,73.1,174.2,1,6,,0.0708
traceB,bsf,26,94.5,148.0,1,5,,0.1124
traceB,bsf,27,72.6,174.3,1,6,,0.1365
traceB,bsf,28,78.4,174.3,1,6,,0.1242
traceB,bsf,29,86.6,148.5,1,5,,0.1006
traceB,bsf,30,79.8,173.7,1,6,,0.0921
traceB,bsf,31,78.9,148.0,1,5,,0.0928
traceB,bsf,32,69.1,174.8,1,6,,0.0831
traceB,bsf,33,89.2,147.9,1,5,,0.0638
traceB,bsf,34,74.6,174.5,1,6,,0.0516
traceB,bsf,35,78.0,174.4,1,6,,0.0527
traceB,bsf,36,80.8,148.2,1,5,,0.0563
traceB,bsf,37,83.4,174.2,1,6,,0.0522
traceB,bsf,38,89.4,148.5,1,5,,0.0453
traceB,bsf,39,68.6,173.9,1,6,,0.0447
traceB,bsf,40,92.6,148.6,1,5,,0.0491
traceB,bsf,41,93.8,174.5,1,6,,0.0510
traceB,bsf,42,70.7,148.8,1,5,,0.0480
traceB,bsf,43,75.7,174.6,1,6,,0.0455
traceB,bsf,44,98.2,173.8,1,6,,0.0468
traceB,bsf,45,107.0,148.0,1,5,,0.0492
traceB,bsf,46,80.7,147.5,1,5,,0.0489
traceB,bsf,47,89.3,121.4,1,4,,0.0470
traceB,bsf,48,70.7,148.1,1,5,,0.0465
traceB,bsf,49,89.9,148.6,1,5,,0.0477
traceB,bsf,50,70.1,147.9,1,5,,0.0485
traceB,bsf,51,69.5,147.7,1,5,,0.0479
traceB,bsf,52,63.4,148.5,1,5,,0.0470
traceB,bsf,53,161.7,148.3,0,5,,0.0472
traceB,bsf,54,142.1,122.1,0,4,,0.0479
traceB,bsf,55,86.5,147.3,1,5,,0.0480
traceB,bsf,56,91.3,122.5,1,4,,0.0476
traceB,bsf,57,94.5,147.7,1,5,,0.0473
traceB,bsf,58,90.3,147.9,1,5,,0.0475
traceB,bsf,59,85.8,122.6,1,4,,0.0478
traceB,bsf,60,87.1,148.1,1,5,,0.0477
traceB,bsf,61,88.4,121.8,1,4,,0.0475
traceB,bsf,62,70.5,147.4,1,5,,0.0475
traceB,bsf,63,64.6,121.7,1,4,,0.0476
traceB,bsf,64,69.9,122.0,1,4,,0.0477
traceB,bsf,65,78.7,121.7,1,4,,0.0476
traceB,bsf,66,101.3,122.4,1,4,,0.0476
traceB,bsf,67,79.3,120.9,1,4,,0.0476
traceB,bsf,68,84.9,121.7,1,4,,0.0476
traceB,bsf,69,88.3,121.3,1,4,,0.0476
traceB,bsf,70,84.8,121.3,1,4,,0.0476
traceB,bsf,71,81.7,122.0,1,4,,0.0476
traceB,bsf,72,78.9,121.8,1,4,,0.0476
traceB,bsf,73,90.2,120.7,1,4,,0.0476
traceB,bsf,74,87.0,121.7,1,4,,0.0476
traceB,bsf,75,85.8,121.0,1,4,,0.0476
traceB,bsf,76,93.2,120.8,1,4,,0.0476
traceB,bsf,77,92.1,120.9,1,4,,0.0476
traceB,bsf,78,95.3,121.7,1,4,,0.0476
traceB,bsf,79,86.1,121.5,1,4,,0.0476
traceB,bsf,80,85.1,123.0,1,4,,0.0476
traceB,bsf,81,89.6,121.6,1,4,,0.0476
traceB,bsf,82,103.1,121.0,1,4,,0.0476
traceB,bsf,83,80.9,122.3,1,4,,0.0476
traceB,bsf,84,81.2,121.3,1,4,,0.0476
traceB,bsf,85,98.5,121.8,1,4,,0.0476
traceB,bsf,86,68.5,121.1,1,4,,0.0476
traceB,bsf,87,69.9,121.7,1,4,,0.0476
traceB,bsf,88,67.0,121.6,1,4,,0.0476
traceB,bsf,89,79.2,121.0,1,4,,0.0476
traceB,bsf,90,85.6,121.9,1,4,,0.0476
traceB,bsf,91,94.0,120.8,1,4,,0.0476
traceB,bsf,92,96.6,122.0,1,4,,0.0476
traceB,bsf,93,85.6,121.5,1,4,,0.0476
traceB,bsf,94,83.3,121.6,1,4,,0.0476
traceB,bsf,95,89.9,121.7,1,4,,0.0476
traceB,bsf,96,91.8,121.1,1,4,,0.0476
traceB,bsf,97,92.2,121.6,1,4,,0.0476
traceB,bsf,98,91.4,121.2,1,4,,0.0476
traceB,bsf,99,71.7,121.3,1,4,,0.0476
traceB,bsf,100,88.7,121.5,1,4,,0.0476
traceB,bsf,101,86.4,121.2,1,4,,0.0476
traceB,bsf,102,75.0,122.3,1,4,,0.0476
traceB,bsf,103,95.0,120.7,1,4,,0.0476
traceB,bsf,104,83.8,120.5,1,4,,0.0476
traceB,bsf,105,77.5,121.6,1,4,,0.0476
traceB,bsf,106,90.8,122.1,1,4,,0.0476
traceB,bsf,107,80.3,121.8,1,4,,0.0476
traceB,bsf,108,84.1,120.8,1,4,,0.0476
traceB,bsf,109,86.4,120.7,1,4,,0.0476
traceB,bsf,110,100.3,120.6,1,4,,0.0476
traceB,bsf,111,82.5,120.8,1,4,,0.0476
traceB,bsf,112,85.1,121.0,1,4,,0.0476
traceB,bsf,113,90.3,121.5,1,4,,0.0476
traceB,bsf,114,93.2,120.7,1,4,,0.0476
traceB,bsf,115,70.9,120.7,1,4,,0.0476
traceB,bsf,116,87.3,121.3,1,4,,0.0476
traceB,bsf,117,71.2,121.2,1,4,,0.0476
traceB,bsf,118,72.6,119.9,1,4,,0.0476
traceB,bsf,119,92.2,120.3,1,4,,0.0476
traceB,bsf,120,75.9,121.5,1,4,,0.0476
traceB,bsf,121,83.2,122.1,1,4,,0.0476
traceB,bsf,122,87.8,122.5,1,4,,0.0476
traceB,bsf,123,90.4,120.9,1,4,,0.0476
traceB,bsf,124,69.7,120.7,1,4,,0.0476
traceB,bsf,125,95.9,121.3,1,4,,0.0476
traceB,bsf,126,97.2,121.0,1,4,,0.0476
traceB,bsf,127,85.7,121.4,1,4,,0.0476
traceB,bsf,128,86.5,121.2,1,4,,0.0476
traceB,bsf,129,85.0,120.4,1,4,,0.0476
traceB,bsf,130,95.6,120.2,1,4,,0.0476
traceB,bsf,131,90.7,120.6,1,4,,0.0476
traceB,bsf,132,72.7,121.2,1,4,,0.0476
traceB,bsf,133,80.0,120.4,1,4,,0.0476
traceB,bsf,134,88.4,121.6,1,4,,0.0476
traceB,bsf,135,92.3,121.9,1,4,,0.0476
traceB,bsf,136,90.5,122.3,1,4,,0.0476
traceB,bsf,137,93.8,120.3,1,4,,0.0476
traceB,bsf,138,73.2,121.1,1,4,,0.0476
traceB,bsf,139,76.9,122.0,1,4,,0.0476
traceB,bsf,140,88.1,120.5,1,4,,0.0476
traceB,bsf,141,71.8,120.2,1,4,,0.0476
traceB,bsf,142,90.0,120.1,1,4,,0.0476
traceB,bsf,143,88.8,120.2,1,4,,0.0476
traceB,bsf,144,78.3,120.8,1,4,,0.0476
traceB,bsf,145,87.1,120.8,1,4,,0.0476
traceB,bsf,146,80.1,119.5,1,4,,0.0476
traceB,bsf,147,81.1,120.2,1,4,,0.0476
traceB,bsf,148,90.1,122.4,1,4,,0.0476
traceB,bsf,149,69.5,121.7,1,4,,0.0476
traceB,bsf,150,88.6,121.2,1,4,,0.0476
traceB,bsf,151,79.4,120.2,1,4,,0.0476
traceB,bsf,152,81.1,120.2,1,4,,0.0476
traceB,bsf,153,86.0,120.4,1,4,,0.0476
traceB,bsf,154,73.2,121.5,1,4,,0.0476
traceB,bsf,155,68.3,120.6,1,4,,0.0476
traceB,bsf,156,72.1,120.2,1,4,,0.0476
traceB,bsf,157,95.5,120.4,1,4,,0.0476
traceB,bsf,158,87.5,120.5,1,4,,0.0476
traceB,bsf,159,87.3,121.3,1,4,,0.0476
traceB,bsf,160,85.1,120.5,1,4,,0.0476
traceB,bsf,161,94.0,121.6,1,4,,0.0476
traceB,bsf,162,71.9,121.3,1,4,,0.0476
traceB,bsf,163,87.9,120.8,1,4,,0.0476
traceB,bsf,164,89.2,122.5,1,4,,0.0476
traceB,bsf,165,87.6,120.3,1,4,,0.0476
traceB,bsf,166,77.4,120.6,1,4,,0.0476
traceB,bsf,167,87.4,121.3,1,4,,0.0476
traceB,bsf,168,95.8,121.4,1,4,,0.0476
traceB,bsf,169,94.6,121.4,1,4,,0.0476
traceB,bsf,170,71.2,121.7,1,4,,0.0476
traceB,bsf,171,92.0,120.9,1,4,,0.0476
traceB,bsf,172,86.4,121.3,1,4,,0.0476
traceB,bsf,173,72.9,120.6,1,4,,0.0476
traceB,bsf,174,92.4,121.1,1,4,,0.0476
traceB,bsf,175,86.5,121.9,1,4,,0.0476
traceB,bsf,176,85.2,121.1,1,4,,0.0476
traceB,bsf,177,85.9,122.2,1,4,,0.0476
traceB,bsf,178,69.5,120.7,1,4,,0.0476
traceB,bsf,179,71.4,121.4,1,4,,0.0476
traceB,bsf,180,70.6,121.6,1,4,,0.0476
traceB,bsf,181,74.3,122.4,1,4,,0.0476
traceB,bsf,182,86.0,122.0,1,4,,0.0476
traceB,bsf,183,86.9,121.9,1,4,,0.0476
traceB,bsf,184,87.3,122.3,1,4,,0.0476
traceB,bsf,185,94.3,121.6,1,4,,0.0476
traceB,bsf,186,95.8,121.6,1,4,,0.0476
traceB,bsf,187,90.5,121.4,1,4,,0.0476
traceB,bsf,188,74.6,121.3,1,4,,0.0476
traceB,bsf,189,87.9,120.2,1,4,,0.0476
traceB,bsf,190,73.5,120.9,1,4,,0.0476
traceB,bsf,191,72.3,121.8,1,4,,0.0476
traceB,bsf,192,83.3,121.7,1,4,,0.0476
traceB,bsf,193,70.6,122.0,1,4,,0.0476
traceB,bsf,194,88.6,121.3,1,4,,0.0476
traceB,bsf,195,83.1,121.5,1,4,,0.0476
traceB,bsf,196,73.4,121.7,1,4,,0.0476
traceB,bsf,197,93.2,121.3,1,4,,0.0476
traceB,bsf,198,72.0,121.3,1,4,,0.0476
traceB,bsf,199,89.0,121.6,1,4,,0.0476
traceB,bsf,200,85.5,122.1,1,4,,0.0476
traceB,bsf,201,84.6,121.4,1,4,,0.0476
traceB,bsf,202,75.7,121.6,1,4,,0.0476
traceB,bsf,203,90.2,122.4,1,4,,0.0476
traceB,bsf,204,89.4,121.6,1,4,,0.0476
traceB,bsf,205,84.2,123.4,1,4,,0.0476
traceB,bsf,206,84.2,121.7,1,4,,0.0476
traceB,bsf,207,81.2,121.9,1,4,,0.0476
traceB,bsf,208,80.8,122.0,1,4,,0.0476
traceB,bsf,209,84.2,122.4,1,4,,0.0476
traceB,bsf,210,86.9,122.3,1,4,,0.0476
traceB,bsf,211,88.7,122.0,1,4,,0.0476
traceB,bsf,212,70.2,121.4,1,4,,0.0476
traceB,bsf,213,69.8,121.4,1,4,,0.0476
traceB,bsf,214,90.4,121.9,1,4,,0.0476
traceB,bsf,215,85.1,122.2,1,4,,0.0476
traceB,bsf,216,86.2,121.9,1,4,,0.0476
traceB,bsf,217,92.7,122.4,1,4,,0.0476
traceB,bsf,218,98.0,121.4,1,4,,0.0476
traceB,bsf,219,89.0,122.8,1,4,,0.0476
traceB,bsf,220,87.3,121.5,1,4,,0.0476
traceB,bsf,221,85.7,121.6,1,4,,0.0476
traceB,bsf,222,81.4,122.6,1,4,,0.0476
traceB,bsf,223,79.3,120.7,1,4,,0.0476
traceB,bsf,224,86.1,121.6,1,4,,0.0476
traceB,bsf,225,82.5,122.1,1,4,,0.0476
traceB,bsf,226,81.4,122.2,1,4,,0.0476
traceB,bsf,227,73.0,122.3,1,4,,0.0476
traceB,bsf,228,88.1,121.8,1,4,,0.0476
traceB,bsf,229,80.8,121.6,1,4,,0.0476
traceB,bsf,230,79.3,121.6,1,4,,0.0476
traceB,bsf,231,87.5,123.0,1,4,,0.0476
traceB,bsf,232,86.5,123.4,1,4,,0.0476
traceB,bsf,233,90.6,122.8,1,4,,0.0476
traceB,bsf,234,84.1,121.4,1,4,,0.0476
traceB,bsf,235,80.3,122.0,1,4,,0.0476
traceB,bsf,236,84.2,122.1,1,4,,0.0476
traceB,bsf,237,91.7,121.7,1,4,,0.0476
traceB,bsf,238,73.3,121.6,1,4,,0.0476
traceB,bsf,239,88.4,121.4,1,4,,0.0476
traceB,bsf,240,70.4,122.5,1,4,,0.0476
traceB,bsf,241,99.3,122.5,1,4,,0.0476
traceB,bsf,242,71.9,121.5,1,4,,0.0476
traceB,bsf,243,82.4,121.8,1,4,,0.0476
traceB,bsf,244,74.1,121.7,1,4,,0.0476
traceB,bsf,245,78.9,122.1,1,4,,0.0476
traceB,bsf,246,82.5,122.1,1,4,,0.0476
traceB,bsf,247,85.0,123.1,1,4,,0.0476
traceB,bsf,248,90.8,121.5,1,4,,0.0476
traceB,bsf,249,87.2,122.2,1,4,,0.0476
traceB,bsf,250,83.3,122.2,1,4,,0.0476
traceB,bsf,251,82.6,122.2,1,4,,0.0476
traceB,bsf,252,84.3,121.5,1,4,,0.0476
traceB,bsf,253,88.0,121.6,1,4,,0.0476
traceB,bsf,254,89.9,121.3,1,4,,0.0476
traceB,bsf,255,87.1,122.5,1,4,,0.0476
traceB,bsf,256,74.0,122.7,1,4,,0.0476
traceB,bsf,257,95.2,122.5,1,4,,0.0476
traceB,bsf,258,85.2,121.7,1,4,,0.0476
traceB,bsf,259,85.0,122.0,1,4,,0.0476
traceB,bsf,260,89.9,122.7,1,4,,0.0476
traceB,bsf,261,95.5,121.9,1,4,,0.0476
traceB,bsf,262,72.0,121.8,1,4,,0.0476
traceB,bsf,263,87.4,121.9,1,4,,0.0476
traceB,bsf,264,88.5,122.6,1,4,,0.0476
traceB,bsf,265,74.2,121.3,1,4,,0.0476
traceB,bsf,266,94.7,121.5,1,4,,0.0476
traceB,bsf,267,97.3,121.9,1,4,,0.0476
traceB,bsf,268,89.8,122.1,1,4,,0.0476
traceB,bsf,269,97.1,121.8,1,4,,0.0476
traceB,bsf,270,76.4,121.7,1,4,,0.0476
traceB,bsf,271,97.7,121.5,1,4,,0.0476
traceB,bsf,272,94.9,122.1,1,4,,0.0476
traceB,bsf,273,86.7,122.2,1,4,,0.0476
traceB,bsf,274,77.9,122.2,1,4,,0.0476
traceB,bsf,275,90.6,121.9,1,4,,0.0476
traceB,bsf,276,80.9,122.3,1,4,,0.0476
traceB,bsf,277,81.7,122.5,1,4,,0.0476
traceB,bsf,278,86.3,121.5,1,4,,0.0476
traceB,bsf,279,69.3,121.3,1,4,,0.0476
traceB,bsf,280,91.1,121.3,1,4,,0.0476
traceB,bsf,281,84.4,121.7,1,4,,0.0476
traceB,bsf,282,79.6,122.1,1,4,,0.0476
traceB,bsf,283,84.8,121.6,1,4,,0.0476
traceB,bsf,284,83.3,122.4,1,4,,0.0476
traceB,bsf,285,81.5,121.0,1,4,,0.0476
traceB,bsf,286,84.1,121.4,1,4,,0.0476
traceB,bsf,287,83.3,121.9,1,4,,0.0476
traceB,bsf,288,83.7,123.4,1,4,,0.0476
traceB,bsf,289,86.5,122.0,1,4,,0.0476
traceB,bsf,290,84.1,121.9,1,4,,0.0476
traceB,bsf,291,87.2,122.0,1,4,,0.0476
traceB,bsf,292,92.9,122.3,1,4,,0.0476
traceB,bsf,293,92.8,122.0,1,4,,0.0476
traceB,bsf,294,93.0,122.5,1,4,,0.0476
traceB,bsf,295,71.9,121.9,1,4,,0.0476
traceB,bsf,296,90.1,121.8,1,4,,0.0476
traceB,bsf,297,88.0,121.6,1,4,,0.0476
traceB,bsf,298,81.9,121.3,1,4,,0.0476
traceB,bsf,299,81.4,122.1,1,4,,0.0476
traceB,bsf,300,86.6,121.2,1,4,,0.0476
traceB,bsf,301,90.6,122.0,1,4,,0.0476
traceB,bsf,302,90.3,120.9,1,4,,0.0476
traceB,bsf,303,83.9,123.6,1,4,,0.0476
traceB,bsf,304,77.0,121.9,1,4,,0.0476
traceB,bsf,305,91.4,121.6,1,4,,0.0476
traceB,bsf,306,72.8,121.2,1,4,,0.0476
traceB,bsf,307,69.4,123.1,1,4,,0.0476
traceB,bsf,308,73.5,123.8,1,4,,0.0476
traceB,bsf,309,92.8,124.4,1,4,,0.0476
traceB,bsf,310,93.4,123.6,1,4,,0.0476
traceB,bsf,311,85.8,123.0,1,4,,0.0476
traceB,bsf,312,87.1,120.6,1,4,,0.0476
traceB,bsf,313,87.8,121.5,1,4,,0.0476
traceB,bsf,314,94.4,122.2,1,4,,0.0476
traceB,bsf,315,96.9,121.7,1,4,,0.0476
traceB,bsf,316,86.2,121.8,1,4,,0.0476
traceB,bsf,317,90.0,122.3,1,4,,0.0476
traceB,bsf,318,84.8,121.0,1,4,,0.0476
traceB,bsf,319,92.2,122.0,1,4,,0.0476
traceB,bsf,320,95.6,121.9,1,4,,0.0476
traceB,bsf,321,87.2,121.4,1,4,,0.0476
traceB,bsf,322,87.7,121.5,1,4,,0.0476
traceB,bsf,323,82.1,121.1,1,4,,0.0476
traceB,bsf,324,84.4,122.3,1,4,,0.0476
traceB,bsf,325,81.9,122.3,1,4,,0.0476
traceB,bsf,326,84.2,121.6,1,4,,0.0476
traceB,bsf,327,83.9,122.3,1,4,,0.0476
traceB,bsf,328,85.5,121.5,1,4,,0.0476
traceB,bsf,329,89.2,122.7,1,4,,0.0476
traceB,bsf,330,95.2,122.9,1,4,,0.0476
traceB,bsf,331,93.2,121.0,1,4,,0.0476
traceB,bsf,332,84.1,121.4,1,4,,0.0476
traceB,bsf,333,86.5,122.4,1,4,,0.0476
traceB,bsf,334,89.0,121.8,1,4,,0.0476
traceB,bsf,335,68.2,121.5,1,4,,0.0476
traceB,bsf,336,73.2,121.4,1,4,,0.0476
traceB,bsf,337,86.6,122.4,1,4,,0.0476
traceB,bsf,338,79.4,121.5,1,4,,0.0476
traceB,bsf,339,67.2,121.6,1,4,,0.0476
traceB,bsf,340,86.4,121.5,1,4,,0.0476
traceB,bsf,341,80.6,121.5,1,4,,0.0476
traceB,bsf,342,86.5,121.7,1,4,,0.0476
traceB,bsf,343,84.7,121.4,1,4,,0.0476
traceB,bsf,344,89.2,121.3,1,4,,0.0476
traceB,bsf,345,72.0,121.6,1,4,,0.0476
traceB,bsf,346,93.2,121.5,1,4,,0.0476
traceB,bsf,347,90.6,121.3,1,4,,0.0476
traceB,bsf,348,90.4,121.5,1,4,,0.0476
traceB,bsf,349,77.8,122.7,1,4,,0.0476
traceB,bsf,350,72.0,122.7,1,4,,0.0476
traceB,bsf,351,78.3,121.3,1,4,,0.0476
traceB,bsf,352,82.1,121.4,1,4,,0.0476
traceB,bsf,353,84.4,121.8,1,4,,0.0476
traceB,bsf,354,78.4,120.9,1,4,,0.0476
traceB,bsf,355,91.2,122.2,1,4,,0.0476
traceB,bsf,356,78.9,121.6,1,4,,0.0476
traceB,bsf,357,83.3,121.6,1,4,,0.0476
traceB,bsf,358,86.1,121.7,1,4,,0.0476
traceB,bsf,359,88.7,121.6,1,4,,0.0476
traceB,bsf,360,88.0,121.6,1,4,,0.0476
traceB,bsf,361,70.2,121.6,1,4,,0.0476
traceB,bsf,362,98.0,121.4,1,4,,0.0476
traceB,bsf,363,90.1,121.3,1,4,,0.0476
traceB,bsf,364,85.7,120.2,1,4,,0.0476
traceB,bsf,365,88.9,121.4,1,4,,0.0476
traceB,bsf,366,90.4,121.5,1,4,,0.0476
traceB,bsf,367,78.3,121.2,1,4,,0.0476
traceB,bsf,368,82.5,121.3,1,4,,0.0476
traceB,bsf,369,66.3,121.5,1,4,,0.0476
traceB,bsf,370,78.3,121.8,1,4,,0.0476
traceB,bsf,371,88.8,123.0,1,4,,0.0476
traceB,bsf,372,92.2,120.1,1,4,,0.0476
traceB,bsf,373,95.3,120.8,1,4,,0.0476
traceB,bsf,374,89.5,119.9,1,4,,0.0476
traceB,bsf,375,86.0,120.5,1,4,,0.0476
traceB,bsf,376,86.7,120.8,1,4,,0.0476
traceB,bsf,377,92.2,120.4,1,4,,0.0476
traceB,bsf,378,74.9,121.6,1,4,,0.0476
traceB,bsf,379,84.2,121.1,1,4,,0.0476
traceB,bsf,380,92.7,120.6,1,4,,0.0476
traceB,bsf,381,86.3,120.7,1,4,,0.0476
traceB,bsf,382,87.5,121.8,1,4,,0.0476
traceB,bsf,383,83.0,122.3,1,4,,0.0476
traceB,bsf,384,79.2,120.6,1,4,,0.0476
traceB,bsf,385,92.6,121.4,1,4,,0.0476
traceB,bsf,386,69.5,120.0,1,4,,0.0476
traceB,bsf,387,76.1,120.6,1,4,,0.0476
traceB,bsf,388,93.4,120.8,1,4,,0.0476
traceB,bsf,389,93.5,121.0,1,4,,0.0476
traceB,bsf,390,85.4,121.3,1,4,,0.0476
traceB,bsf,391,88.0,121.3,1,4,,0.0476
traceB,bsf,392,87.2,122.1,1,4,,0.0476
traceB,bsf,393,95.1,120.6,1,4,,0.0476
traceB,bsf,394,92.2,121.3,1,4,,0.0476
traceB,bsf,395,73.2,120.9,1,4,,0.0476
traceB,bsf,396,86.5,121.1,1,4,,0.0476
traceB,bsf,397,91.4,120.3,1,4,,0.0476
traceB,bsf,398,83.6,121.3,1,4,,0.0476
traceB,bsf,399,75.4,122.5,1,4,,0.0476
traceB,bsf,400,90.6,121.5,1,4,,0.0476
traceB,bsf,401,87.5,121.6,1,4,,0.0476
traceB,bsf,402,82.4,121.9,1,4,,0.0476
traceB,bsf,403,84.2,121.4,1,4,,0.0476
traceB,bsf,404,83.5,122.2,1,4,,0.0476
traceB,bsf,405,81.6,121.5,1,4,,0.0476
traceB,bsf,406,86.0,121.4,1,4,,0.0476
traceB,bsf,407,77.4,121.9,1,4,,0.0476
traceB,bsf,408,71.6,121.4,1,4,,0.0476
traceB,bsf,409,93.0,121.8,1,4,,0.0476
traceB,bsf,410,75.6,120.8,1,4,,0.0476
traceB,bsf,411,74.5,121.1,1,4,,0.0476
traceB,bsf,412,87.9,121.8,1,4,,0.0476
traceB,bsf,413,103.8,123.2,1,4,,0.0476
traceB,bsf,414,75.7,121.3,1,4,,0.0476
traceB,bsf,415,80.8,122.2,1,4,,0.0476
traceB,bsf,416,82.8,121.8,1,4,,0.0476
traceB,bsf,417,85.5,121.8,1,4,,0.0476
traceB,bsf,418,99.1,122.1,1,4,,0.0476
traceB,bsf,419,94.3,121.4,1,4,,0.0476
traceB,bsf,420,85.3,121.3,1,4,,0.0476
traceB,bsf,421,86.8,121.7,1,4,,0.0476
traceB,bsf,422,85.7,121.8,1,4,,0.0476
traceB,bsf,423,84.8,121.0,1,4,,0.0476
traceB,bsf,424,75.5,121.8,1,4,,0.0476
traceB,bsf,425,79.2,121.8,1,4,,0.0476
traceB,bsf,426,83.6,121.8,1,4,,0.0476
traceB,bsf,427,91.0,121.4,1,4,,0.0476
traceB,bsf,428,83.5,121.5,1,4,,0.0476
traceB,bsf,429,81.4,121.4,1,4,,0.0476
traceB,bsf,430,82.8,122.0,1,4,,0.0476
traceB,bsf,431,87.9,120.8,1,4,,0.0476
traceB,bsf,432,90.0,121.9,1,4,,0.0476
traceB,bsf,433,86.6,121.9,1,4,,0.0476
traceB,bsf,434,80.1,122.0,1,4,,0.0476
traceB,bsf,435,81.2,121.7,1,4,,0.0476
traceB,bsf,436,89.6,120.7,1,4,,0.0476
traceB,bsf,437,74.1,121.5,1,4,,0.0476
traceB,bsf,438,87.7,121.8,1,4,,0.0476
traceB,bsf,439,87.9,123.2,1,4,,0.0476
traceB,bsf,440,82.4,122.9,1,4,,0.0476
traceB,bsf,441,81.5,123.0,1,4,,0.0476
traceB,bsf,442,76.5,121.7,1,4,,0.0476
traceB,bsf,443,78.9,125.1,1,4,,0.0476
traceB,bsf,444,96.1,122.1,1,4,,0.0476
traceB,bsf,445,99.3,124.0,1,4,,0.0476
traceB,bsf,446,69.4,122.4,1,4,,0.0476
traceB,bsf,447,80.9,122.7,1,4,,0.0476
traceB,bsf,448,83.2,121.1,1,4,,0.0476
traceB,bsf,449,72.1,121.8,1,4,,0.0476
traceB,bsf,450,98.6,122.4,1,4,,0.0476
traceB,bsf,451,89.4,121.6,1,4,,0.0476
traceB,bsf,452,73.5,121.4,1,4,,0.0476
traceB,bsf,453,90.4,123.2,1,4,,0.0476
traceB,bsf,454,86.2,123.3,1,4,,0.0476
traceB,bsf,455,80.3,122.0,1,4,,0.0476
traceB,bsf,456,80.9,121.9,1,4,,0.0476
traceB,bsf,457,88.5,121.5,1,4,,0.0476
traceB,bsf,458,86.8,122.2,1,4,,0.0476
traceB,bsf,459,88.1,122.0,1,4,,0.0476
traceB,bsf,460,70.6,122.4,1,4,,0.0476
traceB,bsf,461,94.8,122.1,1,4,,0.0476
traceB,bsf,462,90.1,122.4,1,4,,0.0476
traceB,bsf,463,70.9,122.0,1,4,,0.0476
traceB,bsf,464,83.4,122.2,1,4,,0.0476
traceB,bsf,465,75.0,122.7,1,4,,0.0476
traceB,bsf,466,90.1,121.3,1,4,,0.0476
traceB,bsf,467,83.7,122.2,1,4,,0.0476
traceB,bsf,468,78.0,121.6,1,4,,0.0476
traceB,bsf,469,72.5,122.0,1,4,,0.0476
traceB,bsf,470,80.7,122.2,1,4,,0.0476
traceB,bsf,471,84.1,122.2,1,4,,0.0476
traceB,bsf,472,90.1,120.8,1,4,,0.0476
traceB,bsf,473,92.4,121.8,1,4,,0.0476
traceB,bsf,474,90.1,122.0,1,4,,0.0476
traceB,bsf,475,84.9,121.9,1,4,,0.0476
traceB,bsf,476,84.8,121.4,1,4,,0.0476
traceB,bsf,477,87.1,120.9,1,4,,0.0476
traceB,bsf,478,92.7,121.9,1,4,,0.0476
traceB,bsf,479,91.5,122.0,1,4,,0.0476
traceB,bsf,480,70.3,121.9,1,4,,0.0476
traceB,bsf,481,93.4,121.4,1,4,,0.0476
traceB,bsf,482,89.1,121.4,1,4,,0.0476
traceB,bsf,483,82.7,121.2,1,4,,0.0476
traceB,bsf,484,80.4,120.8,1,4,,0.0476
traceB,bsf,485,73.9,121.6,1,4,,0.0476
traceB,bsf,486,90.0,123.2,1,4,,0.0476
traceB,bsf,487,70.8,122.5,1,4,,0.0476
traceB,bsf,488,81.7,121.8,1,4,,0.0476
traceB,bsf,489,84.2,121.1,1,4,,0.0476
traceB,bsf,490,68.5,121.4,1,4,,0.0476
traceB,bsf,491,91.5,121.5,1,4,,0.0476
traceB,bsf,492,92.1,121.8,1,4,,0.0476
traceB,bsf,493,83.8,122.4,1,4,,0.0476
traceB,bsf,494,85.3,122.1,1,4,,0.0476
traceB,bsf,495,88.4,122.0,1,4,,0.0476
traceB,bsf,496,90.0,122.3,1,4,,0.0476
traceB,bsf,497,68.5,121.7,1,4,,0.0476
traceB,bsf,498,91.0,121.6,1,4,,0.0476
traceB,bsf,499,93.3,121.6,1,4,,0.0476
traceB,bsf,500,68.6,122.0,1,4,,0.0476
traceB,bsf,501,90.7,122.0,1,4,,0.0476
traceB,bsf,502,94.5,121.0,1,4,,0.0476
traceB,bsf,503,68.1,121.3,1,4,,0.0476
traceB,bsf,504,83.8,122.3,1,4,,0.0476
traceB,bsf,505,79.5,122.0,1,4,,0.0476
traceB,bsf,506,86.4,121.9,1,4,,0.0476
traceB,bsf,507,85.2,122.1,1,4,,0.0476
traceB,bsf,508,84.8,121.5,1,4,,0.0476
traceB,bsf,509,67.4,121.6,1,4,,0.0476
traceB,bsf,510,73.1,121.9,1,4,,0.0476
traceB,bsf,511,67.5,121.5,1,4,,0.0476
traceB,bsf,512,91.3,121.1,1,4,,0.0476
traceB,bsf,513,94.0,122.3,1,4,,0.0476
traceB,bsf,514,87.8,121.0,1,4,,0.0476
traceB,bsf,515,74.9,123.3,1,4,,0.0476
traceB,bsf,516,95.9,121.5,1,4,,0.0476
traceB,bsf,517,91.9,122.1,1,4,,0.0476
traceB,bsf,518,95.2,121.3,1,4,,0.0476
traceB,bsf,519,96.5,122.0,1,4,,0.0476
traceB,bsf,520,103.2,121.6,1,4,,0.0476
traceB,bsf,521,93.6,121.7,1,4,,0.0476
traceB,bsf,522,84.2,121.7,1,4,,0.0476
traceB,bsf,523,86.9,121.7,1,4,,0.0476
traceB,bsf,524,93.5,121.3,1,4,,0.0476
traceB,bsf,525,92.9,121.9,1,4,,0.0476
traceB,bsf,526,104.4,121.1,1,4,,0.0476
traceB,bsf,527,96.0,121.7,1,4,,0.0476
traceB,bsf,528,94.9,121.5,1,4,,0.0476
traceB,bsf,529,84.6,121.4,1,4,,0.0476
traceB,bsf,530,83.0,121.8,1,4,,0.0476
traceB,bsf,531,86.2,121.8,1,4,,0.0476
traceB,bsf,532,93.1,122.2,1,4,,0.0476
traceB,bsf,533,92.3,121.9,1,4,,0.0476
traceB,bsf,534,89.3,121.1,1,4,,0.0476
traceB,bsf,535,73.0,121.4,1,4,,0.0476
traceB,bsf,536,93.8,121.6,1,4,,0.0476
traceB,bsf,537,84.2,123.2,1,4,,0.0476
traceB,bsf,538,75.6,121.9,1,4,,0.0476
traceB,bsf,539,91.0,122.3,1,4,,0.0476
traceB,bsf,540,88.0,122.0,1,4,,0.0476
traceB,bsf,541,79.9,121.8,1,4,,0.0476
traceB,bsf,542,87.9,121.7,1,4,,0.0476
traceB,bsf,543,93.8,122.0,1,4,,0.0476
traceB,bsf,544,69.7,121.2,1,4,,0.0476
traceB,bsf,545,71.0,121.8,1,4,,0.0476
traceB,bsf,546,90.3,122.1,1,4,,0.0476
traceB,bsf,547,90.1,121.5,1,4,,0.0476
traceB,bsf,548,88.3,121.2,1,4,,0.0476
traceB,bsf,549,82.5,121.2,1,4,,0.0476
traceB,bsf,550,82.0,121.5,1,4,,0.0476
traceB,bsf,551,71.0,121.6,1,4,,0.0476
traceB,bsf,552,89.2,122.1,1,4,,0.0476
traceB,bsf,553,90.8,121.6,1,4,,0.0476
traceB,bsf,554,87.2,122.1,1,4,,0.0476
traceB,bsf,555,80.2,121.6,1,4,,0.0476
traceB,bsf,556,86.7,122.1,1,4,,0.0476
traceB,bsf,557,91.1,121.9,1,4,,0.0476
traceB,bsf,558,74.9,122.4,1,4,,0.0476
traceB,bsf,559,87.6,122.2,1,4,,0.0476
traceB,bsf,560,82.0,121.4,1,4,,0.0476
traceB,bsf,561,81.4,121.3,1,4,,0.0476
traceB,bsf,562,94.1,122.1,1,4,,0.0476
traceB,bsf,563,88.8,121.1,1,4,,0.0476
traceB,bsf,564,70.9,121.5,1,4,,0.0476
traceB,bsf,565,61.2,120.4,1,4,,0.0476
traceB,bsf,566,86.0,121.7,1,4,,0.0476
traceB,bsf,567,103.3,121.7,1,4,,0.0476
traceB,bsf,568,76.6,120.8,1,4,,0.0476
traceB,bsf,569,93.3,121.2,1,4,,0.0476
traceB,bsf,570,94.7,122.0,1,4,,0.0476
traceB,bsf,571,70.7,121.4,1,4,,0.0476
traceB,bsf,572,89.1,121.4,1,4,,0.0476
traceB,bsf,573,90.4,121.4,1,4,,0.0476
traceB,bsf,574,69.8,121.5,1,4,,0.0476
traceB,bsf,575,94.8,121.7,1,4,,0.0476
traceB,bsf,576,94.2,121.1,1,4,,0.0476
traceB,bsf,577,87.5,121.0,1,4,,0.0476
traceB,bsf,578,85.8,121.1,1,4,,0.0476
traceB,bsf,579,86.6,123.1,1,4,,0.0476
traceB,bsf,580,95.4,120.2,1,4,,0.0476
traceB,bsf,581,94.6,121.0,1,4,,0.0476
traceB,bsf,582,71.0,120.9,1,4,,0.0476
traceB,bsf,583,78.7,121.3,1,4,,0.0476
traceB,bsf,584,88.5,121.4,1,4,,0.0476
traceB,bsf,585,92.0,121.1,1,4,,0.0476
traceB,bsf,586,72.8,120.4,1,4,,0.0476
traceB,bsf,587,87.1,120.8,1,4,,0.0476
traceB,bsf,588,90.3,120.7,1,4,,0.0476
traceB,bsf,589,69.2,119.9,1,4,,0.0476
traceB,bsf,590,71.1,120.6,1,4,,0.0476
traceB,bsf,591,77.7,121.2,1,4,,0.0476
traceB,bsf,592,81.7,120.3,1,4,,0.0476
traceB,bsf,593,87.0,120.6,1,4,,0.0476
traceB,bsf,594,78.5,121.3,1,4,,0.0476
traceB,bsf,595,90.7,120.5,1,4,,0.0476
traceB,bsf,596,71.5,119.7,1,4,,0.0476
traceB,bsf,597,93.4,120.9,1,4,,0.0476
traceB,bsf,598,70.1,120.8,1,4,,0.0476
traceB,bsf,599,88.6,120.7,1,4,,0.0476
traceB,bsf,600,89.9,119.6,1,4,,0.0476
traceB,bsf,601,83.9,120.7,1,4,,0.0476
traceB,bsf,602,77.3,120.4,1,4,,0.0476
traceB,bsf,603,69.4,120.1,1,4,,0.0476
traceB,bsf,604,71.7,120.6,1,4,,0.0476
traceB,bsf,605,90.1,119.4,1,4,,0.0476
traceB,bsf,606,71.0,119.1,1,4,,0.0476
traceB,bsf,607,75.9,120.1,1,4,,0.0476
traceB,bsf,608,83.9,120.4,1,4,,0.0476
traceB,bsf,609,88.6,120.8,1,4,,0.0476
traceB,bsf,610,91.2,120.5,1,4,,0.0476
traceB,bsf,611,92.7,119.9,1,4,,0.0476
traceB,bsf,612,79.6,120.3,1,4,,0.0476
traceB,bsf,613,81.0,120.2,1,4,,0.0476
traceB,bsf,614,87.8,120.5,1,4,,0.0476
traceB,bsf,615,75.4,120.1,1,4,,0.0476
traceB,bsf,616,90.0,119.5,1,4,,0.0476
traceB,bsf,617,70.8,119.3,1,4,,0.0476
traceB,bsf,618,74.5,120.8,1,4,,0.0476
traceB,bsf,619,89.8,120.7,1,4,,0.0476
traceB,bsf,620,86.7,120.7,1,4,,0.0476
traceB,bsf,621,68.3,121.8,1,4,,0.0476
traceB,bsf,622,86.6,120.0,1,4,,0.0476
traceB,bsf,623,80.9,120.1,1,4,,0.0476
traceB,bsf,624,82.9,120.4,1,4,,0.0476
traceB,bsf,625,88.6,120.9,1,4,,0.0476
traceB,bsf,626,88.2,121.4,1,4,,0.0476
traceB,bsf,627,90.0,120.5,1,4,,0.0476
traceB,bsf,628,82.8,120.6,1,4,,0.0476
traceB,bsf,629,84.6,121.0,1,4,,0.0476
traceB,bsf,630,84.4,121.1,1,4,,0.0476
traceB,bsf,631,87.2,120.3,1,4,,0.0476
traceB,bsf,632,92.2,120.5,1,4,,0.0476
traceB,bsf,633,87.5,121.2,1,4,,0.0476
traceB,bsf,634,81.5,120.6,1,4,,0.0476
traceB,bsf,635,83.3,120.7,1,4,,0.0476
traceB,bsf,636,89.9,120.4,1,4,,0.0476
traceB,bsf,637,71.3,121.2,1,4,,0.0476
traceB,bsf,638,72.7,121.5,1,4,,0.0476
traceB,bsf,639,90.0,121.5,1,4,,0.0476
traceB,bsf,640,70.9,120.8,1,4,,0.0476
traceB,bsf,641,88.9,120.6,1,4,,0.0476
traceB,bsf,642,91.5,121.5,1,4,,0.0476
traceB,bsf,643,91.6,121.0,1,4,,0.0476
traceB,bsf,644,69.1,121.3,1,4,,0.0476
traceB,bsf,645,94.2,120.6,1,4,,0.0476
traceB,bsf,646,68.6,121.4,1,4,,0.0476
traceB,bsf,647,86.6,123.8,1,4,,0.0476
traceB,bsf,648,83.0,122.0,1,4,,0.0476
traceB,bsf,649,87.3,121.6,1,4,,0.0476
traceB,bsf,650,70.1,121.5,1,4,,0.0476
traceB,bsf,651,95.0,121.4,1,4,,0.0476
traceB,bsf,652,72.1,121.4,1,4,,0.0476
traceB,bsf,653,88.5,120.8,1,4,,0.0476
traceB,bsf,654,72.6,122.0,1,4,,0.0476
traceB,bsf,655,88.9,121.7,1,4,,0.0476
traceB,bsf,656,94.7,121.9,1,4,,0.0476
traceB,bsf,657,90.9,122.0,1,4,,0.0476
traceB,bsf,658,81.7,121.6,1,4,,0.0476
traceB,bsf,659,86.4,121.8,1,4,,0.0476
traceB,bsf,660,93.0,121.8,1,4,,0.0476
traceB,bsf,661,92.0,121.6,1,4,,0.0476
traceB,bsf,662,87.9,122.9,1,4,,0.0476
traceB,bsf,663,85.9,121.4,1,4,,0.0476
traceB,bsf,664,95.5,121.6,1,4,,0.0476
traceB,bsf,665,73.9,121.7,1,4,,0.0476
traceB,bsf,666,81.4,120.6,1,4,,0.0476
traceB,bsf,667,90.3,121.5,1,4,,0.0476
traceB,bsf,668,87.1,121.5,1,4,,0.0476
traceB,bsf,669,96.4,120.2,1,4,,0.0476
traceB,bsf,670,71.5,120.5,1,4,,0.0476
traceB,bsf,671,92.0,121.3,1,4,,0.0476
traceB,bsf,672,75.9,122.1,1,4,,0.0476
traceB,bsf,673,87.2,121.2,1,4,,0.0476
traceB,bsf,674,90.8,121.0,1,4,,0.0476
traceB,bsf,675,87.2,121.7,1,4,,0.0476
traceB,bsf,676,84.4,121.2,1,4,,0.0476
traceB,bsf,677,77.1,121.5,1,4,,0.0476
traceB,bsf,678,90.4,121.5,1,4,,0.0476
traceB,bsf,679,89.1,120.7,1,4,,0.0476
traceB,bsf,680,83.5,121.8,1,4,,0.0476
traceB,bsf,681,89.2,122.3,1,4,,0.0476
traceB,bsf,682,76.4,120.6,1,4,,0.0476
traceB,bsf,683,84.1,121.2,1,4,,0.0476
traceB,bsf,684,74.2,121.0,1,4,,0.0476
traceB,bsf,685,85.2,120.7,1,4,,0.0476
traceB,bsf,686,90.9,122.1,1,4,,0.0476
traceB,bsf,687,81.4,121.1,1,4,,0.0476
traceB,bsf,688,80.8,121.5,1,4,,0.0476
traceB,bsf,689,89.8,121.4,1,4,,0.0476
traceB,bsf,690,90.3,122.0,1,4,,0.0476
traceB,bsf,691,89.0,121.7,1,4,,0.0476
traceB,bsf,692,86.5,121.0,1,4,,0.0476
traceB,bsf,693,80.0,121.6,1,4,,0.0476
traceB,bsf,694,83.5,122.2,1,4,,0.0476
traceB,bsf,695,90.4,121.7,1,4,,0.0476
traceB,bsf,696,88.2,121.5,1,4,,0.0476
traceB,bsf,697,89.9,121.3,1,4,,0.0476
traceB,bsf,698,74.6,121.6,1,4,,0.0476
traceB,bsf,699,90.5,121.7,1,4,,0.0476
traceB,bsf,700,89.7,121.1,1,4,,0.0476
traceB,bsf,701,83.7,122.1,1,4,,0.0476
traceB,bsf,702,86.4,121.5,1,4,,0.0476
traceB,bsf,703,92.5,121.4,1,4,,0.0476
traceB,bsf,704,94.8,122.5,1,4,,0.0476
traceB,bsf,705,93.7,121.4,1,4,,0.0476
traceB,bsf,706,69.9,121.7,1,4,,0.0476
traceB,bsf,707,70.7,121.0,1,4,,0.0476
traceB,bsf,708,93.2,121.6,1,4,,0.0476
traceB,bsf,709,81.3,121.6,1,4,,0.0476
traceB,bsf,710,85.8,120.4,1,4,,0.0476
traceB,bsf,711,91.6,121.4,1,4,,0.0476
traceB,bsf,712,94.4,121.8,1,4,,0.0476
traceB,bsf,713,71.8,120.9,1,4,,0.0476
traceB,bsf,714,87.7,121.5,1,4,,0.0476
traceB,bsf,715,76.4,120.8,1,4,,0.0476
traceB,bsf,716,89.2,122.3,1,4,,0.0476
traceB,bsf,717,77.1,120.7,1,4,,0.0476
traceB,bsf,718,84.5,121.4,1,4,,0.0476
traceB,bsf,719,91.8,122.4,1,4,,0.0476
traceB,bsf,720,71.0,121.3,1,4,,0.0476
traceB,bsf,721,87.6,122.7,1,4,,0.0476
traceB,bsf,722,82.4,122.4,1,4,,0.0476
traceB,bsf,723,83.6,122.9,1,4,,0.0476
traceB,bsf,724,76.4,122.3,1,4,,0.0476
traceB,bsf,725,70.9,121.5,1,4,,0.0476
traceB,bsf,726,88.7,121.2,1,4,,0.0476
traceB,bsf,727,93.1,121.5,1,4,,0.0476
traceB,bsf,728,85.6,121.3,1,4,,0.0476
traceB,bsf,729,80.0,121.3,1,4,,0.0476
traceB,bsf,730,84.5,122.2,1,4,,0.0476
traceB,bsf,731,84.5,120.6,1,4,,0.0476
traceB,bsf,732,89.3,121.4,1,4,,0.0476
traceB,bsf,733,85.0,122.0,1,4,,0.0476
traceB,bsf,734,77.7,121.2,1,4,,0.0476
traceB,bsf,735,85.6,122.3,1,4,,0.0476
traceB,bsf,736,88.5,121.7,1,4,,0.0476
traceB,bsf,737,68.2,121.5,1,4,,0.0476
traceB,bsf,738,91.1,121.6,1,4,,0.0476
traceB,bsf,739,84.9,122.3,1,4,,0.0476
traceB,bsf,740,73.8,121.5,1,4,,0.0476
traceB,bsf,741,91.4,122.0,1,4,,0.0476
traceB,bsf,742,84.7,121.8,1,4,,0.0476
traceB,bsf,743,78.4,121.3,1,4,,0.0476
traceB,bsf,744,89.7,121.8,1,4,,0.0476
traceB,bsf,745,73.8,122.7,1,4,,0.0476
traceB,bsf,746,70.6,121.3,1,4,,0.0476
traceB,bsf,747,84.4,121.8,1,4,,0.0476
traceB,bsf,748,83.2,121.1,1,4,,0.0476
traceB,bsf,749,83.8,121.6,1,4,,0.0476
traceB,bsf,750,96.2,121.6,1,4,,0.0476
traceB,bsf,751,94.9,121.2,1,4,,0.0476
traceB,bsf,752,77.4,121.9,1,4,,0.0476
traceB,bsf,753,92.0,121.3,1,4,,0.0476
traceB,bsf,754,82.9,121.8,1,4,,0.0476
traceB,bsf,755,69.3,121.3,1,4,,0.0476
traceB,bsf,756,79.2,121.2,1,4,,0.0476
traceB,bsf,757,84.2,121.3,1,4,,0.0476
traceB,bsf,758,94.5,121.3,1,4,,0.0476
traceB,bsf,759,95.0,121.6,1,4,,0.0476
traceB,bsf,760,84.2,121.2,1,4,,0.0476
traceB,bsf,761,83.5,121.5,1,4,,0.0476
traceB,bsf,762,86.3,121.6,1,4,,0.0476
traceB,bsf,763,95.1,121.4,1,4,,0.0476
traceB,bsf,764,90.9,120.6,1,4,,0.0476
traceB,bsf,765,69.3,121.3,1,4,,0.0476
traceB,bsf,766,89.6,120.4,1,4,,0.0476
traceB,bsf,767,95.9,120.5,1,4,,0.0476
traceB,bsf,768,94.4,121.1,1,4,,0.0476
traceB,bsf,769,69.4,121.0,1,4,,0.0476
traceB,bsf,770,97.3,121.3,1,4,,0.0476
traceB,bsf,771,92.4,121.1,1,4,,0.0476
traceB,bsf,772,72.4,121.3,1,4,,0.0476
traceB,bsf,773,74.9,121.8,1,4,,0.0476
traceB,bsf,774,86.6,121.8,1,4,,0.0476
traceB,bsf,775,94.6,121.6,1,4,,0.0476
traceB,bsf,776,99.5,121.7,1,4,,0.0476
traceB,bsf,777,77.1,120.6,1,4,,0.0476
traceB,bsf,778,92.1,121.3,1,4,,0.0476
traceB,bsf,779,96.9,121.3,1,4,,0.0476
traceB,bsf,780,103.9,121.2,1,4,,0.0476
traceB,bsf,781,78.8,121.4,1,4,,0.0476
traceB,bsf,782,81.8,121.0,1,4,,0.0476
traceB,bsf,783,86.8,121.1,1,4,,0.0476
traceB,bsf,784,88.4,120.7,1,4,,0.0476
traceB,bsf,785,75.8,122.4,1,4,,0.0476
traceB,bsf,786,92.4,120.9,1,4,,0.0476
traceB,bsf,787,92.3,122.7,1,4,,0.0476
traceB,bsf,788,70.3,120.9,1,4,,0.0476
traceB,bsf,789,87.4,120.9,1,4,,0.0476
traceB,bsf,790,84.0,121.2,1,4,,0.0476
traceB,bsf,791,89.4,120.9,1,4,,0.0476
traceB,bsf,792,80.2,121.0,1,4,,0.0476
traceB,bsf,793,81.2,121.4,1,4,,0.0476
traceB,bsf,794,87.2,121.4,1,4,,0.0476
traceB,bsf,795,78.0,121.6,1,4,,0.0476
traceB,bsf,796,90.0,123.9,1,4,,0.0476
traceB,bsf,797,95.9,121.1,1,4,,0.0476
traceB,bsf,798,90.7,121.4,1,4,,0.0476
traceB,bsf,799,87.7,121.5,1,4,,0.0476
traceB,bsf,800,88.4,122.7,1,4,,0.0476
traceB,bsf,801,85.5,122.3,1,4,,0.0476
traceB,bsf,802,94.2,122.4,1,4,,0.0476
traceB,bsf,803,71.5,121.8,1,4,,0.0476
traceB,bsf,804,92.2,121.0,1,4,,0.0476
traceB,bsf,805,69.3,121.5,1,4,,0.0476
traceB,bsf,806,94.8,121.9,1,4,,0.0476
traceB,bsf,807,80.4,121.4,1,4,,0.0476
traceB,bsf,808,80.3,121.8,1,4,,0.0476
traceB,bsf,809,83.2,120.7,1,4,,0.0476
traceB,bsf,810,84.5,121.8,1,4,,0.0476
traceB,bsf,811,81.8,121.0,1,4,,0.0476
traceB,bsf,812,69.8,120.9,1,4,,0.0476
traceB,bsf,813,71.2,120.6,1,4,,0.0476
traceB,bsf,814,70.6,121.9,1,4,,0.0476
traceB,bsf,815,87.0,121.6,1,4,,0.0476
traceB,bsf,816,89.0,121.6,1,4,,0.0476
traceB,bsf,817,86.7,120.6,1,4,,0.0476
traceB,bsf,818,90.2,121.1,1,4,,0.0476
traceB,bsf,819,71.7,121.5,1,4,,0.0476
traceB,bsf,820,92.6,120.8,1,4,,0.0476
traceB,bsf,821,89.7,120.9,1,4,,0.0476
traceB,bsf,822,84.4,120.0,1,4,,0.0476
traceB,bsf,823,87.7,121.4,1,4,,0.0476
traceB,bsf,824,94.8,120.7,1,4,,0.0476
traceB,bsf,825,92.0,121.1,1,4,,0.0476
traceB,bsf,826,86.1,121.2,1,4,,0.0476
traceB,bsf,827,78.2,121.3,1,4,,0.0476
traceB,bsf,828,72.5,121.7,1,4,,0.0476
traceB,bsf,829,96.2,121.7,1,4,,0.0476
traceB,bsf,830,93.0,120.2,1,4,,0.0476
traceB,bsf,831,68.9,120.9,1,4,,0.0476
traceB,bsf,832,85.9,120.5,1,4,,0.0476
traceB,bsf,833,78.6,121.1,1,4,,0.0476
traceB,bsf,834,86.5,120.3,1,4,,0.0476
traceB,bsf,835,93.9,119.6,1,4,,0.0476
traceB,bsf,836,73.4,120.7,1,4,,0.0476
traceB,bsf,837,85.0,120.1,1,4,,0.0476
traceB,bsf,838,89.4,120.7,1,4,,0.0476
traceB,bsf,839,89.6,120.0,1,4,,0.0476
traceB,bsf,840,82.7,120.7,1,4,,0.0476
traceB,bsf,841,93.8,123.0,1,4,,0.0476
traceB,bsf,842,74.3,122.9,1,4,,0.0476
traceB,bsf,843,71.1,122.6,1,4,,0.0476
traceB,bsf,844,83.3,120.8,1,4,,0.0476
traceB,bsf,845,74.0,120.9,1,4,,0.0476
traceB,bsf,846,69.0,120.3,1,4,,0.0476
traceB,bsf,847,81.5,121.2,1,4,,0.0476
traceB,bsf,848,72.4,121.3,1,4,,0.0476
traceB,bsf,849,83.5,120.9,1,4,,0.0476
traceB,bsf,850,78.1,121.3,1,4,,0.0476
traceB,bsf,851,79.8,120.6,1,4,,0.0476
traceB,bsf,852,82.0,121.4,1,4,,0.0476
traceB,bsf,853,86.7,120.7,1,4,,0.0476
traceB,bsf,854,86.7,120.4,1,4,,0.0476
traceB,bsf,855,79.9,120.5,1,4,,0.0476
traceB,bsf,856,79.6,121.0,1,4,,0.0476
traceB,bsf,857,93.0,121.7,1,4,,0.0476
traceB,bsf,858,76.5,121.1,1,4,,0.0476
traceB,bsf,859,86.0,121.4,1,4,,0.0476
traceB,bsf,860,71.7,120.9,1,4,,0.0476
traceB,bsf,861,75.4,120.7,1,4,,0.0476
traceB,bsf,862,83.8,121.6,1,4,,0.0476
traceB,bsf,863,86.2,121.1,1,4,,0.0476
traceB,bsf,864,88.7,121.5,1,4,,0.0476
traceB,bsf,865,87.5,121.7,1,4,,0.0476
traceB,bsf,866,74.4,121.9,1,4,,0.0476
traceB,bsf,867,92.1,121.4,1,4,,0.0476
traceB,bsf,868,71.8,121.5,1,4,,0.0476
traceB,bsf,869,88.7,120.8,1,4,,0.0476
traceB,bsf,870,87.0,122.6,1,4,,0.0476
traceB,bsf,871,81.2,121.6,1,4,,0.0476
traceB,bsf,872,78.4,121.6,1,4,,0.0476
traceB,bsf,873,85.9,121.0,1,4,,0.0476
traceB,bsf,874,86.8,122.9,1,4,,0.0476
traceB,bsf,875,89.2,122.6,1,4,,0.0476
traceB,bsf,876,69.6,122.3,1,4,,0.0476
traceB,bsf,877,74.9,121.7,1,4,,0.0476
traceB,bsf,878,82.4,121.3,1,4,,0.0476
traceB,bsf,879,87.6,121.3,1,4,,0.0476
traceB,bsf,880,81.3,122.2,1,4,,0.0476
traceB,bsf,881,89.9,121.7,1,4,,0.0476
traceB,bsf,882,92.8,121.5,1,4,,0.0476
traceB,bsf,883,96.9,121.4,1,4,,0.0476
traceB,bsf,884,86.9,121.6,1,4,,0.0476
traceB,bsf,885,87.8,122.4,1,4,,0.0476
traceB,bsf,886,90.1,121.8,1,4,,0.0476
traceB,bsf,887,90.2,121.5,1,4,,0.0476
traceB,bsf,888,94.8,122.5,1,4,,0.0476
traceB,bsf,889,72.4,122.4,1,4,,0.0476
traceB,bsf,890,88.4,122.8,1,4,,0.0476
traceB,bsf,891,67.7,121.7,1,4,,0.0476
traceB,bsf,892,72.9,121.1,1,4,,0.0476
traceB,bsf,893,92.0,120.8,1,4,,0.0476
traceB,bsf,894,98.0,121.7,1,4,,0.0476
traceB,bsf,895,89.5,121.4,1,4,,0.0476
traceB,bsf,896,88.8,122.0,1,4,,0.0476
traceB,bsf,897,83.4,121.9,1,4,,0.0476
traceB,bsf,898,69.9,121.8,1,4,,0.0476
traceB,bsf,899,95.9,121.9,1,4,,0.0476
traceB,bsf,900,93.8,122.0,1,4,,0.0476
traceB,bsf,901,88.4,121.9,1,4,,0.0476
traceB,bsf,902,81.6,122.0,1,4,,0.0476
traceB,bsf,903,84.0,121.2,1,4,,0.0476
traceB,bsf,904,71.0,120.5,1,4,,0.0476
traceB,bsf,905,69.1,120.8,1,4,,0.0476
traceB,bsf,906,87.4,120.9,1,4,,0.0476
traceB,bsf,907,86.3,121.7,1,4,,0.0476
traceB,bsf,908,92.0,121.1,1,4,,0.0476
traceB,bsf,909,75.9,121.4,1,4,,0.0476
traceB,bsf,910,70.2,121.1,1,4,,0.0476
traceB,bsf,911,98.5,121.6,1,4,,0.0476
traceB,bsf,912,99.6,122.2,1,4,,0.0476
traceB,bsf,913,87.1,121.6,1,4,,0.0476
traceB,bsf,914,79.1,121.1,1,4,,0.0476
traceB,bsf,915,88.4,121.4,1,4,,0.0476
traceB,bsf,916,82.3,121.1,1,4,,0.0476
traceB,bsf,917,76.9,121.0,1,4,,0.0476
traceB,bsf,918,88.1,120.4,1,4,,0.0476
traceB,bsf,919,87.2,121.5,1,4,,0.0476
traceB,bsf,920,86.1,121.3,1,4,,0.0476
traceB,bsf,921,97.1,121.5,1,4,,0.0476
traceB,bsf,922,68.5,121.2,1,4,,0.0476
traceB,bsf,923,85.4,121.5,1,4,,0.0476
traceB,bsf,924,86.9,120.5,1,4,,0.0476
traceB,bsf,925,85.9,121.1,1,4,,0.0476
traceB,bsf,926,85.6,121.4,1,4,,0.0476
traceB,bsf,927,78.8,120.4,1,4,,0.0476
traceB,bsf,928,80.2,122.6,1,4,,0.0476
traceB,bsf,929,89.3,121.1,1,4,,0.0476
traceB,bsf,930,85.1,121.7,1,4,,0.0476
traceB,bsf,931,89.5,122.7,1,4,,0.0476
traceB,bsf,932,80.5,122.7,1,4,,0.0476
traceB,bsf,933,78.2,122.8,1,4,,0.0476
traceB,bsf,934,87.7,122.3,1,4,,0.0476
traceB,bsf,935,82.0,124.1,1,4,,0.0476
traceB,bsf,936,87.2,122.4,1,4,,0.0476
traceB,bsf,937,92.8,122.0,1,4,,0.0476
traceB,bsf,938,93.6,121.7,1,4,,0.0476
traceB,bsf,939,72.0,121.4,1,4,,0.0476
traceB,bsf,940,69.9,121.8,1,4,,0.0476
traceB,bsf,941,71.2,121.3,1,4,,0.0476
traceB,bsf,942,84.1,121.1,1,4,,0.0476
traceB,bsf,943,82.2,121.2,1,4,,0.0476
traceB,bsf,944,78.7,120.9,1,4,,0.0476
traceB,bsf,945,90.7,121.4,1,4,,0.0476
traceB,bsf,946,86.8,121.8,1,4,,0.0476
traceB,bsf,947,85.4,121.2,1,4,,0.0476
traceB,bsf,948,80.7,121.4,1,4,,0.0476
traceB,bsf,949,78.3,122.1,1,4,,0.0476
traceB,bsf,950,87.8,121.1,1,4,,0.0476
traceB,bsf,951,86.1,121.1,1,4,,0.0476
traceB,bsf,952,84.4,120.8,1,4,,0.0476
traceB,bsf,953,82.7,123.3,1,4,,0.0476
traceB,bsf,954,81.7,122.5,1,4,,0.0476
traceB,bsf,955,84.8,121.8,1,4,,0.0476
traceB,bsf,956,85.6,121.1,1,4,,0.0476
traceB,bsf,957,89.1,122.2,1,4,,0.0476
traceB,bsf,958,79.4,120.7,1,4,,0.0476
traceB,bsf,959,79.1,121.0,1,4,,0.0476
traceB,bsf,960,83.6,121.4,1,4,,0.0476
traceB,bsf,961,84.7,121.4,1,4,,0.0476
traceB,bsf,962,81.2,121.7,1,4,,0.0476
traceB,bsf,963,70.1,121.4,1,4,,0.0476
traceB,bsf,964,94.7,121.2,1,4,,0.0476
traceB,bsf,965,74.2,121.0,1,4,,0.0476
traceB,bsf,966,83.0,121.9,1,4,,0.0476
traceB,bsf,967,86.6,121.9,1,4,,0.0476
traceB,bsf,968,92.5,121.4,1,4,,0.0476
traceB,bsf,969,80.7,120.9,1,4,,0.0476
traceB,bsf,970,78.9,121.0,1,4,,0.0476
traceB,bsf,971,83.7,121.7,1,4,,0.0476
traceB,bsf,972,88.5,121.9,1,4,,0.0476
traceB,bsf,973,76.6,121.4,1,4,,0.0476
traceB,bsf,974,89.2,121.5,1,4,,0.0476
traceB,bsf,975,98.8,121.4,1,4,,0.0476
traceB,bsf,976,94.5,121.3,1,4,,0.0476
traceB,bsf,977,75.4,122.1,1,4,,0.0476
traceB,bsf,978,84.5,121.6,1,4,,0.0476
traceB,bsf,979,72.7,121.8,1,4,,0.0476
traceB,bsf,980,93.6,121.9,1,4,,0.0476
traceB,bsf,981,71.8,121.8,1,4,,0.0476
traceB,bsf,982,88.7,121.9,1,4,,0.0476
traceB,bsf,983,88.7,121.8,1,4,,0.0476
traceB,bsf,984,90.5,121.6,1,4,,0.0476
traceB,bsf,985,95.3,121.9,1,4,,0.0476
traceB,bsf,986,94.8,121.8,1,4,,0.0476
traceB,bsf,987,94.5,121.6,1,4,,0.0476
traceB,bsf,988,87.2,122.5,1,4,,0.0476
traceB,bsf,989,83.5,120.9,1,4,,0.0476
traceB,bsf,990,86.7,122.4,1,4,,0.0476
traceB,bsf,991,75.2,121.1,1,4,,0.0476
traceB,bsf,992,84.8,121.7,1,4,,0.0476
traceB,bsf,993,82.4,121.8,1,4,,0.0476
traceB,bsf,994,83.4,121.9,1,4,,0.0476
traceB,bsf,995,86.1,123.1,1,4,,0.0476
traceB,bsf,996,77.8,121.8,1,4,,0.0476
traceB,bsf,997,79.7,121.7,1,4,,0.0476
traceB,bsf,998,86.4,122.2,1,4,,0.0476
traceB,bsf,999,93.9,121.9,1,4,,0.0476
traceB,v3,0,88.3,1860.7,1,6,H,1.6133
traceB,v3,1,76.1,178.4,1,6,H,1.6108
traceB,v3,2,85.9,1408.6,1,8,M,1.6084
traceB,v3,3,70.1,155.1,1,8,M,1.6060
traceB,v3,4,93.7,924.1,1,8,L,1.6035
traceB,v3,5,68.3,79.7,1,7,L,1.6011
traceB,v3,6,88.8,79.5,0,7,L,1.5868
traceB,v3,7,86.9,111.8,1,10,L,1.4914
traceB,v3,8,87.7,144.1,1,13,L,1.3156
traceB,v3,9,68.6,164.2,1,15,L,1.1425
traceB,v3,10,97.3,162.9,1,15,L,1.1003
traceB,v3,11,87.1,163.5,1,15,L,1.3423
traceB,v3,12,88.8,165.2,1,15,L,1.9084
traceB,v3,13,86.5,165.0,1,15,L,2.6559
traceB,v3,14,94.7,166.4,1,15,L,3.5252
traceB,v3,15,94.6,163.6,1,15,L,4.4777
traceB,v3,16,92.0,167.1,1,15,L,5.4934
traceB,v3,17,85.1,164.3,1,15,L,6.5821
traceB,v3,18,79.9,164.3,1,15,L,7.7260
traceB,v3,19,70.8,165.3,1,15,L,8.9544
traceB,v3,20,74.8,164.0,1,15,L,10.2484
traceB,v3,21,82.6,165.1,1,15,L,11.6236
traceB,v3,22,87.9,164.8,1,15,L,13.0808
traceB,v3,23,86.6,164.5,1,15,L,14.6193
traceB,v3,24,86.3,164.1,1,15,L,16.2646
traceB,v3,25,72.5,164.4,1,15,L,17.9932
traceB,v3,26,93.6,164.3,1,15,L,19.8259
traceB,v3,27,72.0,165.5,1,15,L,21.7547
traceB,v3,28,77.7,164.4,1,15,L,23.7816
traceB,v3,29,85.8,164.5,1,15,L,25.9125
traceB,v3,30,79.1,164.4,1,15,L,28.1408
traceB,v3,31,78.2,164.7,1,15,L,30.4883
traceB,v3,32,68.5,164.4,1,15,L,32.9349
traceB,v3,33,88.4,164.4,1,15,L,35.4975
traceB,v3,34,74.0,164.7,1,15,L,38.1653
traceB,v3,35,77.3,165.2,1,15,L,40.9458
traceB,v3,36,80.0,164.8,1,15,L,43.8503
traceB,v3,37,82.7,164.7,1,15,L,46.8588
traceB,v3,38,88.6,165.3,1,15,L,49.9898
traceB,v3,39,68.0,164.8,1,15,L,53.2285
traceB,v3,40,91.8,164.9,1,15,L,56.5823
traceB,v3,41,93.0,164.9,1,15,L,60.0469
traceB,v3,42,70.1,165.1,1,15,L,63.6233
traceB,v3,43,75.0,165.2,1,15,L,67.3238
traceB,v3,44,97.3,165.1,1,15,L,71.1314
traceB,v3,45,106.1,164.8,1,15,L,75.0617
traceB,v3,46,80.0,165.2,1,15,L,79.1001
traceB,v3,47,88.6,166.0,1,15,L,83.2602
traceB,v3,48,70.1,165.2,1,15,L,87.5439
traceB,v3,49,89.1,165.0,1,15,L,91.9371
traceB,v3,50,69.4,165.6,1,15,L,96.4556
traceB,v3,51,68.9,165.0,1,15,L,101.0831
traceB,v3,52,62.8,165.1,1,15,L,105.8301
traceB,v3,53,160.3,165.3,1,15,L,110.6874
traceB,v3,54,140.8,167.7,1,8,M,115.6618
traceB,v3,55,85.7,168.6,1,14,L,120.7586
traceB,v3,56,90.5,166.2,1,15,L,125.9652
traceB,v3,57,93.6,166.2,1,15,L,131.2953
traceB,v3,58,89.5,165.8,1,15,L,136.7334
traceB,v3,59,85.0,165.5,1,15,L,142.2969
traceB,v3,60,86.4,165.5,1,15,L,147.9809
traceB,v3,61,87.6,165.4,1,15,L,153.7773
traceB,v3,62,69.8,166.2,1,15,L,159.6982
traceB,v3,63,64.0,165.3,1,15,L,165.7283
traceB,v3,64,69.2,165.8,1,15,L,171.8790
traceB,v3,65,78.0,165.8,1,15,L,178.1385
traceB,v3,66,100.4,165.6,1,15,L,184.5183
traceB,v3,67,78.6,166.0,1,15,L,191.0176
traceB,v3,68,84.1,165.6,1,15,L,197.6285
traceB,v3,69,87.5,166.2,1,15,L,204.3617
traceB,v3,70,84.0,165.4,1,15,L,211.2029
traceB,v3,71,81.0,165.7,1,15,L,218.1712
traceB,v3,72,78.2,166.0,1,15,L,225.2568
traceB,v3,73,89.4,166.1,1,15,L,232.4566
traceB,v3,74,86.2,166.4,1,15,L,239.7791
traceB,v3,75,85.0,165.6,1,15,L,247.2109
traceB,v3,76,92.4,165.6,1,15,L,254.7629
traceB,v3,77,91.2,165.6,1,15,L,262.4224
traceB,v3,78,94.4,166.1,1,15,L,270.2041
traceB,v3,79,85.3,166.5,1,15,L,278.1021
traceB,v3,80,84.4,165.6,1,15,L,286.1131
traceB,v3,81,88.8,166.0,1,15,L,294.2444
traceB,v3,82,102.2,165.5,1,15,L,302.4838
traceB,v3,83,80.2,166.6,1,15,L,310.8508
traceB,v3,84,80.5,166.3,1,15,L,319.3317
traceB,v3,85,97.6,165.4,1,15,L,327.9284
traceB,v3,86,67.9,166.2,1,15,L,336.6452
traceB,v3,87,69.3,165.3,1,15,L,345.4711
traceB,v3,88,66.4,165.7,1,15,L,354.4159
traceB,v3,89,78.5,165.5,1,15,L,363.4674
traceB,v3,90,84.8,165.7,1,15,L,372.6415
traceB,v3,91,93.1,166.1,1,15,L,381.9286
traceB,v3,92,95.8,165.6,1,15,L,391.3297
traceB,v3,93,84.9,166.2,1,15,L,400.8486
traceB,v3,94,82.6,165.5,1,15,L,410.4755
traceB,v3,95,89.1,166.2,1,15,L,420.2296
traceB,v3,96,91.0,165.6,1,15,L,430.0942
traceB,v3,97,91.4,166.0,1,15,L,440.0754
traceB,v3,98,90.6,166.2,1,15,L,450.1734
traceB,v3,99,71.1,165.9,1,15,L,460.3803
traceB,v3,100,87.9,166.1,1,15,L,470.7040
traceB,v3,101,85.7,165.5,1,15,L,481.1333
traceB,v3,102,74.3,165.8,1,15,L,491.6849
traceB,v3,103,94.2,165.8,1,15,L,502.3460
traceB,v3,104,83.0,166.0,1,15,L,513.1215
traceB,v3,105,76.8,166.0,1,15,L,524.0114
traceB,v3,106,90.0,165.6,1,15,L,535.0094
traceB,v3,107,79.6,165.8,1,15,L,546.1330
traceB,v3,108,83.4,166.6,1,15,L,557.3635
traceB,v3,109,85.7,166.1,1,15,L,568.7110
traceB,v3,110,99.4,165.7,1,15,L,580.1713
traceB,v3,111,81.8,165.4,1,15,L,591.7398
traceB,v3,112,84.3,166.0,1,15,L,603.4222
traceB,v3,113,89.5,165.8,1,15,L,615.2091
traceB,v3,114,92.4,166.0,1,15,L,627.1168
traceB,v3,115,70.2,163.5,1,15,L,639.1305
traceB,v3,116,86.6,166.3,1,15,L,651.2583
traceB,v3,117,70.6,165.7,1,15,L,663.4964
traceB,v3,118,71.9,165.8,1,15,L,675.8425
traceB,v3,119,91.3,166.1,1,15,L,688.3115
traceB,v3,120,75.2,165.8,1,15,L,700.8839
traceB,v3,121,82.4,166.2,1,15,L,713.5724
traceB,v3,122,87.0,165.6,1,15,L,726.3694
traceB,v3,123,89.6,166.6,1,15,L,739.2737
traceB,v3,124,69.1,167.1,1,15,L,752.2881
traceB,v3,125,95.1,166.0,1,15,L,765.4055
traceB,v3,126,96.3,166.2,1,15,L,778.6414
traceB,v3,127,84.9,165.7,1,15,L,791.9794
traceB,v3,128,85.7,166.0,1,15,L,805.4305
traceB,v3,129,84.3,166.0,1,15,L,818.9874
traceB,v3,130,94.7,165.7,1,15,L,832.6516
traceB,v3,131,89.9,165.9,1,15,L,846.4351
traceB,v3,132,72.0,166.2,1,15,L,860.3185
traceB,v3,133,79.3,166.5,1,15,L,874.3163
traceB,v3,134,87.6,165.9,1,15,L,888.4177
traceB,v3,135,91.5,165.6,1,15,L,902.6249
traceB,v3,136,89.7,165.8,1,15,L,916.9377
traceB,v3,137,92.9,165.7,1,15,L,931.3520
traceB,v3,138,72.5,166.0,1,15,L,945.8812
traceB,v3,139,76.2,166.0,1,15,L,960.5088
traceB,v3,140,87.3,166.1,1,15,L,975.2474
traceB,v3,141,71.2,165.6,1,15,L,990.0869
traceB,v3,142,89.2,165.6,1,15,L,1005.0330
traceB,v3,143,88.0,165.4,1,15,L,1020.0933
traceB,v3,144,77.6,165.9,1,15,L,1035.2504
traceB,v3,145,86.4,166.1,1,15,L,1050.5190
traceB,v3,146,79.4,165.6,1,15,L,1065.8861
traceB,v3,147,80.4,165.8,1,15,L,1081.3570
traceB,v3,148,89.3,165.6,1,15,L,1096.9284
traceB,v3,149,68.9,165.6,1,15,L,1112.5995
traceB,v3,150,87.8,165.5,1,15,L,1128.3811
traceB,v3,151,78.7,165.8,1,15,L,1144.2573
traceB,v3,152,80.4,166.1,1,15,L,1160.2417
traceB,v3,153,85.2,165.7,1,15,L,1176.3218
traceB,v3,154,72.5,166.3,1,15,L,1192.5071
traceB,v3,155,67.7,165.6,1,15,L,1208.8012
traceB,v3,156,71.4,165.8,1,15,L,1225.1885
traceB,v3,157,94.6,166.3,1,15,L,1241.6838
traceB,v3,158,86.8,165.8,1,15,L,1258.2725
traceB,v3,159,86.5,165.9,1,15,L,1274.9623
traceB,v3,160,84.4,165.5,1,15,L,1291.7471
traceB,v3,161,93.1,165.6,1,15,L,1308.6297
traceB,v3,162,71.3,165.4,1,15,L,1325.6175
traceB,v3,163,87.2,165.5,1,15,L,1342.6963
traceB,v3,164,88.5,166.3,1,15,L,1359.8796
traceB,v3,165,86.9,165.6,1,15,L,1377.1535
traceB,v3,166,76.7,165.4,1,15,L,1394.5309
traceB,v3,167,86.7,165.6,1,15,L,1412.0107
traceB,v3,168,95.0,165.4,1,15,L,1429.5805
traceB,v3,169,93.7,165.3,1,15,L,1447.2539
traceB,v3,170,70.5,165.3,1,15,L,1465.0157
traceB,v3,171,91.2,165.6,1,15,L,1482.8754
traceB,v3,172,85.6,165.4,1,15,L,1500.8244
traceB,v3,173,72.2,165.8,1,15,L,1518.8691
traceB,v3,174,91.6,165.6,1,15,L,1537.0132
traceB,v3,175,85.8,165.2,1,15,L,1555.2447
traceB,v3,176,84.4,165.2,1,15,L,1573.5764
traceB,v3,177,85.1,165.3,1,15,L,1591.9938
traceB,v3,178,68.9,165.3,1,15,L,1610.5124
traceB,v3,179,70.8,165.1,1,15,L,1629.1270
traceB,v3,180,69.9,165.0,1,15,L,1647.8282
traceB,v3,181,73.6,164.9,1,15,L,1666.6283
traceB,v3,182,85.2,164.9,1,15,L,1685.5117
traceB,v3,183,86.1,165.0,1,15,L,1704.4894
traceB,v3,184,86.5,164.8,1,15,L,1723.5510
traceB,v3,185,93.5,164.8,1,15,L,1742.7058
traceB,v3,186,95.0,165.6,1,15,L,1761.9540
traceB,v3,187,89.7,164.8,1,15,L,1781.2860
traceB,v3,188,74.0,165.3,1,15,L,1800.7137
traceB,v3,189,87.1,164.7,1,15,L,1820.2223
traceB,v3,190,72.9,165.3,1,15,L,1839.8295
traceB,v3,191,71.6,164.9,1,15,L,1859.5260
traceB,v3,192,82.6,164.9,1,15,L,1879.3059
traceB,v3,193,69.9,164.8,1,15,L,1899.1796
traceB,v3,194,87.9,164.3,1,15,L,1919.1319
traceB,v3,195,82.3,164.1,1,15,L,1939.1746
traceB,v3,196,72.8,164.1,1,15,L,1959.2958
traceB,v3,197,92.4,164.1,1,15,L,1979.5077
traceB,v3,198,71.3,164.3,1,15,L,1999.8068
traceB,v3,199,88.2,164.4,1,15,L,2020.1863
traceB,v3,200,84.7,164.5,1,15,L,2040.6566
traceB,v3,201,83.9,164.3,1,15,L,2061.2036
traceB,v3,202,75.0,164.5,1,15,L,2081.8461
traceB,v3,203,89.4,164.6,1,15,L,2102.5713
traceB,v3,204,88.6,164.5,1,15,L,2123.3770
traceB,v3,205,83.4,165.6,1,15,L,2144.2709
traceB,v3,206,83.5,164.6,1,15,L,2165.2392
traceB,v3,207,80.5,164.7,1,15,L,2186.2937
traceB,v3,208,80.1,164.9,1,15,L,2207.4217
traceB,v3,209,83.5,165.2,1,15,L,2228.6378
traceB,v3,210,86.2,164.8,1,15,L,2249.9347
traceB,v3,211,87.9,164.9,1,15,L,2271.3091
traceB,v3,212,69.5,165.2,1,15,L,2292.7691
traceB,v3,213,69.2,165.0,1,15,L,2314.3019
traceB,v3,214,89.6,164.7,1,15,L,2335.9269
traceB,v3,215,84.3,165.5,1,15,L,2357.6281
traceB,v3,216,85.4,165.9,1,15,L,2379.4072
traceB,v3,217,91.9,165.9,1,15,L,2401.2689
traceB,v3,218,97.2,165.7,1,15,L,2423.2009
traceB,v3,219,88.2,165.8,1,15,L,2445.2148
traceB,v3,220,86.5,165.7,1,15,L,2467.2976
traceB,v3,221,85.0,165.8,1,15,L,2489.4655
traceB,v3,222,80.7,165.9,1,15,L,2511.7082
traceB,v3,223,78.6,165.7,1,15,L,2534.0259
traceB,v3,224,85.3,165.0,1,15,L,2556.4236
traceB,v3,225,81.8,165.8,1,15,L,2578.8907
traceB,v3,226,80.7,165.9,1,15,L,2601.4463
traceB,v3,227,72.4,165.4,1,15,L,2624.0720
traceB,v3,228,87.3,166.5,1,15,L,2646.7731
traceB,v3,229,80.1,166.6,1,15,L,2669.5509
traceB,v3,230,78.6,166.7,1,15,L,2692.3956
traceB,v3,231,86.7,166.4,1,15,L,2715.3175
traceB,v3,232,85.8,165.7,1,15,L,2738.3042
traceB,v3,233,89.8,166.0,1,15,L,2761.3730
traceB,v3,234,83.4,165.3,1,15,L,2784.5105
traceB,v3,235,79.6,166.0,1,15,L,2807.7206
traceB,v3,236,83.4,165.4,1,15,L,2831.0051
traceB,v3,237,90.9,165.9,1,15,L,2854.3560
traceB,v3,238,72.7,166.5,1,15,L,2877.7914
traceB,v3,239,87.6,165.3,1,15,L,2901.2912
traceB,v3,240,69.8,166.8,1,15,L,2924.8639
traceB,v3,241,98.4,165.8,1,15,L,2948.5073
traceB,v3,242,71.3,166.1,1,15,L,2972.2143
traceB,v3,243,81.7,165.9,1,15,L,2995.9939
traceB,v3,244,73.5,165.5,1,15,L,3019.8344
traceB,v3,245,78.2,166.6,1,15,L,3043.7535
traceB,v3,246,81.8,166.0,1,15,L,3067.7359
traceB,v3,247,84.3,166.6,1,15,L,3091.7882
traceB,v3,248,90.0,165.9,1,15,L,3115.9093
traceB,v3,249,86.4,166.5,1,15,L,3140.0942
traceB,v3,250,82.5,166.3,1,15,L,3164.3591
traceB,v3,251,81.9,165.7,1,15,L,3188.6829
traceB,v3,252,83.6,166.2,1,15,L,3213.0770
traceB,v3,253,87.3,165.6,1,15,L,3237.5358
traceB,v3,254,89.1,165.9,1,15,L,3262.0553
traceB,v3,255,86.3,165.7,1,15,L,3286.6423
traceB,v3,256,73.3,165.5,1,15,L,3311.2867
traceB,v3,257,94.4,166.4,1,15,L,3336.0060
traceB,v3,258,84.4,165.6,1,15,L,3360.7829
traceB,v3,259,84.3,166.5,1,15,L,3385.6273
traceB,v3,260,89.2,165.3,1,15,L,3410.5347
traceB,v3,261,94.7,166.0,1,15,L,3435.5034
traceB,v3,262,71.3,165.9,1,15,L,3460.5470
traceB,v3,263,86.6,165.4,1,15,L,3485.6445
traceB,v3,264,87.7,166.5,1,15,L,3510.8093
traceB,v3,265,73.6,165.4,1,15,L,3536.0328
traceB,v3,266,93.8,166.5,1,15,L,3561.3141
traceB,v3,267,96.4,165.5,1,15,L,3586.6574
traceB,v3,268,89.0,165.6,1,15,L,3612.0550
traceB,v3,269,96.3,165.9,1,15,L,3637.5230
traceB,v3,270,75.7,165.4,1,15,L,3663.0434
traceB,v3,271,96.9,166.5,1,15,L,3688.6284
traceB,v3,272,94.1,165.5,1,15,L,3714.2704
traceB,v3,273,85.9,165.9,1,15,L,3739.9714
traceB,v3,274,77.2,165.8,1,15,L,3765.7418
traceB,v3,275,89.8,165.4,1,15,L,3791.5609
traceB,v3,276,80.2,166.8,1,15,L,3817.4442
traceB,v3,277,81.0,165.4,1,15,L,3843.3798
traceB,v3,278,85.6,166.1,1,15,L,3869.3704
traceB,v3,279,68.7,165.0,1,15,L,3895.4172
traceB,v3,280,90.3,165.8,1,15,L,3921.5150
traceB,v3,281,83.6,165.9,1,15,L,3947.6785
traceB,v3,282,78.9,165.9,1,15,L,3973.8889
traceB,v3,283,84.1,166.1,1,15,L,4000.1608
traceB,v3,284,82.6,165.4,1,15,L,4026.4835
traceB,v3,285,80.8,165.7,1,15,L,4052.8628
traceB,v3,286,83.4,165.6,1,15,L,4079.3051
traceB,v3,287,82.6,165.8,1,15,L,4105.7913
traceB,v3,288,83.0,166.9,1,15,L,4132.3380
traceB,v3,289,85.8,165.9,1,15,L,4158.9305
traceB,v3,290,83.3,166.6,1,15,L,4185.5751
traceB,v3,291,86.4,166.1,1,15,L,4212.2694
traceB,v3,292,92.0,166.1,1,15,L,4239.0118
traceB,v3,293,92.0,166.3,1,15,L,4265.8141
traceB,v3,294,92.2,165.8,1,15,L,4292.6581
traceB,v3,295,71.2,166.4,1,15,L,4319.5599
traceB,v3,296,89.3,165.5,1,15,L,4346.5060
traceB,v3,297,87.2,166.3,1,15,L,4373.5060
traceB,v3,298,81.1,165.6,1,15,L,4400.5624
traceB,v3,299,80.7,166.0,1,15,L,4427.6577
traceB,v3,300,85.9,165.7,1,15,L,4454.8092
traceB,v3,301,89.8,165.7,1,15,L,4481.9998
traceB,v3,302,89.5,166.0,1,15,L,4509.2391
traceB,v3,303,83.1,165.6,1,15,L,4536.5215
traceB,v3,304,76.3,165.8,1,15,L,4563.8487
traceB,v3,305,90.6,165.6,1,15,L,4591.2295
traceB,v3,306,72.2,166.2,1,15,L,4618.6469
traceB,v3,307,68.8,165.2,1,15,L,4646.1177
traceB,v3,308,72.8,165.5,1,15,L,4673.6262
traceB,v3,309,92.0,167.6,1,15,L,4701.1855
traceB,v3,310,92.6,166.1,1,15,L,4728.7939
traceB,v3,311,85.0,166.1,1,15,L,4756.4364
traceB,v3,312,86.4,165.8,1,15,L,4784.1300
traceB,v3,313,87.0,165.9,1,15,L,4811.8560
traceB,v3,314,93.6,165.9,1,15,L,4839.6270
traceB,v3,315,96.0,166.6,1,15,L,4867.4339
traceB,v3,316,85.4,165.8,1,15,L,4895.2823
traceB,v3,317,89.2,165.3,1,15,L,4923.1774
traceB,v3,318,84.1,165.9,1,15,L,4951.1039
traceB,v3,319,91.3,165.0,1,15,L,4979.0787
traceB,v3,320,94.7,166.2,1,15,L,5007.0846
traceB,v3,321,86.5,166.5,1,15,L,5035.1378
traceB,v3,322,86.9,165.8,1,15,L,5063.2323
traceB,v3,323,81.4,165.0,1,15,L,5091.3562
traceB,v3,324,83.7,165.8,1,15,L,5119.5254
traceB,v3,325,81.2,164.5,1,15,L,5147.7203
traceB,v3,326,83.5,165.2,1,15,L,5175.9560
traceB,v3,327,83.2,165.3,1,15,L,5204.2201
traceB,v3,328,84.8,165.6,1,15,L,5232.5224
traceB,v3,329,88.5,165.0,1,15,L,5260.8637
traceB,v3,330,94.3,165.1,1,15,L,5289.2316
traceB,v3,331,92.4,164.8,1,15,L,5317.6420
traceB,v3,332,83.3,165.5,1,15,L,5346.0767
traceB,v3,333,85.7,165.5,1,15,L,5374.5549
traceB,v3,334,88.2,164.9,1,15,L,5403.0662
traceB,v3,335,67.6,165.1,1,15,L,5431.6024
traceB,v3,336,72.6,165.8,1,15,L,5460.1774
traceB,v3,337,85.9,165.4,1,15,L,5488.7716
traceB,v3,338,78.7,165.2,1,15,L,5517.4019
traceB,v3,339,66.6,165.9,1,15,L,5546.0530
traceB,v3,340,85.7,165.2,1,15,L,5574.7388
traceB,v3,341,79.9,165.0,1,15,L,5603.4555
traceB,v3,342,85.8,164.6,1,15,L,5632.1941
traceB,v3,343,84.0,164.8,1,15,L,5660.9689
traceB,v3,344,88.4,165.5,1,15,L,5689.7616
traceB,v3,345,71.4,165.2,1,15,L,5718.5933
traceB,v3,346,92.4,167.4,1,15,L,5747.4498
traceB,v3,347,89.8,164.9,1,15,L,5776.3269
traceB,v3,348,89.6,164.8,1,15,L,5805.2356
traceB,v3,349,77.1,164.7,1,15,L,5834.1575
traceB,v3,350,71.4,165.3,1,15,L,5863.1103
traceB,v3,351,77.6,165.1,1,15,L,5892.0765
traceB,v3,352,81.4,164.7,1,15,L,5921.0735
traceB,v3,353,83.6,165.2,1,15,L,5950.0933
traceB,v3,354,77.7,164.4,1,15,L,5979.1306
traceB,v3,355,90.4,166.6,1,15,L,6008.1971
traceB,v3,356,78.2,164.2,1,15,L,6037.2755
traceB,v3,357,82.6,163.4,1,15,L,6066.3881
traceB,v3,358,85.3,164.8,1,15,L,6095.5171
traceB,v3,359,87.9,163.8,1,15,L,6124.6628
traceB,v3,360,87.3,163.7,1,15,L,6153.8325
traceB,v3,361,69.6,164.9,1,15,L,6183.0099
traceB,v3,362,97.1,164.6,1,15,L,6212.2124
traceB,v3,363,89.3,163.4,1,15,L,6241.4215
traceB,v3,364,85.0,163.4,1,15,L,6270.6572
traceB,v3,365,88.1,163.9,1,15,L,6299.9075
traceB,v3,366,89.6,163.5,1,15,L,6329.1713
traceB,v3,367,77.6,164.0,1,15,L,6358.4571
traceB,v3,368,81.8,163.8,1,15,L,6387.7494
traceB,v3,369,65.7,164.6,1,15,L,6417.0706
traceB,v3,370,77.7,164.8,1,15,L,6446.4000
traceB,v3,371,88.0,164.8,1,15,L,6475.7425
traceB,v3,372,91.4,165.2,1,15,L,6505.1011
traceB,v3,373,94.4,164.7,1,15,L,6534.4627
traceB,v3,374,88.7,165.2,1,15,L,6563.8432
traceB,v3,375,85.3,164.4,1,15,L,6593.2240
traceB,v3,376,85.9,164.3,1,15,L,6622.6272
traceB,v3,377,91.4,164.5,1,15,L,6652.0367
traceB,v3,378,74.2,163.9,1,15,L,6681.4565
traceB,v3,379,83.5,164.2,1,15,L,6710.8907
traceB,v3,380,91.9,164.9,1,15,L,6740.3266
traceB,v3,381,85.5,164.8,1,15,L,6769.7860
traceB,v3,382,86.7,165.6,1,15,L,6799.2456
traceB,v3,383,82.2,165.3,1,15,L,6828.7151
traceB,v3,384,78.5,165.4,1,15,L,6858.1930
traceB,v3,385,91.8,164.9,1,15,L,6887.6696
traceB,v3,386,68.9,165.2,1,15,L,6917.1587
traceB,v3,387,75.5,165.9,1,15,L,6946.6427
traceB,v3,388,92.6,165.3,1,15,L,6976.1446
traceB,v3,389,92.7,165.3,1,15,L,7005.6450
traceB,v3,390,84.6,164.5,1,15,L,7035.1527
traceB,v3,391,87.2,165.0,1,15,L,7064.6673
traceB,v3,392,86.5,165.6,1,15,L,7094.1796
traceB,v3,393,94.2,164.8,1,15,L,7123.7098
traceB,v3,394,91.4,165.4,1,15,L,7153.2327
traceB,v3,395,72.6,164.4,1,15,L,7182.7628
traceB,v3,396,85.7,165.3,1,15,L,7212.2933
traceB,v3,397,90.6,164.8,1,15,L,7241.8192
traceB,v3,398,82.9,165.7,1,15,L,7271.3511
traceB,v3,399,74.7,165.1,1,15,L,7300.8733
traceB,v3,400,89.8,165.6,1,15,L,7330.4088
traceB,v3,401,86.7,166.0,1,15,L,7359.9354
traceB,v3,402,81.6,164.5,1,15,L,7389.4667
traceB,v3,403,83.5,166.0,1,15,L,7418.9975
traceB,v3,404,82.8,164.8,1,15,L,7448.5228
traceB,v3,405,80.8,165.4,1,15,L,7478.0602
traceB,v3,406,85.2,165.7,1,15,L,7507.5838
traceB,v3,407,76.7,165.7,1,15,L,7537.1118
traceB,v3,408,71.0,165.7,1,15,L,7566.6323
traceB,v3,409,92.2,166.6,1,15,L,7596.1461
traceB,v3,410,74.9,166.0,1,15,L,7625.6589
traceB,v3,411,73.8,165.9,1,15,L,7655.1584
traceB,v3,412,87.1,165.7,1,15,L,7684.6665
traceB,v3,413,102.9,165.6,1,15,L,7714.1591
traceB,v3,414,75.0,166.6,1,15,L,7743.6539
traceB,v3,415,80.1,165.7,1,15,L,7773.1409
traceB,v3,416,82.0,166.3,1,15,L,7802.6201
traceB,v3,417,84.7,165.5,1,15,L,7832.1054
traceB,v3,418,98.2,164.6,1,15,L,7861.5712
traceB,v3,419,93.4,165.3,1,15,L,7891.0387
traceB,v3,420,84.6,166.5,1,15,L,7920.4913
traceB,v3,421,86.0,165.6,1,15,L,7949.9353
traceB,v3,422,84.9,166.2,1,15,L,7979.3715
traceB,v3,423,84.1,164.5,1,15,L,8008.7919
traceB,v3,424,74.8,166.0,1,15,L,8038.2156
traceB,v3,425,78.5,165.8,1,15,L,8067.6182
traceB,v3,426,82.9,165.5,1,15,L,8097.0208
traceB,v3,427,90.2,165.5,1,15,L,8126.4080
traceB,v3,428,82.8,166.1,1,15,L,8155.7861
traceB,v3,429,80.7,168.0,1,15,L,8185.1642
traceB,v3,430,82.0,164.6,1,15,L,8214.5179
traceB,v3,431,87.1,165.3,1,15,L,8243.8705
traceB,v3,432,89.2,165.6,1,15,L,8273.2013
traceB,v3,433,85.9,165.3,1,15,L,8302.5222
traceB,v3,434,79.4,164.7,1,15,L,8331.8282
traceB,v3,435,80.5,166.0,1,15,L,8361.1165
traceB,v3,436,88.8,164.7,1,15,L,8390.4029
traceB,v3,437,73.4,164.3,1,15,L,8419.6636
traceB,v3,438,86.9,164.8,1,15,L,8448.9215
traceB,v3,439,87.1,165.5,1,15,L,8478.1571
traceB,v3,440,81.7,166.5,1,15,L,8507.3826
traceB,v3,441,80.8,165.6,1,15,L,8536.6018
traceB,v3,442,75.8,164.5,1,15,L,8565.7928
traceB,v3,443,78.2,165.7,1,15,L,8594.9795
traceB,v3,444,95.3,165.2,1,15,L,8624.1381
traceB,v3,445,98.4,165.4,1,15,L,8653.2856
traceB,v3,446,68.8,165.6,1,15,L,8682.4110
traceB,v3,447,80.2,164.9,1,15,L,8711.5179
traceB,v3,448,82.4,165.4,1,15,L,8740.6170
traceB,v3,449,71.5,165.7,1,15,L,8769.6866
traceB,v3,450,97.7,167.2,1,15,L,8798.7504
traceB,v3,451,88.6,165.6,1,15,L,8827.7856
traceB,v3,452,72.9,166.4,1,15,L,8856.8097
traceB,v3,453,89.6,166.2,1,15,L,8885.8212
traceB,v3,454,85.4,165.7,1,15,L,8914.8014
traceB,v3,455,79.6,165.5,1,15,L,8943.7736
traceB,v3,456,80.2,165.1,1,15,L,8972.7123
traceB,v3,457,87.7,165.4,1,15,L,9001.6385
traceB,v3,458,86.1,164.8,1,15,L,9030.5354
traceB,v3,459,87.3,166.5,1,15,L,9059.4134
traceB,v3,460,70.0,166.1,1,15,L,9088.2776
traceB,v3,461,93.9,164.9,1,15,L,9117.1091
traceB,v3,462,89.3,166.3,1,15,L,9145.9314
traceB,v3,463,70.3,165.2,1,15,L,9174.7193
traceB,v3,464,82.7,165.6,1,15,L,9203.4950
traceB,v3,465,74.3,166.2,1,15,L,9232.2516
traceB,v3,466,89.3,164.8,1,15,L,9260.9748
traceB,v3,467,82.9,165.5,1,15,L,9289.6856
traceB,v3,468,77.3,165.9,1,15,L,9318.3583
traceB,v3,469,71.9,165.5,1,15,L,9347.0163
traceB,v3,470,80.0,165.6,1,15,L,9375.6387
traceB,v3,471,83.4,166.3,1,15,L,9404.2415
traceB,v3,472,89.3,167.4,1,15,L,9432.8242
traceB,v3,473,91.5,164.9,1,15,L,9461.3720
traceB,v3,474,89.3,165.3,1,15,L,9489.9063
traceB,v3,475,84.2,164.9,1,15,L,9518.4014
traceB,v3,476,84.1,164.6,1,15,L,9546.8827
traceB,v3,477,86.3,164.8,1,15,L,9575.3381
traceB,v3,478,91.9,165.2,1,15,L,9603.7587
traceB,v3,479,90.7,165.3,1,15,L,9632.1619
traceB,v3,480,69.7,165.1,1,15,L,9660.5232
traceB,v3,481,92.6,165.7,1,15,L,9688.8671
traceB,v3,482,88.4,165.1,1,15,L,9717.1696
traceB,v3,483,82.0,164.8,1,15,L,9745.4516
traceB,v3,484,79.7,164.8,1,15,L,9773.7068
traceB,v3,485,73.2,165.6,1,15,L,9801.9255
traceB,v3,486,89.2,167.6,1,15,L,9830.1260
traceB,v3,487,70.2,165.2,1,15,L,9858.2828
traceB,v3,488,81.0,166.0,1,15,L,9886.4241
traceB,v3,489,83.5,166.0,1,15,L,9914.5324
traceB,v3,490,67.9,165.8,1,15,L,9942.6052
traceB,v3,491,90.7,171.5,1,15,L,9970.6550
traceB,v3,492,91.3,164.9,1,15,L,9998.6598
traceB,v3,493,83.0,165.0,1,15,L,10026.6438
traceB,v3,494,84.6,165.7,1,15,L,10054.5811
traceB,v3,495,87.6,164.9,1,15,L,10082.4968
traceB,v3,496,89.2,166.4,1,15,L,10110.3786
traceB,v3,497,67.9,165.1,1,15,L,10138.2232
traceB,v3,498,90.2,166.3,1,15,L,10166.0440
traceB,v3,499,92.5,164.3,1,15,L,10193.8176
traceB,v3,500,68.0,167.0,1,15,L,10221.5735
traceB,v3,501,89.9,164.8,1,15,L,10249.2890
traceB,v3,502,93.7,166.4,1,15,L,10276.9690
traceB,v3,503,67.5,164.6,1,15,L,10304.6196
traceB,v3,504,83.0,165.4,1,15,L,10332.2230
traceB,v3,505,78.8,167.4,1,14,L,10359.8014
traceB,v3,506,85.6,168.2,1,15,L,10387.3287
traceB,v3,507,84.4,164.8,1,15,L,10414.8329
traceB,v3,508,84.1,165.1,1,15,L,10442.2959
traceB,v3,509,66.8,166.3,1,15,L,10469.7215
traceB,v3,510,72.5,165.4,1,15,L,10497.1171
traceB,v3,511,66.9,165.9,1,15,L,10524.4629
traceB,v3,512,90.5,164.7,1,15,L,10551.7881
traceB,v3,513,93.2,164.4,1,15,L,10579.0660
traceB,v3,514,87.1,165.8,1,15,L,10606.3084
traceB,v3,515,74.3,165.0,1,15,L,10633.5147
traceB,v3,516,95.0,164.6,1,15,L,10660.6725
traceB,v3,517,91.1,165.3,1,15,L,10687.8003
traceB,v3,518,94.4,165.2,1,15,L,10714.8735
traceB,v3,519,95.7,164.5,1,15,L,10741.9217
traceB,v3,520,102.3,164.1,1,15,L,10768.9216
traceB,v3,521,92.8,165.7,1,15,L,10795.8842
traceB,v3,522,83.5,166.9,1,15,L,10822.8101
traceB,v3,523,86.1,163.9,1,15,L,10849.6844
traceB,v3,524,92.6,165.0,1,15,L,10876.5349
traceB,v3,525,92.1,165.7,1,15,L,10903.3320
traceB,v3,526,103.5,165.2,1,15,L,10930.0933
traceB,v3,527,95.1,165.0,1,15,L,10956.8115
traceB,v3,528,94.1,164.8,1,15,L,10983.4811
traceB,v3,529,83.8,163.8,1,15,L,11010.1149
traceB,v3,530,82.2,164.3,1,15,L,11036.6916
traceB,v3,531,85.5,165.7,1,15,L,11063.2409
traceB,v3,532,92.2,164.5,1,15,L,11089.7356
traceB,v3,533,91.5,163.9,1,15,L,11116.1930
traceB,v3,534,88.5,164.3,1,15,L,11142.6068
traceB,v3,535,72.3,164.3,1,15,L,11168.9684
traceB,v3,536,93.0,162.4,1,15,L,11195.3024
traceB,v3,537,83.5,164.2,1,15,L,11221.5776
traceB,v3,538,74.9,164.5,1,15,L,11247.8171
traceB,v3,539,90.2,163.2,1,15,L,11274.0062
traceB,v3,540,87.2,163.4,1,15,L,11300.1474
traceB,v3,541,79.2,164.0,1,15,L,11326.2467
traceB,v3,542,87.1,163.2,1,15,L,11352.2875
traceB,v3,543,93.0,164.5,1,15,L,11378.2980
traceB,v3,544,69.0,163.8,1,15,L,11404.2487
traceB,v3,545,70.4,162.8,1,15,L,11430.1622
traceB,v3,546,89.5,164.9,1,15,L,11456.0248
traceB,v3,547,89.3,164.1,1,15,L,11481.8360
traceB,v3,548,87.5,162.7,1,15,L,11507.6153
traceB,v3,549,81.7,163.1,1,15,L,11533.3317
traceB,v3,550,81.3,164.0,1,15,L,11559.0120
traceB,v3,551,70.4,165.5,1,15,L,11584.6356
traceB,v3,552,88.5,164.6,1,15,L,11610.2123
traceB,v3,553,90.0,163.6,1,15,L,11635.7408
traceB,v3,554,86.5,165.2,1,15,L,11661.2108
traceB,v3,555,79.5,161.8,1,15,L,11686.6471
traceB,v3,556,85.9,163.7,1,15,L,11712.0197
traceB,v3,557,90.3,164.0,1,15,L,11737.3549
traceB,v3,558,74.3,164.9,1,15,L,11762.6327
traceB,v3,559,86.9,164.6,1,15,L,11787.8605
traceB,v3,560,81.3,165.6,1,15,L,11813.0520
traceB,v3,561,80.6,164.9,1,15,L,11838.1779
traceB,v3,562,93.3,164.7,1,15,L,11863.2671
traceB,v3,563,88.0,164.7,1,15,L,11888.2943
traceB,v3,564,70.3,165.9,1,15,L,11913.2759
traceB,v3,565,60.7,166.1,1,15,L,11938.2029
traceB,v3,566,85.2,165.1,1,15,L,11963.0730
traceB,v3,567,102.4,164.8,1,15,L,11987.9056
traceB,v3,568,76.0,164.9,1,15,L,12012.6720
traceB,v3,569,92.5,164.7,1,15,L,12037.4007
traceB,v3,570,93.9,164.6,1,15,L,12062.0663
traceB,v3,571,70.1,164.9,1,15,L,12086.6840
traceB,v3,572,88.3,169.1,1,15,L,12111.2610
traceB,v3,573,89.6,164.5,1,15,L,12135.7713
traceB,v3,574,69.2,164.5,1,15,L,12160.2439
traceB,v3,575,93.9,164.8,1,15,L,12184.6506
traceB,v3,576,93.3,164.5,1,15,L,12209.0131
traceB,v3,577,86.8,164.9,1,15,L,12233.3152
traceB,v3,578,85.1,166.4,1,15,L,12257.5630
traceB,v3,579,85.8,164.0,1,15,L,12281.7695
traceB,v3,580,94.6,164.3,1,15,L,12305.9088
traceB,v3,581,93.8,164.5,1,15,L,12330.0097
traceB,v3,582,70.4,164.7,1,15,L,12354.0435
traceB,v3,583,78.0,164.5,1,15,L,12378.0316
traceB,v3,584,87.7,164.7,1,15,L,12401.9749
traceB,v3,585,91.2,165.5,1,15,L,12425.8518
traceB,v3,586,72.2,165.8,1,15,L,12449.6899
traceB,v3,587,86.3,165.0,1,15,L,12473.4596
traceB,v3,588,89.5,164.9,1,15,L,12497.1866
traceB,v3,589,68.6,164.4,1,15,L,12520.8485
traceB,v3,590,70.5,166.4,1,15,L,12544.4592
traceB,v3,591,77.0,165.6,1,15,L,12568.0249
traceB,v3,592,81.0,164.7,1,15,L,12591.5240
traceB,v3,593,86.3,165.0,1,15,L,12614.9839
traceB,v3,594,77.8,165.0,1,15,L,12638.3739
traceB,v3,595,89.9,164.8,1,15,L,12661.7210
traceB,v3,596,70.8,164.7,1,15,L,12685.0192
traceB,v3,597,92.6,164.5,1,15,L,12708.2532
traceB,v3,598,69.5,166.9,1,15,L,12731.4469
traceB,v3,599,87.8,164.9,1,15,L,12754.5714
traceB,v3,600,89.1,165.4,1,15,L,12777.6543
traceB,v3,601,83.2,164.5,1,15,L,12800.6690
traceB,v3,602,76.6,164.8,1,15,L,12823.6360
traceB,v3,603,68.8,164.8,1,15,L,12846.5543
traceB,v3,604,71.0,164.0,1,15,L,12869.4084
traceB,v3,605,89.4,164.5,1,15,L,12892.2222
traceB,v3,606,70.4,163.7,1,15,L,12914.9648
traceB,v3,607,75.3,164.3,1,15,L,12937.6677
traceB,v3,608,83.2,164.4,1,15,L,12960.3176
traceB,v3,609,87.8,165.6,1,15,L,12982.9072
traceB,v3,610,90.4,164.6,1,15,L,13005.4548
traceB,v3,611,91.8,164.9,1,15,L,13027.9339
traceB,v3,612,78.9,163.9,1,15,L,13050.3723
traceB,v3,613,80.3,164.3,1,15,L,13072.7408
traceB,v3,614,87.0,164.6,1,15,L,13095.0655
traceB,v3,615,74.7,164.5,1,15,L,13117.3379
traceB,v3,616,89.2,164.7,1,15,L,13139.5501
traceB,v3,617,70.2,165.5,1,15,L,13161.7205
traceB,v3,618,73.9,164.5,1,15,L,13183.8203
traceB,v3,619,89.0,163.8,1,15,L,13205.8833
traceB,v3,620,85.9,164.9,1,15,L,13227.8900
traceB,v3,621,67.7,164.5,1,15,L,13249.8413
traceB,v3,622,85.8,164.8,1,15,L,13271.7488
traceB,v3,623,80.2,165.2,1,15,L,13293.5901
traceB,v3,624,82.2,166.1,1,15,L,13315.3913
traceB,v3,625,87.8,165.6,1,15,L,13337.1223
traceB,v3,626,87.4,166.9,1,15,L,13358.8136
traceB,v3,627,89.2,164.4,1,15,L,13380.4493
traceB,v3,628,82.0,165.7,1,15,L,13402.0299
traceB,v3,629,83.9,164.7,1,15,L,13423.5671
traceB,v3,630,83.6,165.6,1,15,L,13445.0357
traceB,v3,631,86.4,164.0,1,15,L,13466.4707
traceB,v3,632,91.4,164.9,1,15,L,13487.8466
traceB,v3,633,86.7,164.8,1,15,L,13509.1728
traceB,v3,634,80.7,164.2,1,15,L,13530.4531
traceB,v3,635,82.5,165.8,1,15,L,13551.6713
traceB,v3,636,89.1,164.6,1,15,L,13572.8492
traceB,v3,637,70.6,165.9,1,15,L,13593.9584
traceB,v3,638,72.1,164.2,1,15,L,13615.0318
traceB,v3,639,89.3,164.2,1,15,L,13636.0471
traceB,v3,640,70.3,165.2,1,15,L,13657.0130
traceB,v3,641,88.1,165.6,1,15,L,13677.9337
traceB,v3,642,90.7,164.6,1,15,L,13698.7894
traceB,v3,643,90.8,164.3,1,15,L,13719.6141
traceB,v3,644,68.5,164.2,1,15,L,13740.3783
traceB,v3,645,93.4,165.4,1,15,L,13761.0987
traceB,v3,646,68.0,165.1,1,15,L,13781.7711
traceB,v3,647,85.8,166.0,1,15,L,13802.3869
traceB,v3,648,82.3,164.8,1,15,L,13822.9618
traceB,v3,649,86.5,163.3,1,15,L,13843.4708
traceB,v3,650,69.5,164.8,1,15,L,13863.9474
traceB,v3,651,94.2,165.1,1,15,L,13884.3646
traceB,v3,652,71.4,165.5,1,15,L,13904.7383
traceB,v3,653,87.8,168.4,1,15,L,13925.0647
traceB,v3,654,72.0,167.8,1,15,L,13945.3314
traceB,v3,655,88.1,168.5,1,15,L,13965.5692
traceB,v3,656,93.9,166.6,1,15,L,13985.7464
traceB,v3,657,90.1,165.6,1,15,L,14005.8856
traceB,v3,658,81.0,164.8,1,15,L,14025.9748
traceB,v3,659,85.6,165.5,1,15,L,14046.0138
traceB,v3,660,92.1,166.7,1,15,L,14066.0109
traceB,v3,661,91.2,163.8,1,15,L,14085.9465
traceB,v3,662,87.1,164.0,1,15,L,14105.8524
traceB,v3,663,85.1,164.4,1,15,L,14125.6990
traceB,v3,664,94.7,164.5,1,15,L,14145.5079
traceB,v3,665,73.2,166.9,1,15,L,14165.2672
traceB,v3,666,80.7,164.9,1,15,L,14184.9735
traceB,v3,667,89.5,163.8,1,15,L,14204.6523
traceB,v3,668,86.3,165.0,1,15,L,14224.2718
traceB,v3,669,95.5,164.8,1,15,L,14243.8588
traceB,v3,670,70.9,164.3,1,15,L,14263.3945
traceB,v3,671,91.2,165.9,1,15,L,14282.8868
traceB,v3,672,75.2,164.8,1,15,L,14302.3358
traceB,v3,673,86.4,165.2,1,15,L,14321.7290
traceB,v3,674,90.0,165.9,1,15,L,14341.0948
traceB,v3,675,86.4,168.3,1,15,L,14360.4023
traceB,v3,676,83.7,165.4,1,15,L,14379.6777
traceB,v3,677,76.4,164.7,1,15,L,14398.9018
traceB,v3,678,89.6,164.7,1,15,L,14418.0804
traceB,v3,679,88.3,166.5,1,15,L,14437.2324
traceB,v3,680,82.7,164.1,1,15,L,14456.3277
traceB,v3,681,88.4,165.7,1,15,L,14475.3954
traceB,v3,682,75.8,164.5,1,15,L,14494.4115
traceB,v3,683,83.4,164.7,1,15,L,14513.3910
traceB,v3,684,73.6,164.0,1,15,L,14532.3256
traceB,v3,685,84.5,164.2,1,15,L,14551.2116
traceB,v3,686,90.1,165.3,1,15,L,14570.0716
traceB,v3,687,80.6,165.3,1,15,L,14588.8759
traceB,v3,688,80.1,165.0,1,15,L,14607.6530
traceB,v3,689,89.0,165.1,1,15,L,14626.3780
traceB,v3,690,89.5,165.1,1,15,L,14645.0652
traceB,v3,691,88.2,164.8,1,15,L,14663.7266
traceB,v3,692,85.8,164.1,1,15,L,14682.3350
traceB,v3,693,79.3,165.4,1,15,L,14700.9202
traceB,v3,694,82.8,166.1,1,15,L,14719.4548
traceB,v3,695,89.6,164.8,1,15,L,14737.9591
traceB,v3,696,87.4,165.4,1,15,L,14756.4176
traceB,v3,697,89.1,164.5,1,15,L,14774.8352
traceB,v3,698,73.9,172.6,1,16,L,14793.2278
traceB,v3,699,89.7,167.4,1,15,L,14811.5686
traceB,v3,700,88.9,166.7,1,15,L,14829.8864
traceB,v3,701,83.0,166.7,1,15,L,14848.1527
traceB,v3,702,85.7,164.4,1,15,L,14866.3889
traceB,v3,703,91.7,163.0,1,15,L,14884.5996
traceB,v3,704,93.9,163.2,1,15,L,14902.7628
traceB,v3,705,92.9,164.7,1,15,L,14920.9064
traceB,v3,706,69.3,164.8,1,15,L,14939.0016
traceB,v3,707,70.1,164.6,1,15,L,14957.0725
traceB,v3,708,92.4,164.8,1,15,L,14975.0974
traceB,v3,709,80.6,164.7,1,15,L,14993.0897
traceB,v3,710,85.1,164.5,1,15,L,15011.0575
traceB,v3,711,90.8,165.7,1,15,L,15028.9790
traceB,v3,712,93.5,164.3,1,15,L,15046.8810
traceB,v3,713,71.2,164.4,1,15,L,15064.7333
traceB,v3,714,86.9,164.9,1,15,L,15082.5634
traceB,v3,715,75.8,164.3,1,15,L,15100.3683
traceB,v3,716,88.5,164.6,1,15,L,15118.1324
traceB,v3,717,76.4,166.6,1,15,L,15135.8799
traceB,v3,718,83.7,164.5,1,15,L,15153.5826
traceB,v3,719,91.0,164.3,1,15,L,15171.2664
traceB,v3,720,70.4,165.4,1,15,L,15188.9056
traceB,v3,721,86.9,165.0,1,15,L,15206.5202
traceB,v3,722,81.6,166.1,1,15,L,15224.1109
traceB,v3,723,82.9,164.7,1,15,L,15241.6621
traceB,v3,724,75.7,167.1,1,15,L,15259.1968
traceB,v3,725,70.3,164.4,1,15,L,15276.6852
traceB,v3,726,88.0,164.9,1,15,L,15294.1591
traceB,v3,727,92.3,165.2,1,15,L,15311.6081
traceB,v3,728,84.9,165.2,1,15,L,15329.0246
traceB,v3,729,79.3,166.4,1,15,L,15346.4268
traceB,v3,730,83.8,167.8,1,15,L,15363.7895
traceB,v3,731,83.8,165.8,1,15,L,15381.1380
traceB,v3,732,88.5,166.1,1,15,L,15398.4445
traceB,v3,733,84.3,164.7,1,15,L,15415.7349
traceB,v3,734,77.0,165.2,1,15,L,15433.0018
traceB,v3,735,84.9,165.2,1,15,L,15450.2375
traceB,v3,736,87.7,164.8,1,15,L,15467.4592
traceB,v3,737,67.6,167.2,1,15,L,15484.6396
traceB,v3,738,90.3,164.9,1,15,L,15501.8131
traceB,v3,739,84.2,164.8,1,15,L,15518.9625
traceB,v3,740,73.2,166.0,1,15,L,15536.0886
traceB,v3,741,90.6,168.0,1,15,L,15553.2025
traceB,v3,742,84.0,166.5,1,15,L,15570.2836
traceB,v3,743,77.7,165.1,1,15,L,15587.3548
traceB,v3,744,89.0,165.6,1,15,L,15604.3884
traceB,v3,745,73.2,164.9,1,15,L,15621.4141
traceB,v3,746,70.0,164.7,1,15,L,15638.4173
traceB,v3,747,83.7,164.8,1,15,L,15655.3985
traceB,v3,748,82.5,165.4,1,15,L,15672.3679
traceB,v3,749,83.1,165.2,1,15,L,15689.3029
traceB,v3,750,95.3,165.4,1,15,L,15706.2382
traceB,v3,751,94.1,165.7,1,15,L,15723.1511
traceB,v3,752,76.7,166.8,1,15,L,15740.0506
traceB,v3,753,91.2,166.7,1,15,L,15756.9400
traceB,v3,754,82.2,166.8,1,15,L,15773.8049
traceB,v3,755,68.7,165.4,1,15,L,15790.6637
traceB,v3,756,78.5,165.6,1,15,L,15807.4908
traceB,v3,757,83.5,164.7,1,15,L,15824.3180
traceB,v3,758,93.7,165.2,1,15,L,15841.1248
traceB,v3,759,94.2,164.5,1,15,L,15857.9194
traceB,v3,760,83.4,165.0,1,15,L,15874.7045
traceB,v3,761,82.8,165.9,1,15,L,15891.4635
traceB,v3,762,85.5,166.5,1,15,L,15908.2299
traceB,v3,763,94.3,164.8,1,15,L,15924.9770
traceB,v3,764,90.1,165.5,1,15,L,15941.7207
traceB,v3,765,68.7,164.8,1,15,L,15958.4566
traceB,v3,766,88.8,164.5,1,15,L,15975.1776
traceB,v3,767,95.0,167.5,1,15,L,15991.8960
traceB,v3,768,93.6,169.1,1,15,L,16008.5905
traceB,v3,769,68.8,166.6,1,15,L,16025.2926
traceB,v3,770,96.4,165.7,1,15,L,16041.9777
traceB,v3,771,91.5,165.2,1,15,L,16058.6607
traceB,v3,772,71.8,165.0,1,15,L,16075.3365
traceB,v3,773,74.2,164.6,1,15,L,16091.9965
traceB,v3,774,85.8,165.6,1,15,L,16108.6701
traceB,v3,775,93.8,165.1,1,15,L,16125.3293
traceB,v3,776,98.7,164.8,1,15,L,16141.9951
traceB,v3,777,76.5,166.1,1,15,L,16158.6560
traceB,v3,778,91.3,166.1,1,15,L,16175.3124
traceB,v3,779,96.0,165.2,1,15,L,16191.9697
traceB,v3,780,102.9,166.2,1,15,L,16208.6124
traceB,v3,781,78.1,164.9,1,15,L,16225.2698
traceB,v3,782,81.1,165.8,1,15,L,16241.9152
traceB,v3,783,86.0,165.2,1,15,L,16258.5685
traceB,v3,784,87.6,166.5,1,15,L,16275.2172
traceB,v3,785,75.1,165.2,1,15,L,16291.8620
traceB,v3,786,91.6,167.1,1,15,L,16308.5261
traceB,v3,787,91.5,165.5,1,15,L,16325.1822
traceB,v3,788,69.7,165.2,1,15,L,16341.8546
traceB,v3,789,86.7,164.5,1,15,L,16358.5260
traceB,v3,790,83.3,165.2,1,15,L,16375.2038
traceB,v3,791,88.6,165.0,1,15,L,16391.8860
traceB,v3,792,79.5,165.1,1,15,L,16408.5644
traceB,v3,793,80.4,165.1,1,15,L,16425.2640
traceB,v3,794,86.4,165.8,1,15,L,16441.9581
traceB,v3,795,77.4,165.3,1,15,L,16458.6698
traceB,v3,796,89.2,168.3,1,15,L,16475.3806
traceB,v3,797,95.1,166.3,1,15,L,16492.0999
traceB,v3,798,89.9,165.6,1,15,L,16508.8440
traceB,v3,799,87.0,165.0,1,15,L,16525.5880
traceB,v3,800,87.6,165.3,1,15,L,16542.3575
traceB,v3,801,84.7,167.5,1,15,L,16559.1310
traceB,v3,802,93.4,165.1,1,15,L,16575.9219
traceB,v3,803,70.8,165.0,1,15,L,16592.7208
traceB,v3,804,91.4,165.3,1,15,L,16609.5281
traceB,v3,805,68.7,164.7,1,15,L,16626.3625
traceB,v3,806,94.0,163.7,1,15,L,16643.1993
traceB,v3,807,79.6,165.4,1,15,L,16660.0628
traceB,v3,808,79.6,164.5,1,15,L,16676.9303
traceB,v3,809,82.4,165.4,1,15,L,16693.8188
traceB,v3,810,83.7,164.5,1,15,L,16710.7375
traceB,v3,811,81.1,164.2,1,15,L,16727.6653
traceB,v3,812,69.1,165.1,1,15,L,16744.6273
traceB,v3,813,70.6,165.3,1,15,L,16761.5994
traceB,v3,814,69.9,164.8,1,15,L,16778.5995
traceB,v3,815,86.2,164.9,1,15,L,16795.6119
traceB,v3,816,88.2,164.8,1,15,L,16812.6454
traceB,v3,817,85.9,164.5,1,15,L,16829.7113
traceB,v3,818,89.4,164.1,1,15,L,16846.7890
traceB,v3,819,71.1,164.5,1,15,L,16863.9017
traceB,v3,820,91.8,164.4,1,15,L,16881.0245
traceB,v3,821,88.9,164.5,1,15,L,16898.1809
traceB,v3,822,83.6,165.2,1,15,L,16915.3724
traceB,v3,823,87.0,164.4,1,15,L,16932.5836
traceB,v3,824,93.9,164.3,1,15,L,16949.8365
traceB,v3,825,91.1,164.4,1,15,L,16967.1071
traceB,v3,826,85.3,164.8,1,15,L,16984.4155
traceB,v3,827,77.5,165.0,1,15,L,17001.7415
traceB,v3,828,71.9,165.4,1,15,L,17019.1011
traceB,v3,829,95.4,165.2,1,15,L,17036.4983
traceB,v3,830,92.2,164.4,1,15,L,17053.9175
traceB,v3,831,68.3,167.1,1,15,L,17071.3792
traceB,v3,832,85.2,164.7,1,15,L,17088.8584
traceB,v3,833,78.0,166.5,1,15,L,17106.3833
traceB,v3,834,85.7,164.7,1,15,L,17123.9479
traceB,v3,835,93.1,164.7,1,15,L,17141.5438
traceB,v3,836,72.7,167.4,1,15,L,17159.1881
traceB,v3,837,84.3,164.5,1,15,L,17176.8586
traceB,v3,838,88.6,164.6,1,15,L,17194.5757
traceB,v3,839,88.8,164.9,1,15,L,17212.3168
traceB,v3,840,81.9,164.7,1,15,L,17230.1037
traceB,v3,841,93.0,164.9,1,15,L,17247.9328
traceB,v3,842,73.6,165.7,1,15,L,17265.7951
traceB,v3,843,70.5,166.5,1,15,L,17283.7064
traceB,v3,844,82.6,165.1,1,15,L,17301.6438
traceB,v3,845,73.3,164.5,1,15,L,17319.6382
traceB,v3,846,68.4,164.4,1,15,L,17337.6768
traceB,v3,847,80.8,164.8,1,15,L,17355.7587
traceB,v3,848,71.8,165.3,1,15,L,17373.8949
traceB,v3,849,82.7,164.1,1,15,L,17392.0667
traceB,v3,850,77.4,164.8,1,15,L,17410.2927
traceB,v3,851,79.1,164.7,1,15,L,17428.5502
traceB,v3,852,81.3,164.8,1,15,L,17446.8647
traceB,v3,853,86.0,164.4,1,15,L,17465.2260
traceB,v3,854,86.0,164.5,1,15,L,17483.6322
traceB,v3,855,79.2,164.5,1,15,L,17502.0929
traceB,v3,856,78.9,165.7,1,15,L,17520.5891
traceB,v3,857,92.2,165.3,1,15,L,17539.1527
traceB,v3,858,75.9,165.0,1,15,L,17557.7652
traceB,v3,859,85.2,164.5,1,15,L,17576.4329
traceB,v3,860,71.1,164.9,1,15,L,17595.1599
traceB,v3,861,74.7,164.0,1,15,L,17613.9326
traceB,v3,862,83.1,164.9,1,15,L,17632.7661
traceB,v3,863,85.5,164.4,1,15,L,17651.6392
traceB,v3,864,87.9,164.0,1,15,L,17670.5798
traceB,v3,865,86.7,164.2,1,15,L,17689.5716
traceB,v3,866,73.7,163.7,1,15,L,17708.6199
traceB,v3,867,91.3,164.0,1,15,L,17727.7272
traceB,v3,868,71.2,163.4,1,15,L,17746.8806
traceB,v3,869,87.9,164.2,1,15,L,17766.1102
traceB,v3,870,86.3,163.8,1,15,L,17785.3939
traceB,v3,871,80.5,165.9,1,14,L,17804.7441
traceB,v3,872,77.7,164.3,1,15,L,17824.1581
traceB,v3,873,85.1,163.5,1,15,L,17843.6281
traceB,v3,874,86.0,164.0,1,15,L,17863.1643
traceB,v3,875,88.5,163.0,1,15,L,17882.7491
traceB,v3,876,69.0,163.8,1,15,L,17902.4106
traceB,v3,877,74.2,163.2,1,15,L,17922.1279
traceB,v3,878,81.7,165.1,1,15,L,17941.9127
traceB,v3,879,86.9,164.0,1,15,L,17961.7605
traceB,v3,880,80.6,163.8,1,15,L,17981.6654
traceB,v3,881,89.1,164.1,1,15,L,18001.6540
traceB,v3,882,91.9,164.6,1,15,L,18021.7023
traceB,v3,883,96.0,164.1,1,15,L,18041.8276
traceB,v3,884,86.1,164.3,1,15,L,18062.0206
traceB,v3,885,87.1,163.9,1,15,L,18082.2799
traceB,v3,886,89.3,164.8,1,15,L,18102.6098
traceB,v3,887,89.4,164.4,1,15,L,18122.9980
traceB,v3,888,94.0,164.8,1,15,L,18143.4703
traceB,v3,889,71.8,163.8,1,15,L,18164.0038
traceB,v3,890,87.6,164.5,1,15,L,18184.6146
traceB,v3,891,67.1,164.3,1,15,L,18205.2921
traceB,v3,892,72.3,163.9,1,15,L,18226.0380
traceB,v3,893,91.2,164.2,1,15,L,18246.8735
traceB,v3,894,97.2,164.9,1,15,L,18267.7748
traceB,v3,895,88.8,164.8,1,15,L,18288.7625
traceB,v3,896,88.1,164.8,1,15,L,18309.8216
traceB,v3,897,82.6,164.6,1,15,L,18330.9570
traceB,v3,898,69.3,164.7,1,15,L,18352.1664
traceB,v3,899,95.0,165.0,1,15,L,18373.4441
traceB,v3,900,93.0,165.7,1,15,L,18394.8120
traceB,v3,901,87.6,165.6,1,15,L,18416.2468
traceB,v3,902,80.9,164.9,1,15,L,18437.7677
traceB,v3,903,83.3,165.3,1,15,L,18459.3586
traceB,v3,904,70.4,165.7,1,15,L,18481.0292
traceB,v3,905,68.5,165.5,1,15,L,18502.7939
traceB,v3,906,86.7,165.5,1,15,L,18524.6310
traceB,v3,907,85.6,165.2,1,15,L,18546.5625
traceB,v3,908,91.2,165.3,1,15,L,18568.5690
traceB,v3,909,75.3,165.7,1,15,L,18590.6611
traceB,v3,910,69.6,165.3,1,15,L,18612.8300
traceB,v3,911,97.6,166.2,1,15,L,18635.0774
traceB,v3,912,98.7,165.6,1,15,L,18657.4195
traceB,v3,913,86.3,165.5,1,15,L,18679.8347
traceB,v3,914,78.4,165.3,1,15,L,18702.3434
traceB,v3,915,87.6,165.2,1,15,L,18724.9254
traceB,v3,916,81.6,166.3,1,15,L,18747.5981
traceB,v3,917,76.2,166.0,1,15,L,18770.3679
traceB,v3,918,87.3,165.6,1,15,L,18793.2173
traceB,v3,919,86.4,165.9,1,15,L,18816.1675
traceB,v3,920,85.3,165.4,1,15,L,18839.1967
traceB,v3,921,96.3,166.0,1,15,L,18862.3194
traceB,v3,922,67.9,166.0,1,15,L,18885.5216
traceB,v3,923,84.6,166.1,1,15,L,18908.8122
traceB,v3,924,86.1,165.4,1,15,L,18932.2007
traceB,v3,925,85.2,165.1,1,15,L,18955.6688
traceB,v3,926,84.8,165.8,1,15,L,18979.2363
traceB,v3,927,78.1,165.7,1,15,L,19002.8809
traceB,v3,928,79.5,165.3,1,15,L,19026.6260
traceB,v3,929,88.5,165.5,1,15,L,19050.4705
traceB,v3,930,84.4,165.3,1,15,L,19074.4020
traceB,v3,931,88.8,165.9,1,15,L,19098.4390
traceB,v3,932,79.8,165.3,1,15,L,19122.5593
traceB,v3,933,77.5,165.1,1,15,L,19146.7799
traceB,v3,934,87.0,165.0,1,15,L,19171.0824
traceB,v3,935,81.3,165.6,1,15,L,19195.4827
traceB,v3,936,86.4,165.1,1,15,L,19219.9828
traceB,v3,937,92.0,165.5,1,15,L,19244.5696
traceB,v3,938,92.8,166.5,1,15,L,19269.2600
traceB,v3,939,71.3,165.4,1,15,L,19294.0317
traceB,v3,940,69.2,165.2,1,15,L,19318.9127
traceB,v3,941,70.6,165.6,1,15,L,19343.8942
traceB,v3,942,83.4,166.0,1,15,L,19368.9704
traceB,v3,943,81.4,165.7,1,15,L,19394.1554
traceB,v3,944,78.0,165.3,1,15,L,19419.4283
traceB,v3,945,89.9,165.8,1,15,L,19444.8066
traceB,v3,946,86.0,167.7,1,15,L,19470.2697
traceB,v3,947,84.7,165.6,1,15,L,19495.8389
traceB,v3,948,80.0,165.1,1,15,L,19521.5089
traceB,v3,949,77.6,165.5,1,15,L,19547.2727
traceB,v3,950,87.0,165.8,1,15,L,19573.1429
traceB,v3,951,85.3,165.9,1,15,L,19599.0992
traceB,v3,952,83.6,165.2,1,15,L,19625.1720
traceB,v3,953,81.9,164.6,1,15,L,19651.3460
traceB,v3,954,80.9,165.4,1,15,L,19677.6223
traceB,v3,955,84.0,165.5,1,15,L,19704.0089
traceB,v3,956,84.8,165.4,1,15,L,19730.4885
traceB,v3,957,88.3,166.5,1,15,L,19757.0772
traceB,v3,958,78.7,165.4,1,15,L,19783.7537
traceB,v3,959,78.4,165.3,1,15,L,19810.5435
traceB,v3,960,82.9,165.3,1,15,L,19837.4345
traceB,v3,961,84.0,165.4,1,15,L,19864.4262
traceB,v3,962,80.5,165.6,1,15,L,19891.5256
traceB,v3,963,69.4,166.0,1,15,L,19918.7163
traceB,v3,964,93.8,165.6,1,15,L,19946.0294
traceB,v3,965,73.6,165.8,1,15,L,19973.4439
traceB,v3,966,82.3,166.8,1,15,L,20000.9677
traceB,v3,967,85.9,165.6,1,15,L,20028.6024
traceB,v3,968,91.7,164.9,1,15,L,20056.3352
traceB,v3,969,80.0,165.8,1,15,L,20084.1791
traceB,v3,970,78.2,166.0,1,15,L,20112.1143
traceB,v3,971,83.0,165.4,1,15,L,20140.1686
traceB,v3,972,87.7,166.1,1,15,L,20168.3240
traceB,v3,973,75.9,165.6,1,15,L,20196.5867
traceB,v3,974,88.5,166.2,1,15,L,20224.9571
traceB,v3,975,97.9,164.7,1,15,L,20253.4245
traceB,v3,976,93.7,165.0,1,15,L,20282.0182
traceB,v3,977,74.7,165.7,1,15,L,20310.7137
traceB,v3,978,83.8,165.6,1,15,L,20339.5245
traceB,v3,979,72.1,165.6,1,15,L,20368.4458
traceB,v3,980,92.8,165.9,1,15,L,20397.4702
traceB,v3,981,71.2,165.9,1,15,L,20426.6064
traceB,v3,982,87.9,165.6,1,15,L,20455.8378
traceB,v3,983,87.9,165.4,1,15,L,20485.1924
traceB,v3,984,89.7,166.0,1,15,L,20514.6479
traceB,v3,985,94.5,166.5,1,15,L,20544.2163
traceB,v3,986,94.0,165.7,1,15,L,20573.8916
traceB,v3,987,93.6,165.8,1,15,L,20603.6698
traceB,v3,988,86.4,162.0,1,15,L,20633.5764
traceB,v3,989,82.8,165.8,1,15,L,20663.5851
traceB,v3,990,85.9,165.2,1,15,L,20693.7144
traceB,v3,991,74.6,165.5,1,15,L,20723.9528
traceB,v3,992,84.0,165.6,1,15,L,20754.2990
traceB,v3,993,81.7,165.8,1,15,L,20784.7564
traceB,v3,994,82.6,165.5,1,15,L,20815.3131
traceB,v3,995,85.3,162.9,1,14,L,20845.9954
traceB,v3,996,77.1,165.7,1,15,L,20876.7784
traceB,v3,997,79.0,165.2,1,15,L,20907.6790
traceB,v3,998,85.6,165.5,1,15,L,20938.6848
traceB,v3,999,93.0,165.8,1,15,L,20969.7994
traceC,fixed20,0,56.4,1760.2,1,2,,1.6133
traceC,fixed20,1,50.6,71.8,1,2,,1.6108
traceC,fixed20,2,50.3,69.8,1,2,,1.6084
traceC,fixed20,3,54.0,69.1,1,2,,1.6060
traceC,fixed20,4,52.2,69.4,1,2,,1.6035
traceC,fixed20,5,52.1,68.6,1,2,,1.6011
traceC,fixed20,6,51.5,69.1,1,2,,1.5987
traceC,fixed20,7,51.5,68.8,1,2,,1.5962
traceC,fixed20,8,52.3,69.4,1,2,,1.5938
traceC,fixed20,9,54.5,69.5,1,2,,1.5915
traceC,fixed20,10,51.4,69.1,1,2,,1.5891
traceC,fixed20,11,54.0,68.9,1,2,,1.5868
traceC,fixed20,12,51.4,68.5,1,2,,1.5845
traceC,fixed20,13,52.5,68.4,1,2,,1.5823
traceC,fixed20,14,51.7,68.2,1,2,,1.5801
traceC,fixed20,15,51.4,68.5,1,2,,1.5780
traceC,fixed20,16,53.2,68.7,1,2,,1.5759
traceC,fixed20,17,52.2,68.6,1,2,,1.5739
traceC,fixed20,18,57.2,68.3,1,2,,1.5720
traceC,fixed20,19,48.1,69.0,1,2,,1.5701
traceC,fixed20,20,52.2,69.0,1,2,,1.5683
traceC,fixed20,21,51.6,68.5,1,2,,1.5666
traceC,fixed20,22,53.1,68.9,1,2,,1.5650
traceC,fixed20,23,52.4,68.6,1,2,,1.5635
traceC,fixed20,24,52.4,69.3,1,2,,1.5620
traceC,fixed20,25,53.6,69.2,1,2,,1.5607
traceC,fixed20,26,51.3,68.6,1,2,,1.5595
traceC,fixed20,27,51.7,68.6,1,2,,1.5583
traceC,fixed20,28,52.4,68.5,1,2,,1.5573
traceC,fixed20,29,53.5,69.9,1,2,,1.5564
traceC,fixed20,30,52.0,69.1,1,2,,1.5556
traceC,fixed20,31,53.0,68.7,1,2,,1.5549
traceC,fixed20,32,51.4,68.8,1,2,,1.5543
traceC,fixed20,33,55.0,69.0,1,2,,1.5538
traceC,fixed20,34,51.7,68.7,1,2,,1.5535
traceC,fixed20,35,51.8,68.7,1,2,,1.5533
traceC,fixed20,36,50.9,68.2,1,2,,1.5532
traceC,fixed20,37,55.5,67.7,1,2,,1.5532
traceC,fixed20,38,48.6,68.2,1,2,,1.5533
traceC,fixed20,39,53.3,68.1,1,2,,1.5536
traceC,fixed20,40,52.6,68.0,1,2,,1.5540
traceC,fixed20,41,56.0,68.2,1,2,,1.5545
traceC,fixed20,42,49.1,68.1,1,2,,1.5551
traceC,fixed20,43,52.8,68.2,1,2,,1.5558
traceC,fixed20,44,50.9,68.1,1,2,,1.5567
traceC,fixed20,45,56.6,68.2,1,2,,1.5577
traceC,fixed20,46,49.1,68.1,1,2,,1.5588
traceC,fixed20,47,56.1,68.2,1,2,,1.5600
traceC,fixed20,48,48.7,68.3,1,2,,1.5613
traceC,fixed20,49,53.1,68.3,1,2,,1.5628
traceC,fixed20,50,52.1,68.3,1,2,,1.5643
traceC,fixed20,51,51.5,67.9,1,2,,1.5659
traceC,fixed20,52,52.2,67.8,1,2,,1.5677
traceC,fixed20,53,54.2,69.9,1,2,,1.5695
traceC,fixed20,54,51.6,68.3,1,2,,1.5715
traceC,fixed20,55,52.3,67.8,1,2,,1.5735
traceC,fixed20,56,52.5,67.8,1,2,,1.5756
traceC,fixed20,57,53.2,68.2,1,2,,1.5778
traceC,fixed20,58,52.0,68.2,1,2,,1.5801
traceC,fixed20,59,52.6,67.9,1,2,,1.5824
traceC,fixed20,60,50.4,68.3,1,2,,1.5849
traceC,fixed20,61,52.5,68.1,1,2,,1.5873
traceC,fixed20,62,53.0,67.7,1,2,,1.5899
traceC,fixed20,63,53.1,68.0,1,2,,1.5925
traceC,fixed20,64,52.1,68.0,1,2,,1.5951
traceC,fixed20,65,56.9,67.8,1,2,,1.5978
traceC,fixed20,66,48.1,67.9,1,2,,1.6005
traceC,fixed20,67,52.5,67.4,1,2,,1.6033
traceC,fixed20,68,51.7,67.8,1,2,,1.6061
traceC,fixed20,69,53.0,68.3,1,2,,1.6089
traceC,fixed20,70,52.2,67.5,1,2,,1.6117
traceC,fixed20,71,52.5,67.3,1,2,,1.6146
traceC,fixed20,72,51.9,67.9,1,2,,1.6174
traceC,fixed20,73,52.5,68.0,1,2,,1.6202
traceC,fixed20,74,51.5,69.4,1,2,,1.6231
traceC,fixed20,75,53.7,67.9,1,2,,1.6259
traceC,fixed20,76,51.1,67.6,1,2,,1.6287
traceC,fixed20,77,54.2,68.1,1,2,,1.6315
traceC,fixed20,78,51.3,67.9,1,2,,1.6342
traceC,fixed20,79,51.9,67.6,1,2,,1.6369
traceC,fixed20,80,54.3,67.9,1,2,,1.6396
traceC,fixed20,81,51.0,67.8,1,2,,1.6422
traceC,fixed20,82,52.0,68.0,1,2,,1.6448
traceC,fixed20,83,53.5,68.1,1,2,,1.6473
traceC,fixed20,84,51.6,67.6,1,2,,1.6497
traceC,fixed20,85,52.6,67.7,1,2,,1.6521
traceC,fixed20,86,52.4,68.0,1,2,,1.6543
traceC,fixed20,87,52.2,67.9,1,2,,1.6565
traceC,fixed20,88,54.7,67.9,1,2,,1.6587
traceC,fixed20,89,50.3,94.1,1,3,,1.6607
traceC,fixed20,90,52.0,68.4,1,2,,1.6626
traceC,fixed20,91,53.9,68.1,1,2,,1.6644
traceC,fixed20,92,52.2,68.3,1,2,,1.6661
traceC,fixed20,93,51.7,67.1,1,2,,1.6677
traceC,fixed20,94,52.9,67.7,1,2,,1.6692
traceC,fixed20,95,54.1,67.7,1,2,,1.6705
traceC,fixed20,96,51.1,68.5,1,2,,1.6717
traceC,fixed20,97,51.2,93.0,1,3,,1.6728
traceC,fixed20,98,51.9,68.8,1,2,,1.6738
traceC,fixed20,99,52.5,68.4,1,2,,1.6746
traceC,fixed20,100,54.9,67.5,1,2,,1.6752
traceC,fixed20,101,50.0,68.2,1,2,,1.6757
traceC,fixed20,102,52.4,67.8,1,2,,1.6761
traceC,fixed20,103,50.3,68.1,1,2,,1.6763
traceC,fixed20,104,52.1,68.1,1,2,,1.6763
traceC,fixed20,105,52.9,68.2,1,2,,1.6762
traceC,fixed20,106,55.0,67.8,1,2,,1.6759
traceC,fixed20,107,49.7,67.7,1,2,,1.6754
traceC,fixed20,108,55.4,67.8,1,2,,1.6747
traceC,fixed20,109,50.2,67.8,1,2,,1.6739
traceC,fixed20,110,51.8,68.2,1,2,,1.6729
traceC,fixed20,111,51.0,68.3,1,2,,1.6717
traceC,fixed20,112,53.7,68.2,1,2,,1.6703
traceC,fixed20,113,52.9,68.6,1,2,,1.6688
traceC,fixed20,114,52.6,68.3,1,2,,1.6670
traceC,fixed20,115,51.3,67.9,1,2,,1.6650
traceC,fixed20,116,53.6,68.3,1,2,,1.6629
traceC,fixed20,117,52.0,68.9,1,2,,1.6606
traceC,fixed20,118,52.3,68.3,1,2,,1.6580
traceC,fixed20,119,50.4,68.7,1,2,,1.6553
traceC,fixed20,120,52.5,68.5,1,2,,1.6524
traceC,fixed20,121,54.1,68.0,1,2,,1.6492
traceC,fixed20,122,50.4,68.5,1,2,,1.6459
traceC,fixed20,123,52.8,68.4,1,2,,1.6424
traceC,fixed20,124,52.3,69.0,1,2,,1.6387
traceC,fixed20,125,52.9,68.7,1,2,,1.6347
traceC,fixed20,126,54.8,68.2,1,2,,1.6306
traceC,fixed20,127,49.5,68.1,1,2,,1.6263
traceC,fixed20,128,52.5,68.3,1,2,,1.6218
traceC,fixed20,129,56.9,68.5,1,2,,1.6171
traceC,fixed20,130,47.4,68.6,1,2,,1.6121
traceC,fixed20,131,51.5,68.6,1,2,,1.6070
traceC,fixed20,132,54.2,68.6,1,2,,1.6017
traceC,fixed20,133,52.5,68.5,1,2,,1.5962
traceC,fixed20,134,51.8,68.5,1,2,,1.5906
traceC,fixed20,135,52.2,68.0,1,2,,1.5847
traceC,fixed20,136,51.4,68.3,1,2,,1.5787
traceC,fixed20,137,53.8,68.0,1,2,,1.5724
traceC,fixed20,138,50.9,68.0,1,2,,1.5660
traceC,fixed20,139,57.1,68.3,1,2,,1.5595
traceC,fixed20,140,41.2,68.7,1,2,,1.5527
traceC,fixed20,141,44.2,68.3,1,2,,1.5458
traceC,fixed20,142,45.9,68.4,1,2,,1.5388
traceC,fixed20,143,56.7,68.9,1,2,,1.5315
traceC,fixed20,144,55.4,68.5,1,2,,1.5242
traceC,fixed20,145,50.7,68.3,1,2,,1.5166
traceC,fixed20,146,52.1,68.1,1,2,,1.5090
traceC,fixed20,147,51.2,69.3,1,2,,1.5012
traceC,fixed20,148,54.2,68.4,1,2,,1.4933
traceC,fixed20,149,55.8,68.8,1,2,,1.4852
traceC,fixed20,150,48.8,67.9,1,2,,1.4770
traceC,fixed20,151,50.5,68.4,1,2,,1.4688
traceC,fixed20,152,52.7,68.3,1,2,,1.4604
traceC,fixed20,153,53.1,69.8,1,2,,1.4519
traceC,fixed20,154,51.8,68.6,1,2,,1.4434
traceC,fixed20,155,51.7,68.4,1,2,,1.4348
traceC,fixed20,156,52.9,68.5,1,2,,1.4261
traceC,fixed20,157,52.9,68.1,1,2,,1.4173
traceC,fixed20,158,53.2,68.6,1,2,,1.4085
traceC,fixed20,159,51.6,68.1,1,2,,1.3996
traceC,fixed20,160,51.9,68.5,1,2,,1.3908
traceC,fixed20,161,52.4,68.0,1,2,,1.3819
traceC,fixed20,162,52.0,67.5,1,2,,1.3730
traceC,fixed20,163,53.8,68.3,1,2,,1.3641
traceC,fixed20,164,51.6,67.8,1,2,,1.3552
traceC,fixed20,165,52.2,68.1,1,2,,1.3463
traceC,fixed20,166,51.9,68.2,1,2,,1.3375
traceC,fixed20,167,51.7,68.1,1,2,,1.3287
traceC,fixed20,168,53.2,68.0,1,2,,1.3200
traceC,fixed20,169,51.0,68.3,1,2,,1.3114
traceC,fixed20,170,53.7,68.5,1,2,,1.3028
traceC,fixed20,171,52.4,68.5,1,2,,1.2944
traceC,fixed20,172,53.0,68.2,1,2,,1.2861
traceC,fixed20,173,53.5,68.9,1,2,,1.2779
traceC,fixed20,174,50.6,68.7,1,2,,1.2699
traceC,fixed20,175,51.7,68.7,1,2,,1.2620
traceC,fixed20,176,51.8,68.9,1,2,,1.2543
traceC,fixed20,177,54.2,68.5,1,2,,1.2468
traceC,fixed20,178,51.7,68.0,1,2,,1.2395
traceC,fixed20,179,50.2,67.8,1,2,,1.2324
traceC,fixed20,180,55.0,68.4,1,2,,1.2256
traceC,fixed20,181,52.5,68.4,1,2,,1.2190
traceC,fixed20,182,51.3,68.3,1,2,,1.2127
traceC,fixed20,183,52.7,68.0,1,2,,1.2067
traceC,fixed20,184,51.6,68.3,1,2,,1.2010
traceC,fixed20,185,54.2,68.3,1,2,,1.1955
traceC,fixed20,186,51.2,68.1,1,2,,1.1905
traceC,fixed20,187,51.5,68.2,1,2,,1.1857
traceC,fixed20,188,55.7,68.3,1,2,,1.1814
traceC,fixed20,189,48.0,68.0,1,2,,1.1774
traceC,fixed20,190,51.8,68.3,1,2,,1.1738
traceC,fixed20,191,54.4,68.3,1,2,,1.1706
traceC,fixed20,192,51.5,68.2,1,2,,1.1678
traceC,fixed20,193,52.0,68.6,1,2,,1.1654
traceC,fixed20,194,56.4,68.9,1,2,,1.1634
traceC,fixed20,195,49.8,67.7,1,2,,1.1619
traceC,fixed20,196,51.5,68.1,1,2,,1.1609
traceC,fixed20,197,53.6,68.3,1,2,,1.1603
traceC,fixed20,198,50.9,68.8,1,2,,1.1602
traceC,fixed20,199,51.2,68.9,1,2,,1.1605
traceC,fixed20,200,52.4,68.4,1,2,,1.1613
traceC,fixed20,201,54.0,68.4,1,2,,1.1626
traceC,fixed20,202,51.5,68.3,1,2,,1.1644
traceC,fixed20,203,54.8,68.8,1,2,,1.1667
traceC,fixed20,204,50.8,68.2,1,2,,1.1694
traceC,fixed20,205,52.2,68.2,1,2,,1.1726
traceC,fixed20,206,53.9,68.2,1,2,,1.1764
traceC,fixed20,207,50.7,68.0,1,2,,1.1806
traceC,fixed20,208,52.1,68.4,1,2,,1.1852
traceC,fixed20,209,51.8,68.2,1,2,,1.1904
traceC,fixed20,210,53.2,68.2,1,2,,1.1959
traceC,fixed20,211,51.5,68.3,1,2,,1.2020
traceC,fixed20,212,52.6,68.5,1,2,,1.2085
traceC,fixed20,213,53.6,68.5,1,2,,1.2154
traceC,fixed20,214,50.6,68.2,1,2,,1.2228
traceC,fixed20,215,54.1,68.3,1,2,,1.2306
traceC,fixed20,216,51.9,68.0,1,2,,1.2388
traceC,fixed20,217,53.2,68.3,1,2,,1.2474
traceC,fixed20,218,50.9,68.1,1,2,,1.2564
traceC,fixed20,219,52.5,68.2,1,2,,1.2657
traceC,fixed20,220,55.9,68.4,1,2,,1.2754
traceC,fixed20,221,48.1,70.3,1,2,,1.2854
traceC,fixed20,222,53.3,68.5,1,2,,1.2958
traceC,fixed20,223,52.0,68.6,1,2,,1.3065
traceC,fixed20,224,53.1,68.8,1,2,,1.3175
traceC,fixed20,225,52.3,68.4,1,2,,1.3287
traceC,fixed20,226,51.8,68.6,1,2,,1.3403
traceC,fixed20,227,57.0,68.4,1,2,,1.3521
traceC,fixed20,228,49.3,68.0,1,2,,1.3641
traceC,fixed20,229,50.9,68.3,1,2,,1.3764
traceC,fixed20,230,51.7,68.4,1,2,,1.3888
traceC,fixed20,231,52.4,68.0,1,2,,1.4015
traceC,fixed20,232,53.6,68.0,1,2,,1.4143
traceC,fixed20,233,52.0,68.2,1,2,,1.4273
traceC,fixed20,234,51.4,68.3,1,2,,1.4404
traceC,fixed20,235,52.1,68.2,1,2,,1.4537
traceC,fixed20,236,53.5,68.3,1,2,,1.4671
traceC,fixed20,237,52.4,68.2,1,2,,1.4806
traceC,fixed20,238,52.2,68.1,1,2,,1.4942
traceC,fixed20,239,50.0,68.2,1,2,,1.5078
traceC,fixed20,240,49.6,68.3,1,2,,1.5216
traceC,fixed20,241,54.1,67.9,1,2,,1.5353
traceC,fixed20,242,51.2,68.4,1,2,,1.5491
traceC,fixed20,243,51.2,68.8,1,2,,1.5629
traceC,fixed20,244,53.0,68.6,1,2,,1.5767
traceC,fixed20,245,52.1,67.9,1,2,,1.5905
traceC,fixed20,246,52.7,68.4,1,2,,1.6043
traceC,fixed20,247,52.8,68.3,1,2,,1.6181
traceC,fixed20,248,51.9,68.0,1,2,,1.6318
traceC,fixed20,249,51.8,68.2,1,2,,1.6454
traceC,fixed20,250,53.2,68.5,1,2,,1.6590
traceC,fixed20,251,51.8,68.2,1,2,,1.6725
traceC,fixed20,252,52.1,68.2,1,2,,1.6859
traceC,fixed20,253,52.3,68.2,1,2,,1.6992
traceC,fixed20,254,50.8,68.3,1,2,,1.7124
traceC,fixed20,255,54.2,68.3,1,2,,1.7255
traceC,fixed20,256,53.0,68.4,1,2,,1.7384
traceC,fixed20,257,50.3,68.7,1,2,,1.7512
traceC,fixed20,258,53.0,68.6,1,2,,1.7638
traceC,fixed20,259,56.0,68.2,1,2,,1.7763
traceC,fixed20,260,50.5,68.5,1,2,,1.7885
traceC,fixed20,261,51.4,68.6,1,2,,1.8006
traceC,fixed20,262,52.8,68.0,1,2,,1.8125
traceC,fixed20,263,53.6,68.6,1,2,,1.8242
traceC,fixed20,264,51.1,68.5,1,2,,1.8357
traceC,fixed20,265,51.4,68.5,1,2,,1.8470
traceC,fixed20,266,53.1,70.1,1,2,,1.8580
traceC,fixed20,267,52.5,69.2,1,2,,1.8688
traceC,fixed20,268,51.1,68.7,1,2,,1.8793
traceC,fixed20,269,53.3,68.9,1,2,,1.8896
traceC,fixed20,270,52.8,68.1,1,2,,1.8996
traceC,fixed20,271,52.5,68.1,1,2,,1.9094
traceC,fixed20,272,47.5,68.6,1,2,,1.9189
traceC,fixed20,273,54.9,68.7,1,2,,1.9281
traceC,fixed20,274,51.6,68.3,1,2,,1.9370
traceC,fixed20,275,52.3,68.5,1,2,,1.9456
traceC,fixed20,276,50.5,68.2,1,2,,1.9539
traceC,fixed20,277,54.7,68.1,1,2,,1.9619
traceC,fixed20,278,51.7,68.3,1,2,,1.9696
traceC,fixed20,279,52.7,68.4,1,2,,1.9770
traceC,fixed20,280,49.4,68.7,1,2,,1.9840
traceC,fixed20,281,53.0,68.4,1,2,,1.9907
traceC,fixed20,282,52.7,68.4,1,2,,1.9970
traceC,fixed20,283,50.8,68.3,1,2,,2.0031
traceC,fixed20,284,56.1,68.0,1,2,,2.0087
traceC,fixed20,285,47.8,68.5,1,2,,2.0140
traceC,fixed20,286,53.6,68.7,1,2,,2.0190
traceC,fixed20,287,54.8,68.5,1,2,,2.0236
traceC,fixed20,288,52.0,68.5,1,2,,2.0278
traceC,fixed20,289,49.6,68.8,1,2,,2.0317
traceC,fixed20,290,53.2,68.5,1,2,,2.0351
traceC,fixed20,291,52.4,68.3,1,2,,2.0382
traceC,fixed20,292,53.3,68.8,1,2,,2.0410
traceC,fixed20,293,51.3,68.1,1,2,,2.0433
traceC,fixed20,294,52.5,69.2,1,2,,2.0452
traceC,fixed20,295,51.9,69.4,1,2,,2.0468
traceC,fixed20,296,52.7,67.8,1,2,,2.0479
traceC,fixed20,297,51.9,68.7,1,2,,2.0487
traceC,fixed20,298,53.7,68.2,1,2,,2.0490
traceC,fixed20,299,50.8,68.6,1,2,,2.0490
traceC,fixed20,300,52.5,68.3,1,2,,2.0485
traceC,fixed20,301,53.2,68.1,1,2,,2.0476
traceC,fixed20,302,51.9,68.6,1,2,,2.0463
traceC,fixed20,303,51.7,68.7,1,2,,2.0446
traceC,fixed20,304,53.3,68.6,1,2,,2.0425
traceC,fixed20,305,52.7,68.3,1,2,,2.0400
traceC,fixed20,306,51.7,68.4,1,2,,2.0371
traceC,fixed20,307,51.9,69.0,1,2,,2.0337
traceC,fixed20,308,52.1,68.0,1,2,,2.0299
traceC,fixed20,309,53.4,68.4,1,2,,2.0257
traceC,fixed20,310,52.1,68.3,1,2,,2.0211
traceC,fixed20,311,52.1,68.1,1,2,,2.0161
traceC,fixed20,312,51.8,68.3,1,2,,2.0107
traceC,fixed20,313,52.7,68.3,1,2,,2.0048
traceC,fixed20,314,53.3,68.4,1,2,,1.9985
traceC,fixed20,315,52.1,70.4,1,2,,1.9918
traceC,fixed20,316,52.6,69.2,1,2,,1.9847
traceC,fixed20,317,52.4,68.3,1,2,,1.9771
traceC,fixed20,318,52.4,68.3,1,2,,1.9691
traceC,fixed20,319,52.0,68.2,1,2,,1.9608
traceC,fixed20,320,53.5,68.2,1,2,,1.9520
traceC,fixed20,321,50.2,68.3,1,2,,1.9428
traceC,fixed20,322,53.9,68.1,1,2,,1.9332
traceC,fixed20,323,51.7,68.7,1,2,,1.9231
traceC,fixed20,324,52.1,68.4,1,2,,1.9127
traceC,fixed20,325,50.9,68.5,1,2,,1.9019
traceC,fixed20,326,54.8,68.0,1,2,,1.8907
traceC,fixed20,327,50.7,68.3,1,2,,1.8790
traceC,fixed20,328,54.0,68.8,1,2,,1.8670
traceC,fixed20,329,50.5,68.3,1,2,,1.8546
traceC,fixed20,330,55.1,68.2,1,2,,1.8418
traceC,fixed20,331,50.3,68.5,1,2,,1.8287
traceC,fixed20,332,53.9,68.3,1,2,,1.8151
traceC,fixed20,333,52.1,68.2,1,2,,1.8012
traceC,fixed20,334,50.6,68.3,1,2,,1.7869
traceC,fixed20,335,55.1,68.2,1,2,,1.7722
traceC,fixed20,336,49.8,68.8,1,2,,1.7572
traceC,fixed20,337,53.8,68.2,1,2,,1.7418
traceC,fixed20,338,51.2,68.4,1,2,,1.7261
traceC,fixed20,339,54.4,68.1,1,2,,1.7101
traceC,fixed20,340,50.6,68.4,1,2,,1.6937
traceC,fixed20,341,53.8,68.0,1,2,,1.6769
traceC,fixed20,342,51.6,68.5,1,2,,1.6599
traceC,fixed20,343,50.9,68.3,1,2,,1.6426
traceC,fixed20,344,52.6,68.8,1,2,,1.6249
traceC,fixed20,345,52.7,68.5,1,2,,1.6070
traceC,fixed20,346,51.9,68.2,1,2,,1.5887
traceC,fixed20,347,53.1,68.6,1,2,,1.5702
traceC,fixed20,348,52.7,68.5,1,2,,1.5514
traceC,fixed20,349,52.5,68.3,1,2,,1.5324
traceC,fixed20,350,51.9,69.5,1,2,,1.5131
traceC,fixed20,351,52.4,68.7,1,2,,1.4936
traceC,fixed20,352,51.1,68.4,1,2,,1.4739
traceC,fixed20,353,53.8,69.5,1,2,,1.4540
traceC,fixed20,354,48.9,68.6,1,2,,1.4339
traceC,fixed20,355,64.4,69.0,1,2,,1.4136
traceC,fixed20,356,50.9,68.9,1,2,,1.3931
traceC,fixed20,357,50.0,68.8,1,2,,1.3725
traceC,fixed20,358,53.5,67.9,1,2,,1.3517
traceC,fixed20,359,52.4,68.5,1,2,,1.3309
traceC,fixed20,360,57.6,68.2,1,2,,1.3099
traceC,fixed20,361,47.3,67.8,1,2,,1.2889
traceC,fixed20,362,52.4,68.6,1,2,,1.2678
traceC,fixed20,363,51.4,68.8,1,2,,1.2467
traceC,fixed20,364,51.2,68.3,1,2,,1.2256
traceC,fixed20,365,55.8,68.1,1,2,,1.2045
traceC,fixed20,366,52.2,68.3,1,2,,1.1834
traceC,fixed20,367,54.0,68.6,1,2,,1.1625
traceC,fixed20,368,49.4,69.5,1,2,,1.1416
traceC,fixed20,369,53.0,67.9,1,2,,1.1208
traceC,fixed20,370,51.9,68.1,1,2,,1.1003
traceC,fixed20,371,51.9,68.2,1,2,,1.0799
traceC,fixed20,372,53.1,68.3,1,2,,1.0598
traceC,fixed20,373,52.7,68.5,1,2,,1.0400
traceC,fixed20,374,51.8,68.4,1,2,,1.0205
traceC,fixed20,375,51.6,68.2,1,2,,1.0013
traceC,fixed20,376,54.0,68.5,1,2,,0.9826
traceC,fixed20,377,52.7,68.2,1,2,,0.9644
traceC,fixed20,378,51.6,68.0,1,2,,0.9467
traceC,fixed20,379,52.1,68.0,1,2,,0.9296
traceC,fixed20,380,51.5,68.2,1,2,,0.9131
traceC,fixed20,381,52.3,68.0,1,2,,0.8973
traceC,fixed20,382,51.9,67.9,1,2,,0.8823
traceC,fixed20,383,51.8,68.5,1,2,,0.8681
traceC,fixed20,384,52.5,68.3,1,2,,0.8547
traceC,fixed20,385,52.5,68.4,1,2,,0.8424
traceC,fixed20,386,54.1,68.2,1,2,,0.8310
traceC,fixed20,387,51.8,68.1,1,2,,0.8208
traceC,fixed20,388,52.1,67.9,1,2,,0.8116
traceC,fixed20,389,51.6,68.0,1,2,,0.8037
traceC,fixed20,390,52.3,68.0,1,2,,0.7970
traceC,fixed20,391,52.7,69.2,1,2,,0.7916
traceC,fixed20,392,52.2,68.9,1,2,,0.7876
traceC,fixed20,393,52.7,68.8,1,2,,0.7849
traceC,fixed20,394,52.3,69.0,1,2,,0.7836
traceC,fixed20,395,50.8,69.1,1,2,,0.7838
traceC,fixed20,396,53.2,69.4,1,2,,0.7853
traceC,fixed20,397,52.9,68.4,1,2,,0.7883
traceC,fixed20,398,57.5,67.8,1,2,,0.7928
traceC,fixed20,399,47.6,68.1,1,2,,0.7986
traceC,fixed20,400,51.8,68.5,1,2,,0.8058
traceC,fixed20,401,53.4,68.7,1,2,,0.8143
traceC,fixed20,402,54.8,67.6,1,2,,0.8242
traceC,fixed20,403,53.1,68.1,1,2,,0.8352
traceC,fixed20,404,47.9,68.2,1,2,,0.8475
traceC,fixed20,405,51.0,68.5,1,2,,0.8610
traceC,fixed20,406,53.4,68.7,1,2,,0.8755
traceC,fixed20,407,52.5,68.1,1,2,,0.8911
traceC,fixed20,408,53.2,68.1,1,2,,0.9076
traceC,fixed20,409,51.8,68.4,1,2,,0.9250
traceC,fixed20,410,52.5,68.8,1,2,,0.9433
traceC,fixed20,411,51.5,68.6,1,2,,0.9624
traceC,fixed20,412,55.8,68.1,1,2,,0.9823
traceC,fixed20,413,49.6,68.5,1,2,,1.0028
traceC,fixed20,414,52.4,68.3,1,2,,1.0239
traceC,fixed20,415,53.8,68.4,1,2,,1.0456
traceC,fixed20,416,51.8,68.0,1,2,,1.0678
traceC,fixed20,417,52.6,67.7,1,2,,1.0906
traceC,fixed20,418,51.0,68.2,1,2,,1.1137
traceC,fixed20,419,53.6,68.1,1,2,,1.1372
traceC,fixed20,420,51.8,68.1,1,2,,1.1611
traceC,fixed20,421,51.1,68.3,1,2,,1.1853
traceC,fixed20,422,53.1,68.3,1,2,,1.2098
traceC,fixed20,423,51.9,69.2,1,2,,1.2345
traceC,fixed20,424,52.6,68.2,1,2,,1.2594
traceC,fixed20,425,51.7,67.9,1,2,,1.2845
traceC,fixed20,426,52.5,68.3,1,2,,1.3097
traceC,fixed20,427,51.9,68.5,1,2,,1.3351
traceC,fixed20,428,52.4,67.5,1,2,,1.3605
traceC,fixed20,429,52.6,68.3,1,2,,1.3860
traceC,fixed20,430,52.4,67.9,1,2,,1.4115
traceC,fixed20,431,52.3,68.1,1,2,,1.4371
traceC,fixed20,432,52.3,68.3,1,2,,1.4626
traceC,fixed20,433,52.2,68.3,1,2,,1.4881
traceC,fixed20,434,53.4,68.6,1,2,,1.5136
traceC,fixed20,435,51.8,67.9,1,2,,1.5390
traceC,fixed20,436,54.4,68.3,1,2,,1.5643
traceC,fixed20,437,51.6,68.4,1,2,,1.5895
traceC,fixed20,438,51.0,68.6,1,2,,1.6146
traceC,fixed20,439,52.3,68.5,1,2,,1.6395
traceC,fixed20,440,52.3,68.2,1,2,,1.6643
traceC,fixed20,441,53.0,69.4,1,2,,1.6890
traceC,fixed20,442,50.7,69.2,1,2,,1.7134
traceC,fixed20,443,53.9,68.5,1,2,,1.7376
traceC,fixed20,444,51.6,68.1,1,2,,1.7616
traceC,fixed20,445,53.3,67.8,1,2,,1.7854
traceC,fixed20,446,51.3,68.3,1,2,,1.8090
traceC,fixed20,447,51.5,68.4,1,2,,1.8323
traceC,fixed20,448,53.4,68.7,1,2,,1.8553
traceC,fixed20,449,52.5,68.9,1,2,,1.8781
traceC,fixed20,450,53.7,68.3,1,2,,1.9006
traceC,fixed20,451,51.3,68.3,1,2,,1.9228
traceC,fixed20,452,52.0,68.3,1,2,,1.9446
traceC,fixed20,453,53.5,68.5,1,2,,1.9662
traceC,fixed20,454,50.6,68.6,1,2,,1.9874
traceC,fixed20,455,52.6,68.4,1,2,,2.0083
traceC,fixed20,456,51.3,68.7,1,2,,2.0288
traceC,fixed20,457,54.1,68.2,1,2,,2.0490
traceC,fixed20,458,52.8,68.5,1,2,,2.0688
traceC,fixed20,459,52.2,68.1,1,2,,2.0882
traceC,fixed20,460,51.9,68.1,1,2,,2.1072
traceC,fixed20,461,52.8,68.0,1,2,,2.1259
traceC,fixed20,462,54.8,68.2,1,2,,2.1441
traceC,fixed20,463,48.9,68.6,1,2,,2.1620
traceC,fixed20,464,52.0,68.1,1,2,,2.1794
traceC,fixed20,465,51.6,68.3,1,2,,2.1964
traceC,fixed20,466,54.4,68.2,1,2,,2.2129
traceC,fixed20,467,52.2,68.2,1,2,,2.2290
traceC,fixed20,468,51.7,68.0,1,2,,2.2447
traceC,fixed20,469,54.9,67.9,1,2,,2.2599
traceC,fixed20,470,50.6,68.5,1,2,,2.2747
traceC,fixed20,471,51.4,68.2,1,2,,2.2890
traceC,fixed20,472,53.1,67.9,1,2,,2.3028
traceC,fixed20,473,54.9,68.4,1,2,,2.3161
traceC,fixed20,474,53.1,93.7,1,3,,2.3290
traceC,fixed20,475,49.3,68.2,1,2,,2.3413
traceC,fixed20,476,51.9,67.8,1,2,,2.3532
traceC,fixed20,477,52.6,67.7,1,2,,2.3645
traceC,fixed20,478,53.5,68.4,1,2,,2.3754
traceC,fixed20,479,50.8,67.6,1,2,,2.3857
traceC,fixed20,480,52.5,68.1,1,2,,2.3956
traceC,fixed20,481,52.9,68.1,1,2,,2.4049
traceC,fixed20,482,51.6,68.3,1,2,,2.4137
traceC,fixed20,483,53.7,67.9,1,2,,2.4219
traceC,fixed20,484,51.0,67.6,1,2,,2.4296
traceC,fixed20,485,52.8,67.5,1,2,,2.4368
traceC,fixed20,486,53.6,67.5,1,2,,2.4435
traceC,fixed20,487,50.8,68.0,1,2,,2.4495
traceC,fixed20,488,51.1,67.8,1,2,,2.4551
traceC,fixed20,489,53.6,68.3,1,2,,2.4601
traceC,fixed20,490,52.1,68.4,1,2,,2.4645
traceC,fixed20,491,51.8,67.4,1,2,,2.4684
traceC,fixed20,492,53.1,68.3,1,2,,2.4718
traceC,fixed20,493,51.6,68.3,1,2,,2.4745
traceC,fixed20,494,54.0,69.0,1,2,,2.4768
traceC,fixed20,495,51.5,68.4,1,2,,2.4784
traceC,fixed20,496,52.4,67.9,1,2,,2.4795
traceC,fixed20,497,51.8,68.6,1,2,,2.4800
traceC,fixed20,498,53.3,68.5,1,2,,2.4799
traceC,fixed20,499,51.5,67.5,1,2,,2.4793
traceC,fixed20,500,54.2,67.9,1,2,,2.4781
traceC,fixed20,501,52.2,68.1,1,2,,2.4763
traceC,fixed20,502,50.8,67.9,1,2,,2.4739
traceC,fixed20,503,52.5,68.1,1,2,,2.4710
traceC,fixed20,504,53.0,68.2,1,2,,2.4675
traceC,fixed20,505,54.2,67.7,1,2,,2.4634
traceC,fixed20,506,49.6,68.2,1,2,,2.4587
traceC,fixed20,507,52.4,68.1,1,2,,2.4535
traceC,fixed20,508,57.0,68.2,1,2,,2.4477
traceC,fixed20,509,49.1,68.4,1,2,,2.4413
traceC,fixed20,510,51.0,68.0,1,2,,2.4343
traceC,fixed20,511,52.4,68.2,1,2,,2.4268
traceC,fixed20,512,51.7,68.2,1,2,,2.4187
traceC,fixed20,513,55.5,68.0,1,2,,2.4100
traceC,fixed20,514,48.4,67.9,1,2,,2.4007
traceC,fixed20,515,55.1,69.4,1,2,,2.3909
traceC,fixed20,516,51.9,68.3,1,2,,2.3805
traceC,fixed20,517,51.0,68.1,1,2,,2.3696
traceC,fixed20,518,53.7,68.3,1,2,,2.3581
traceC,fixed20,519,52.6,68.2,1,2,,2.3460
traceC,fixed20,520,51.1,68.1,1,2,,2.3334
traceC,fixed20,521,52.2,68.0,1,2,,2.3202
traceC,fixed20,522,55.4,68.2,1,2,,2.3065
traceC,fixed20,523,50.6,68.1,1,2,,2.2922
traceC,fixed20,524,52.7,68.5,1,2,,2.2774
traceC,fixed20,525,54.6,68.5,1,2,,2.2620
traceC,fixed20,526,47.9,68.1,1,2,,2.2461
traceC,fixed20,527,53.3,68.0,1,2,,2.2297
traceC,fixed20,528,52.0,68.1,1,2,,2.2127
traceC,fixed20,529,52.5,68.0,1,2,,2.1952
traceC,fixed20,530,53.2,68.1,1,2,,2.1772
traceC,fixed20,531,53.1,67.9,1,2,,2.1587
traceC,fixed20,532,50.9,68.3,1,2,,2.1397
traceC,fixed20,533,53.8,67.8,1,2,,2.1201
traceC,fixed20,534,51.7,68.0,1,2,,2.1001
traceC,fixed20,535,52.4,68.2,1,2,,2.0796
traceC,fixed20,536,51.3,68.7,1,2,,2.0586
traceC,fixed20,537,55.8,68.2,1,2,,2.0371
traceC,fixed20,538,49.4,68.6,1,2,,2.0152
traceC,fixed20,539,51.9,69.4,1,2,,1.9928
traceC,fixed20,540,53.2,68.0,1,2,,1.9699
traceC,fixed20,541,51.8,68.7,1,2,,1.9466
traceC,fixed20,542,52.4,68.6,1,2,,1.9228
traceC,fixed20,543,53.4,68.9,1,2,,1.8987
traceC,fixed20,544,51.8,69.5,1,2,,1.8741
traceC,fixed20,545,53.3,69.1,1,2,,1.8491
traceC,fixed20,546,54.7,68.8,1,2,,1.8236
traceC,fixed20,547,51.5,69.4,1,2,,1.7978
traceC,fixed20,548,50.3,68.5,1,2,,1.7716
traceC,fixed20,549,54.8,68.0,1,2,,1.7451
traceC,fixed20,550,48.2,68.4,1,2,,1.7182
traceC,fixed20,551,55.4,68.1,1,2,,1.6909
traceC,fixed20,552,50.9,68.9,1,2,,1.6633
traceC,fixed20,553,52.2,68.6,1,2,,1.6354
traceC,fixed20,554,52.0,68.6,1,2,,1.6072
traceC,fixed20,555,52.5,68.9,1,2,,1.5787
traceC,fixed20,556,53.7,67.8,1,2,,1.5499
traceC,fixed20,557,53.1,68.5,1,2,,1.5209
traceC,fixed20,558,50.2,67.5,1,2,,1.4917
traceC,fixed20,559,52.4,68.5,1,2,,1.4622
traceC,fixed20,560,52.8,68.0,1,2,,1.4325
traceC,fixed20,561,52.6,68.2,1,2,,1.4027
traceC,fixed20,562,52.3,68.1,1,2,,1.3727
traceC,fixed20,563,52.8,68.0,1,2,,1.3425
traceC,fixed20,564,51.3,68.7,1,2,,1.3123
traceC,fixed20,565,53.8,68.2,1,2,,1.2820
traceC,fixed20,566,51.2,68.1,1,2,,1.2517
traceC,fixed20,567,50.8,68.3,1,2,,1.2213
traceC,fixed20,568,54.3,68.2,1,2,,1.1910
traceC,fixed20,569,53.0,68.3,1,2,,1.1608
traceC,fixed20,570,50.0,68.1,1,2,,1.1306
traceC,fixed20,571,54.1,67.8,1,2,,1.1007
traceC,fixed20,572,52.7,68.0,1,2,,1.0709
traceC,fixed20,573,51.9,68.1,1,2,,1.0414
traceC,fixed20,574,51.0,68.2,1,2,,1.0123
traceC,fixed20,575,56.5,67.9,1,2,,0.9835
traceC,fixed20,576,49.2,68.0,1,2,,0.9552
traceC,fixed20,577,54.5,69.2,1,2,,0.9275
traceC,fixed20,578,50.1,68.1,1,2,,0.9004
traceC,fixed20,579,53.0,68.7,1,2,,0.8740
traceC,fixed20,580,50.8,68.8,1,2,,0.8485
traceC,fixed20,581,54.5,68.9,1,2,,0.8239
traceC,fixed20,582,50.7,68.4,1,2,,0.8004
traceC,fixed20,583,56.2,68.9,1,2,,0.7782
traceC,fixed20,584,49.8,69.1,1,2,,0.7572
traceC,fixed20,585,51.8,69.8,1,2,,0.7378
traceC,fixed20,586,53.1,69.9,1,2,,0.7201
traceC,fixed20,587,51.9,68.2,1,2,,0.7042
traceC,fixed20,588,53.0,68.1,1,2,,0.6902
traceC,fixed20,589,52.2,69.7,1,2,,0.6783
traceC,fixed20,590,53.6,68.2,1,2,,0.6688
traceC,fixed20,591,53.3,67.7,1,2,,0.6616
traceC,fixed20,592,52.2,68.0,1,2,,0.6568
traceC,fixed20,593,48.1,68.2,1,2,,0.6546
traceC,fixed20,594,52.5,68.1,1,2,,0.6551
traceC,fixed20,595,54.3,68.3,1,2,,0.6581
traceC,fixed20,596,52.4,68.2,1,2,,0.6637
traceC,fixed20,597,50.5,70.2,1,2,,0.6718
traceC,fixed20,598,53.4,68.4,1,2,,0.6823
traceC,fixed20,599,53.3,68.4,1,2,,0.6952
traceC,fixed20,600,51.2,68.3,1,2,,0.7103
traceC,fixed20,601,52.4,67.9,1,2,,0.7274
traceC,fixed20,602,51.8,68.0,1,2,,0.7465
traceC,fixed20,603,55.4,68.2,1,2,,0.7673
traceC,fixed20,604,49.2,68.0,1,2,,0.7897
traceC,fixed20,605,51.5,68.4,1,2,,0.8136
traceC,fixed20,606,53.4,67.9,1,2,,0.8389
traceC,fixed20,607,52.7,68.2,1,2,,0.8654
traceC,fixed20,608,52.2,68.2,1,2,,0.8929
traceC,fixed20,609,51.2,68.6,1,2,,0.9214
traceC,fixed20,610,54.2,68.1,1,2,,0.9508
traceC,fixed20,611,52.1,68.3,1,2,,0.9810
traceC,fixed20,612,51.7,68.2,1,2,,1.0118
traceC,fixed20,613,52.4,68.2,1,2,,1.0432
traceC,fixed20,614,53.2,67.6,1,2,,1.0752
traceC,fixed20,615,50.6,68.1,1,2,,1.1076
traceC,fixed20,616,58.4,68.0,1,2,,1.1404
traceC,fixed20,617,47.3,67.7,1,2,,1.1735
traceC,fixed20,618,53.4,67.8,1,2,,1.2070
traceC,fixed20,619,51.7,68.2,1,2,,1.2406
traceC,fixed20,620,53.8,68.8,1,2,,1.2745
traceC,fixed20,621,50.0,68.2,1,2,,1.3085
traceC,fixed20,622,53.5,68.1,1,2,,1.3426
traceC,fixed20,623,53.9,68.2,1,2,,1.3768
traceC,fixed20,624,51.7,68.1,1,2,,1.4110
traceC,fixed20,625,50.4,68.4,1,2,,1.4453
traceC,fixed20,626,52.9,68.2,1,2,,1.4795
traceC,fixed20,627,52.2,68.1,1,2,,1.5137
traceC,fixed20,628,52.2,68.5,1,2,,1.5478
traceC,fixed20,629,53.4,68.6,1,2,,1.5818
traceC,fixed20,630,52.9,71.4,1,2,,1.6157
traceC,fixed20,631,52.5,69.6,1,2,,1.6495
traceC,fixed20,632,52.6,68.0,1,2,,1.6831
traceC,fixed20,633,50.9,68.2,1,2,,1.7165
traceC,fixed20,634,53.3,68.6,1,2,,1.7498
traceC,fixed20,635,51.4,68.4,1,2,,1.7828
traceC,fixed20,636,52.3,68.3,1,2,,1.8156
traceC,fixed20,637,52.0,68.4,1,2,,1.8481
traceC,fixed20,638,52.8,69.9,1,2,,1.8804
traceC,fixed20,639,53.0,68.5,1,2,,1.9124
traceC,fixed20,640,50.3,70.4,1,2,,1.9441
traceC,fixed20,641,54.5,68.6,1,2,,1.9755
traceC,fixed20,642,52.3,69.5,1,2,,2.0065
traceC,fixed20,643,51.8,69.0,1,2,,2.0373
traceC,fixed20,644,53.0,68.5,1,2,,2.0677
traceC,fixed20,645,51.0,68.7,1,2,,2.0977
traceC,fixed20,646,54.6,68.8,1,2,,2.1274
traceC,fixed20,647,51.8,69.0,1,2,,2.1566
traceC,fixed20,648,51.0,68.3,1,2,,2.1855
traceC,fixed20,649,54.2,68.2,1,2,,2.2140
traceC,fixed20,650,52.1,68.2,1,2,,2.2420
traceC,fixed20,651,52.0,68.8,1,2,,2.2696
traceC,fixed20,652,51.8,68.4,1,2,,2.2968
traceC,fixed20,653,51.2,68.2,1,2,,2.3236
traceC,fixed20,654,54.1,68.0,1,2,,2.3498
traceC,fixed20,655,54.6,68.6,1,2,,2.3756
traceC,fixed20,656,50.1,68.2,1,2,,2.4010
traceC,fixed20,657,50.6,67.9,1,2,,2.4258
traceC,fixed20,658,53.0,68.5,1,2,,2.4502
traceC,fixed20,659,51.6,69.0,1,2,,2.4740
traceC,fixed20,660,52.6,68.5,1,2,,2.4973
traceC,fixed20,661,53.1,68.1,1,2,,2.5201
traceC,fixed20,662,52.6,69.2,1,2,,2.5424
traceC,fixed20,663,53.8,70.0,1,2,,2.5642
traceC,fixed20,664,51.5,68.7,1,2,,2.5854
traceC,fixed20,665,52.1,68.4,1,2,,2.6060
traceC,fixed20,666,51.2,68.7,1,2,,2.6261
traceC,fixed20,667,51.8,68.6,1,2,,2.6457
traceC,fixed20,668,53.8,67.9,1,2,,2.6646
traceC,fixed20,669,52.3,68.3,1,2,,2.6830
traceC,fixed20,670,47.7,67.9,1,2,,2.7008
traceC,fixed20,671,39.6,68.4,1,2,,2.7180
traceC,fixed20,672,48.3,68.8,1,2,,2.7346
traceC,fixed20,673,52.0,68.2,1,2,,2.7506
traceC,fixed20,674,54.3,68.4,1,2,,2.7660
traceC,fixed20,675,50.4,68.2,1,2,,2.7808
traceC,fixed20,676,52.0,68.8,1,2,,2.7949
traceC,fixed20,677,50.7,68.6,1,2,,2.8085
traceC,fixed20,678,53.4,68.8,1,2,,2.8214
traceC,fixed20,679,52.0,67.9,1,2,,2.8337
traceC,fixed20,680,52.2,68.0,1,2,,2.8453
traceC,fixed20,681,52.5,68.2,1,2,,2.8563
traceC,fixed20,682,52.8,68.5,1,2,,2.8667
traceC,fixed20,683,52.4,68.3,1,2,,2.8764
traceC,fixed20,684,52.7,68.6,1,2,,2.8854
traceC,fixed20,685,52.7,68.3,1,2,,2.8938
traceC,fixed20,686,51.0,68.2,1,2,,2.9016
traceC,fixed20,687,53.6,68.1,1,2,,2.9086
traceC,fixed20,688,53.0,68.2,1,2,,2.9151
traceC,fixed20,689,49.4,68.4,1,2,,2.9208
traceC,fixed20,690,55.0,68.2,1,2,,2.9259
traceC,fixed20,691,53.1,67.9,1,2,,2.9303
traceC,fixed20,692,51.8,68.6,1,2,,2.9340
traceC,fixed20,693,52.8,68.4,1,2,,2.9370
traceC,fixed20,694,51.3,68.5,1,2,,2.9394
traceC,fixed20,695,52.4,68.2,1,2,,2.9411
traceC,fixed20,696,51.8,68.9,1,2,,2.9421
traceC,fixed20,697,53.0,68.4,1,2,,2.9425
traceC,fixed20,698,51.4,68.8,1,2,,2.9421
traceC,fixed20,699,53.4,68.4,1,2,,2.9411
traceC,fixed20,700,50.8,68.4,1,2,,2.9394
traceC,fixed20,701,53.1,68.1,1,2,,2.9370
traceC,fixed20,702,52.1,68.8,1,2,,2.9339
traceC,fixed20,703,51.2,68.2,1,2,,2.9301
traceC,fixed20,704,53.9,68.4,1,2,,2.9257
traceC,fixed20,705,53.9,68.3,1,2,,2.9205
traceC,fixed20,706,51.8,68.3,1,2,,2.9147
traceC,fixed20,707,50.2,68.2,1,2,,2.9082
traceC,fixed20,708,54.7,68.2,1,2,,2.9011
traceC,fixed20,709,53.6,69.3,1,2,,2.8932
traceC,fixed20,710,49.9,68.8,1,2,,2.8847
traceC,fixed20,711,52.1,69.4,1,2,,2.8755
traceC,fixed20,712,53.2,68.9,1,2,,2.8656
traceC,fixed20,713,52.7,69.2,1,2,,2.8551
traceC,fixed20,714,52.2,68.6,1,2,,2.8439
traceC,fixed20,715,51.6,68.5,1,2,,2.8320
traceC,fixed20,716,52.7,68.0,1,2,,2.8195
traceC,fixed20,717,52.4,68.2,1,2,,2.8063
traceC,fixed20,718,51.4,68.3,1,2,,2.7925
traceC,fixed20,719,56.5,68.3,1,2,,2.7780
traceC,fixed20,720,48.2,68.3,1,2,,2.7629
traceC,fixed20,721,54.1,68.9,1,2,,2.7471
traceC,fixed20,722,54.8,68.4,1,2,,2.7308
traceC,fixed20,723,49.2,68.2,1,2,,2.7137
traceC,fixed20,724,51.9,68.8,1,2,,2.6961
traceC,fixed20,725,52.7,68.3,1,2,,2.6778
traceC,fixed20,726,52.1,68.3,1,2,,2.6589
traceC,fixed20,727,51.4,68.4,1,2,,2.6394
traceC,fixed20,728,52.6,68.6,1,2,,2.6193
traceC,fixed20,729,51.8,68.2,1,2,,2.5986
traceC,fixed20,730,54.3,68.8,1,2,,2.5773
traceC,fixed20,731,51.7,67.8,1,2,,2.5555
traceC,fixed20,732,52.5,68.4,1,2,,2.5330
traceC,fixed20,733,51.5,68.0,1,2,,2.5100
traceC,fixed20,734,53.5,68.3,1,2,,2.4865
traceC,fixed20,735,52.5,68.2,1,2,,2.4624
traceC,fixed20,736,51.3,70.2,1,2,,2.4377
traceC,fixed20,737,52.2,68.6,1,2,,2.4125
traceC,fixed20,738,52.2,67.8,1,2,,2.3868
traceC,fixed20,739,52.6,68.2,1,2,,2.3606
traceC,fixed20,740,55.5,68.5,1,2,,2.3339
traceC,fixed20,741,49.7,68.4,1,2,,2.3067
traceC,fixed20,742,56.1,68.0,1,2,,2.2790
traceC,fixed20,743,48.3,68.1,1,2,,2.2509
traceC,fixed20,744,53.4,68.3,1,2,,2.2223
traceC,fixed20,745,51.9,68.6,1,2,,2.1932
traceC,fixed20,746,52.3,68.5,1,2,,2.1637
traceC,fixed20,747,53.0,68.0,1,2,,2.1339
traceC,fixed20,748,51.9,67.9,1,2,,2.1036
traceC,fixed20,749,55.0,68.7,1,2,,2.0729
traceC,fixed20,750,52.2,67.6,1,2,,2.0419
traceC,fixed20,751,53.4,68.0,1,2,,2.0105
traceC,fixed20,752,51.6,68.2,1,2,,1.9787
traceC,fixed20,753,49.0,68.6,1,2,,1.9467
traceC,fixed20,754,52.2,68.3,1,2,,1.9144
traceC,fixed20,755,52.7,68.5,1,2,,1.8818
traceC,fixed20,756,52.7,68.6,1,2,,1.8489
traceC,fixed20,757,52.5,68.1,1,2,,1.8158
traceC,fixed20,758,50.8,67.9,1,2,,1.7825
traceC,fixed20,759,57.1,68.0,1,2,,1.7491
traceC,fixed20,760,50.8,68.2,1,2,,1.7155
traceC,fixed20,761,49.5,93.5,1,3,,1.6817
traceC,fixed20,762,52.4,68.4,1,2,,1.6479
traceC,fixed20,763,52.2,68.0,1,2,,1.6140
traceC,fixed20,764,53.4,68.3,1,2,,1.5801
traceC,fixed20,765,52.8,68.2,1,2,,1.5462
traceC,fixed20,766,52.1,68.2,1,2,,1.5124
traceC,fixed20,767,51.1,68.4,1,2,,1.4787
traceC,fixed20,768,52.8,69.2,1,2,,1.4451
traceC,fixed20,769,52.4,68.3,1,2,,1.4118
traceC,fixed20,770,52.5,69.3,1,2,,1.3787
traceC,fixed20,771,52.3,69.1,1,2,,1.3459
traceC,fixed20,772,52.5,69.5,1,2,,1.3134
traceC,fixed20,773,52.0,68.3,1,2,,1.2815
traceC,fixed20,774,52.9,67.5,1,2,,1.2500
traceC,fixed20,775,51.6,67.9,1,2,,1.2192
traceC,fixed20,776,52.0,67.9,1,2,,1.1891
traceC,fixed20,777,56.5,68.0,1,2,,1.1597
traceC,fixed20,778,48.6,67.7,1,2,,1.1312
traceC,fixed20,779,53.3,68.8,1,2,,1.1037
traceC,fixed20,780,52.6,68.0,1,2,,1.0774
traceC,fixed20,781,51.9,68.1,1,2,,1.0522
traceC,fixed20,782,50.4,67.7,1,2,,1.0284
traceC,fixed20,783,54.6,68.0,1,2,,1.0060
traceC,fixed20,784,51.4,67.6,1,2,,0.9853
traceC,fixed20,785,52.1,68.1,1,2,,0.9663
traceC,fixed20,786,52.6,67.5,1,2,,0.9492
traceC,fixed20,787,51.6,67.7,1,2,,0.9341
traceC,fixed20,788,54.4,68.1,1,2,,0.9212
traceC,fixed20,789,50.2,67.5,1,2,,0.9105
traceC,fixed20,790,54.3,67.6,1,2,,0.9021
traceC,fixed20,791,51.0,67.9,1,2,,0.8962
traceC,fixed20,792,52.6,68.0,1,2,,0.8928
traceC,fixed20,793,52.7,68.3,1,2,,0.8920
traceC,fixed20,794,51.6,68.6,1,2,,0.8937
traceC,fixed20,795,54.1,68.0,1,2,,0.8980
traceC,fixed20,796,51.1,67.9,1,2,,0.9048
traceC,fixed20,797,52.2,68.3,1,2,,0.9141
traceC,fixed20,798,51.6,68.1,1,2,,0.9258
traceC,fixed20,799,52.4,68.4,1,2,,0.9399
traceC,fixed20,800,53.1,68.1,1,2,,0.9561
traceC,fixed20,801,53.0,67.9,1,2,,0.9745
traceC,fixed20,802,51.3,68.5,1,2,,0.9948
traceC,fixed20,803,52.2,68.2,1,2,,1.0170
traceC,fixed20,804,53.8,68.0,1,2,,1.0409
traceC,fixed20,805,51.5,68.0,1,2,,1.0664
traceC,fixed20,806,53.7,67.6,1,2,,1.0934
traceC,fixed20,807,50.3,68.1,1,2,,1.1217
traceC,fixed20,808,56.7,67.8,1,2,,1.1513
traceC,fixed20,809,48.2,69.4,1,2,,1.1819
traceC,fixed20,810,53.5,69.3,1,2,,1.2136
traceC,fixed20,811,51.2,67.9,1,2,,1.2461
traceC,fixed20,812,52.5,68.4,1,2,,1.2795
traceC,fixed20,813,52.5,68.1,1,2,,1.3136
traceC,fixed20,814,52.9,68.4,1,2,,1.3484
traceC,fixed20,815,54.8,68.5,1,2,,1.3838
traceC,fixed20,816,51.7,68.4,1,2,,1.4196
traceC,fixed20,817,49.1,68.6,1,2,,1.4559
traceC,fixed20,818,55.9,68.2,1,2,,1.4926
traceC,fixed20,819,50.3,68.6,1,2,,1.5296
traceC,fixed20,820,52.2,67.9,1,2,,1.5668
traceC,fixed20,821,52.6,68.3,1,2,,1.6043
traceC,fixed20,822,51.6,68.0,1,2,,1.6420
traceC,fixed20,823,52.8,68.2,1,2,,1.6798
traceC,fixed20,824,52.7,68.2,1,2,,1.7177
traceC,fixed20,825,51.6,67.6,1,2,,1.7556
traceC,fixed20,826,53.0,68.2,1,2,,1.7936
traceC,fixed20,827,52.6,68.0,1,2,,1.8315
traceC,fixed20,828,50.7,68.0,1,2,,1.8695
traceC,fixed20,829,52.6,68.1,1,2,,1.9073
traceC,fixed20,830,52.9,68.3,1,2,,1.9450
traceC,fixed20,831,53.0,67.7,1,2,,1.9827
traceC,fixed20,832,53.9,68.0,1,2,,2.0201
traceC,fixed20,833,50.2,67.8,1,2,,2.0574
traceC,fixed20,834,54.0,68.4,1,2,,2.0945
traceC,fixed20,835,52.4,68.1,1,2,,2.1313
traceC,fixed20,836,49.9,67.8,1,2,,2.1679
traceC,fixed20,837,53.8,68.3,1,2,,2.2043
traceC,fixed20,838,52.9,68.2,1,2,,2.2404
traceC,fixed20,839,51.2,68.3,1,2,,2.2761
traceC,fixed20,840,55.8,67.9,1,2,,2.3116
traceC,fixed20,841,50.9,68.1,1,2,,2.3467
traceC,fixed20,842,51.3,68.3,1,2,,2.3814
traceC,fixed20,843,51.8,67.6,1,2,,2.4158
traceC,fixed20,844,52.2,68.1,1,2,,2.4498
traceC,fixed20,845,51.9,68.2,1,2,,2.4834
traceC,fixed20,846,53.9,68.1,1,2,,2.5166
traceC,fixed20,847,52.4,68.0,1,2,,2.5494
traceC,fixed20,848,53.2,68.2,1,2,,2.5817
traceC,fixed20,849,51.2,67.8,1,2,,2.6135
traceC,fixed20,850,54.8,67.8,1,2,,2.6449
traceC,fixed20,851,50.0,68.2,1,2,,2.6758
traceC,fixed20,852,51.4,67.6,1,2,,2.7062
traceC,fixed20,853,55.1,67.9,1,2,,2.7362
traceC,fixed20,854,48.1,68.3,1,2,,2.7655
traceC,fixed20,855,54.3,67.6,1,2,,2.7944
traceC,fixed20,856,51.6,68.5,1,2,,2.8227
traceC,fixed20,857,53.6,68.1,1,2,,2.8505
traceC,fixed20,858,51.2,68.5,1,2,,2.8777
traceC,fixed20,859,51.8,68.1,1,2,,2.9044
traceC,fixed20,860,55.2,67.8,1,2,,2.9304
traceC,fixed20,861,49.9,68.0,1,2,,2.9559
traceC,fixed20,862,51.8,68.1,1,2,,2.9808
traceC,fixed20,863,53.2,67.6,1,2,,3.0051
traceC,fixed20,864,55.3,67.9,1,2,,3.0287
traceC,fixed20,865,50.6,67.6,1,2,,3.0518
traceC,fixed20,866,50.7,68.0,1,2,,3.0742
traceC,fixed20,867,54.1,67.9,1,2,,3.0959
traceC,fixed20,868,50.9,67.8,1,2,,3.1171
traceC,fixed20,869,53.2,68.1,1,2,,3.1375
traceC,fixed20,870,56.3,68.8,1,2,,3.1573
traceC,fixed20,871,49.2,68.8,1,2,,3.1765
traceC,fixed20,872,52.2,68.5,1,2,,3.1950
traceC,fixed20,873,51.4,68.7,1,2,,3.2127
traceC,fixed20,874,53.2,68.7,1,2,,3.2298
traceC,fixed20,875,53.1,68.6,1,2,,3.2463
traceC,fixed20,876,51.4,68.5,1,2,,3.2620
traceC,fixed20,877,51.7,68.1,1,2,,3.2770
traceC,fixed20,878,53.4,68.5,1,2,,3.2913
traceC,fixed20,879,51.1,68.5,1,2,,3.3049
traceC,fixed20,880,53.2,68.1,1,2,,3.3177
traceC,fixed20,881,52.6,67.6,1,2,,3.3299
traceC,fixed20,882,51.5,68.7,1,2,,3.3413
traceC,fixed20,883,51.9,68.4,1,2,,3.3520
traceC,fixed20,884,51.6,68.6,1,2,,3.3620
traceC,fixed20,885,53.6,67.9,1,2,,3.3712
traceC,fixed20,886,52.0,67.9,1,2,,3.3797
traceC,fixed20,887,53.3,68.0,1,2,,3.3874
traceC,fixed20,888,54.4,67.9,1,2,,3.3944
traceC,fixed20,889,49.4,68.0,1,2,,3.4007
traceC,fixed20,890,51.5,67.2,1,2,,3.4062
traceC,fixed20,891,53.7,68.2,1,2,,3.4109
traceC,fixed20,892,52.1,68.1,1,2,,3.4149
traceC,fixed20,893,52.4,67.9,1,2,,3.4181
traceC,fixed20,894,51.0,67.6,1,2,,3.4206
traceC,fixed20,895,56.9,68.0,1,2,,3.4223
traceC,fixed20,896,48.4,68.2,1,2,,3.4233
traceC,fixed20,897,52.2,67.5,1,2,,3.4235
traceC,fixed20,898,53.0,67.9,1,2,,3.4230
traceC,fixed20,899,52.4,68.6,1,2,,3.4216
traceC,fixed20,900,56.1,68.1,1,2,,3.4196
traceC,fixed20,901,48.8,67.9,1,2,,3.4167
traceC,fixed20,902,52.2,68.2,1,2,,3.4131
traceC,fixed20,903,52.1,67.9,1,2,,3.4088
traceC,fixed20,904,51.1,68.1,1,2,,3.4037
traceC,fixed20,905,52.7,68.1,1,2,,3.3978
traceC,fixed20,906,53.1,67.6,1,2,,3.3912
traceC,fixed20,907,51.3,67.6,1,2,,3.3839
traceC,fixed20,908,52.9,67.4,1,2,,3.3758
traceC,fixed20,909,52.0,68.4,1,2,,3.3669
traceC,fixed20,910,53.8,67.6,1,2,,3.3573
traceC,fixed20,911,52.1,67.6,1,2,,3.3470
traceC,fixed20,912,52.2,68.0,1,2,,3.3359
traceC,fixed20,913,56.0,67.5,1,2,,3.3241
traceC,fixed20,914,48.7,68.2,1,2,,3.3116
traceC,fixed20,915,51.9,67.8,1,2,,3.2983
traceC,fixed20,916,53.0,93.9,1,3,,3.2843
traceC,fixed20,917,51.5,68.7,1,2,,3.2697
traceC,fixed20,918,52.3,67.7,1,2,,3.2543
traceC,fixed20,919,52.1,68.1,1,2,,3.2382
traceC,fixed20,920,52.0,68.3,1,2,,3.2214
traceC,fixed20,921,55.2,68.0,1,2,,3.2039
traceC,fixed20,922,50.1,68.4,1,2,,3.1857
traceC,fixed20,923,51.8,67.8,1,2,,3.1669
traceC,fixed20,924,55.2,68.4,1,2,,3.1473
traceC,fixed20,925,50.6,68.0,1,2,,3.1272
traceC,fixed20,926,53.0,68.1,1,2,,3.1063
traceC,fixed20,927,53.9,68.2,1,2,,3.0848
traceC,fixed20,928,50.9,68.4,1,2,,3.0627
traceC,fixed20,929,49.4,70.5,1,2,,3.0399
traceC,fixed20,930,55.6,68.5,1,2,,3.0166
traceC,fixed20,931,51.6,68.6,1,2,,2.9926
traceC,fixed20,932,51.0,68.0,1,2,,2.9680
traceC,fixed20,933,52.1,68.6,1,2,,2.9428
traceC,fixed20,934,53.0,68.7,1,2,,2.9171
traceC,fixed20,935,51.9,68.7,1,2,,2.8907
traceC,fixed20,936,54.2,67.5,1,2,,2.8639
traceC,fixed20,937,51.3,68.0,1,2,,2.8364
traceC,fixed20,938,52.7,68.0,1,2,,2.8085
traceC,fixed20,939,51.4,68.5,1,2,,2.7800
traceC,fixed20,940,52.5,68.4,1,2,,2.7511
traceC,fixed20,941,51.3,68.4,1,2,,2.7216
traceC,fixed20,942,53.0,68.4,1,2,,2.6917
traceC,fixed20,943,52.1,68.0,1,2,,2.6613
traceC,fixed20,944,52.5,68.2,1,2,,2.6305
traceC,fixed20,945,53.4,68.0,1,2,,2.5992
traceC,fixed20,946,51.0,68.3,1,2,,2.5676
traceC,fixed20,947,52.4,68.0,1,2,,2.5356
traceC,fixed20,948,53.4,68.1,1,2,,2.5032
traceC,fixed20,949,51.4,68.5,1,2,,2.4704
traceC,fixed20,950,51.7,68.2,1,2,,2.4374
traceC,fixed20,951,53.0,67.9,1,2,,2.4040
traceC,fixed20,952,52.9,68.4,1,2,,2.3704
traceC,fixed20,953,52.1,69.1,1,2,,2.3365
traceC,fixed20,954,52.7,68.6,1,2,,2.3024
traceC,fixed20,955,53.4,69.3,1,2,,2.2681
traceC,fixed20,956,51.5,69.1,1,2,,2.2337
traceC,fixed20,957,52.7,70.5,1,2,,2.1991
traceC,fixed20,958,52.0,68.4,1,2,,2.1644
traceC,fixed20,959,50.2,68.2,1,2,,2.1296
traceC,fixed20,960,52.9,68.2,1,2,,2.0948
traceC,fixed20,961,54.2,68.5,1,2,,2.0600
traceC,fixed20,962,50.8,68.6,1,2,,2.0252
traceC,fixed20,963,53.7,68.3,1,2,,1.9906
traceC,fixed20,964,51.0,68.5,1,2,,1.9560
traceC,fixed20,965,56.3,67.9,1,2,,1.9216
traceC,fixed20,966,47.9,68.4,1,2,,1.8875
traceC,fixed20,967,52.0,68.3,1,2,,1.8536
traceC,fixed20,968,53.8,68.3,1,2,,1.8201
traceC,fixed20,969,52.5,68.0,1,2,,1.7870
traceC,fixed20,970,51.1,68.3,1,2,,1.7543
traceC,fixed20,971,53.7,68.2,1,2,,1.7221
traceC,fixed20,972,51.2,68.3,1,2,,1.6905
traceC,fixed20,973,53.4,68.0,1,2,,1.6596
traceC,fixed20,974,52.4,67.8,1,2,,1.6294
traceC,fixed20,975,50.6,67.9,1,2,,1.6001
traceC,fixed20,976,54.1,68.3,1,2,,1.5716
traceC,fixed20,977,51.6,68.3,1,2,,1.5441
traceC,fixed20,978,52.1,68.4,1,2,,1.5176
traceC,fixed20,979,53.4,68.1,1,2,,1.4924
traceC,fixed20,980,51.7,68.1,1,2,,1.4683
traceC,fixed20,981,51.3,67.7,1,2,,1.4457
traceC,fixed20,982,55.2,68.0,1,2,,1.4244
traceC,fixed20,983,50.3,68.4,1,2,,1.4047
traceC,fixed20,984,52.7,68.1,1,2,,1.3866
traceC,fixed20,985,51.5,68.0,1,2,,1.3703
traceC,fixed20,986,55.9,68.3,1,2,,1.3557
traceC,fixed20,987,50.1,68.4,1,2,,1.3431
traceC,fixed20,988,53.6,68.2,1,2,,1.3324
traceC,fixed20,989,51.3,68.0,1,2,,1.3237
traceC,fixed20,990,52.0,68.4,1,2,,1.3172
traceC,fixed20,991,51.0,68.4,1,2,,1.3127
traceC,fixed20,992,52.4,68.6,1,2,,1.3105
traceC,fixed20,993,52.4,68.5,1,2,,1.3104
traceC,fixed20,994,52.0,67.9,1,2,,1.3126
traceC,fixed20,995,55.4,68.1,1,2,,1.3169
traceC,fixed20,996,50.9,68.1,1,2,,1.3234
traceC,fixed20,997,55.6,68.5,1,2,,1.3321
traceC,fixed20,998,48.4,67.9,1,2,,1.3429
traceC,fixed20,999,52.7,68.1,1,2,,1.3557
traceC,bsf,0,56.4,1764.4,1,2,,1.6092
traceC,bsf,1,50.6,69.7,1,2,,1.5671
traceC,bsf,2,50.3,71.8,1,2,,1.4605
traceC,bsf,3,54.0,69.2,1,2,,1.3049
traceC,bsf,4,52.2,70.3,1,2,,1.1312
traceC,bsf,5,52.1,70.2,1,2,,0.9616
traceC,bsf,6,51.5,69.2,1,2,,0.7797
traceC,bsf,7,51.5,69.3,1,2,,0.5842
traceC,bsf,8,52.3,68.6,1,2,,0.4057
traceC,bsf,9,54.5,94.0,1,3,,0.2882
traceC,bsf,10,51.4,68.2,1,2,,0.2285
traceC,bsf,11,54.0,68.4,1,2,,0.1896
traceC,bsf,12,51.4,67.9,1,2,,0.1667
traceC,bsf,13,52.5,68.1,1,2,,0.1558
traceC,bsf,14,51.7,68.2,1,2,,0.1403
traceC,bsf,15,51.5,68.2,1,2,,0.1183
traceC,bsf,16,53.2,68.0,1,2,,0.1021
traceC,bsf,17,52.2,68.0,1,2,,0.1002
traceC,bsf,18,57.2,67.9,1,2,,0.1210
traceC,bsf,19,48.1,67.5,1,2,,0.1741
traceC,bsf,20,52.3,67.6,1,2,,0.2441
traceC,bsf,21,51.6,70.6,1,2,,0.2956
traceC,bsf,22,53.1,68.7,1,2,,0.3289
traceC,bsf,23,52.4,68.2,1,2,,0.3813
traceC,bsf,24,52.4,68.0,1,2,,0.4632
traceC,bsf,25,53.6,68.8,1,2,,0.5252
traceC,bsf,26,51.3,68.3,1,2,,0.5454
traceC,bsf,27,51.7,69.4,1,2,,0.5180
traceC,bsf,28,52.4,69.1,1,2,,0.5344
traceC,bsf,29,53.5,69.3,1,2,,0.6897
traceC,bsf,30,52.0,68.6,1,2,,0.8745
traceC,bsf,31,53.0,69.0,1,2,,1.0036
traceC,bsf,32,51.4,69.1,1,2,,1.1442
traceC,bsf,33,55.0,69.4,1,2,,1.3780
traceC,bsf,34,51.7,69.8,1,2,,1.7099
traceC,bsf,35,51.8,69.4,1,2,,2.1246
traceC,bsf,36,50.9,69.3,1,2,,2.5554
traceC,bsf,37,55.5,69.9,1,2,,2.9039
traceC,bsf,38,48.6,69.7,1,2,,3.1493
traceC,bsf,39,53.3,69.6,1,2,,3.2965
traceC,bsf,40,52.6,69.9,1,2,,3.4037
traceC,bsf,41,56.0,69.3,1,2,,3.4645
traceC,bsf,42,49.1,69.5,1,2,,3.4154
traceC,bsf,43,52.8,69.4,1,2,,3.2613
traceC,bsf,44,50.9,70.2,1,2,,3.0539
traceC,bsf,45,56.6,71.5,1,2,,2.8417
traceC,bsf,46,49.1,69.4,1,2,,2.6026
traceC,bsf,47,56.1,69.3,1,2,,2.3193
traceC,bsf,48,48.7,69.5,1,2,,2.0083
traceC,bsf,49,53.1,69.8,1,2,,1.6926
traceC,bsf,50,52.1,69.7,1,2,,1.3911
traceC,bsf,51,51.5,69.1,1,2,,1.1112
traceC,bsf,52,52.2,69.1,1,2,,0.8566
traceC,bsf,53,54.2,69.7,1,2,,0.6366
traceC,bsf,54,51.6,69.4,1,2,,0.4619
traceC,bsf,55,52.3,69.8,1,2,,0.3336
traceC,bsf,56,52.6,68.1,1,2,,0.2437
traceC,bsf,57,53.2,68.1,1,2,,0.1900
traceC,bsf,58,52.0,67.9,1,2,,0.1680
traceC,bsf,59,52.6,67.8,1,2,,0.1571
traceC,bsf,60,50.4,68.0,1,2,,0.1409
traceC,bsf,61,52.5,68.6,1,2,,0.1258
traceC,bsf,62,53.0,68.2,1,2,,0.1196
traceC,bsf,63,53.1,67.7,1,2,,0.1151
traceC,bsf,64,52.1,68.4,1,2,,0.1056
traceC,bsf,65,56.9,67.9,1,2,,0.0933
traceC,bsf,66,48.1,68.6,1,2,,0.0826
traceC,bsf,67,52.5,68.7,1,2,,0.0743
traceC,bsf,68,51.7,67.9,1,2,,0.0681
traceC,bsf,69,53.0,67.9,1,2,,0.0638
traceC,bsf,70,52.2,68.2,1,2,,0.0608
traceC,bsf,71,52.5,68.5,1,2,,0.0585
traceC,bsf,72,51.9,68.6,1,2,,0.0561
traceC,bsf,73,52.5,68.8,1,2,,0.0540
traceC,bsf,74,51.5,67.8,1,2,,0.0527
traceC,bsf,75,53.7,67.9,1,2,,0.0519
traceC,bsf,76,51.1,68.0,1,2,,0.0511
traceC,bsf,77,54.2,68.1,1,2,,0.0501
traceC,bsf,78,51.3,68.0,1,2,,0.0494
traceC,bsf,79,51.9,67.6,1,2,,0.0492
traceC,bsf,80,54.4,67.8,1,2,,0.0491
traceC,bsf,81,51.0,67.7,1,2,,0.0487
traceC,bsf,82,52.1,68.1,1,2,,0.0482
traceC,bsf,83,53.5,68.2,1,2,,0.0481
traceC,bsf,84,51.6,68.0,1,2,,0.0482
traceC,bsf,85,52.6,68.1,1,2,,0.0481
traceC,bsf,86,52.4,93.9,1,3,,0.0479
traceC,bsf,87,52.2,68.5,1,2,,0.0477
traceC,bsf,88,54.8,68.4,1,2,,0.0478
traceC,bsf,89,50.3,68.4,1,2,,0.0478
traceC,bsf,90,52.0,68.0,1,2,,0.0478
traceC,bsf,91,53.9,68.5,1,2,,0.0476
traceC,bsf,92,52.2,94.0,1,3,,0.0476
traceC,bsf,93,51.7,68.3,1,2,,0.0477
traceC,bsf,94,52.9,68.0,1,2,,0.0477
traceC,bsf,95,54.1,68.4,1,2,,0.0476
traceC,bsf,96,51.1,67.4,1,2,,0.0476
traceC,bsf,97,51.2,67.8,1,2,,0.0476
traceC,bsf,98,51.9,68.0,1,2,,0.0477
traceC,bsf,99,52.5,67.7,1,2,,0.0477
traceC,bsf,100,55.0,68.2,1,2,,0.0476
traceC,bsf,101,50.0,67.6,1,2,,0.0476
traceC,bsf,102,52.4,67.9,1,2,,0.0476
traceC,bsf,103,50.3,68.0,1,2,,0.0477
traceC,bsf,104,52.1,68.9,1,2,,0.0476
traceC,bsf,105,52.9,68.1,1,2,,0.0476
traceC,bsf,106,55.0,68.0,1,2,,0.0476
traceC,bsf,107,49.7,67.9,1,2,,0.0476
traceC,bsf,108,55.4,69.8,1,2,,0.0476
traceC,bsf,109,50.2,68.3,1,2,,0.0476
traceC,bsf,110,51.8,68.7,1,2,,0.0476
traceC,bsf,111,51.0,68.0,1,2,,0.0476
traceC,bsf,112,53.7,68.0,1,2,,0.0476
traceC,bsf,113,52.9,67.7,1,2,,0.0476
traceC,bsf,114,52.6,68.7,1,2,,0.0476
traceC,bsf,115,51.3,68.0,1,2,,0.0476
traceC,bsf,116,53.6,68.1,1,2,,0.0476
traceC,bsf,117,52.0,68.2,1,2,,0.0476
traceC,bsf,118,52.3,68.3,1,2,,0.0476
traceC,bsf,119,50.4,68.1,1,2,,0.0476
traceC,bsf,120,52.5,68.2,1,2,,0.0476
traceC,bsf,121,54.1,67.8,1,2,,0.0476
traceC,bsf,122,50.5,67.9,1,2,,0.0476
traceC,bsf,123,52.8,68.3,1,2,,0.0476
traceC,bsf,124,52.3,68.2,1,2,,0.0476
traceC,bsf,125,52.9,68.7,1,2,,0.0476
traceC,bsf,126,54.8,67.8,1,2,,0.0476
traceC,bsf,127,49.5,68.2,1,2,,0.0476
traceC,bsf,128,52.5,68.3,1,2,,0.0476
traceC,bsf,129,56.9,69.4,1,2,,0.0476
traceC,bsf,130,47.4,67.8,1,2,,0.0476
traceC,bsf,131,51.5,67.7,1,2,,0.0476
traceC,bsf,132,54.2,68.8,1,2,,0.0476
traceC,bsf,133,52.5,68.6,1,2,,0.0476
traceC,bsf,134,51.8,69.1,1,2,,0.0476
traceC,bsf,135,52.2,68.7,1,2,,0.0476
traceC,bsf,136,51.4,68.7,1,2,,0.0476
traceC,bsf,137,53.8,67.8,1,2,,0.0476
traceC,bsf,138,50.9,67.8,1,2,,0.0476
traceC,bsf,139,57.1,68.8,1,2,,0.0476
traceC,bsf,140,41.2,68.1,1,2,,0.0476
traceC,bsf,141,44.2,67.8,1,2,,0.0476
traceC,bsf,142,45.9,69.4,1,2,,0.0476
traceC,bsf,143,56.7,68.5,1,2,,0.0476
traceC,bsf,144,55.4,68.4,1,2,,0.0476
traceC,bsf,145,50.7,68.5,1,2,,0.0476
traceC,bsf,146,52.1,69.6,1,2,,0.0476
traceC,bsf,147,51.2,67.6,1,2,,0.0476
traceC,bsf,148,54.2,68.2,1,2,,0.0476
traceC,bsf,149,55.9,68.7,1,2,,0.0476
traceC,bsf,150,48.8,68.2,1,2,,0.0476
traceC,bsf,151,50.5,67.8,1,2,,0.0476
traceC,bsf,152,52.7,68.8,1,2,,0.0476
traceC,bsf,153,53.1,68.6,1,2,,0.0476
traceC,bsf,154,51.8,70.3,1,2,,0.0476
traceC,bsf,155,51.7,69.2,1,2,,0.0476
traceC,bsf,156,52.9,68.3,1,2,,0.0476
traceC,bsf,157,52.9,68.1,1,2,,0.0476
traceC,bsf,158,53.2,68.7,1,2,,0.0476
traceC,bsf,159,51.6,68.2,1,2,,0.0476
traceC,bsf,160,51.9,68.1,1,2,,0.0476
traceC,bsf,161,52.4,67.6,1,2,,0.0476
traceC,bsf,162,52.0,69.1,1,2,,0.0476
traceC,bsf,163,53.8,68.3,1,2,,0.0476
traceC,bsf,164,51.6,69.4,1,2,,0.0476
traceC,bsf,165,52.2,69.7,1,2,,0.0476
traceC,bsf,166,51.9,67.9,1,2,,0.0476
traceC,bsf,167,51.7,68.4,1,2,,0.0476
traceC,bsf,168,53.2,68.4,1,2,,0.0476
traceC,bsf,169,51.0,68.5,1,2,,0.0476
traceC,bsf,170,53.7,68.1,1,2,,0.0476
traceC,bsf,171,52.4,68.0,1,2,,0.0476
traceC,bsf,172,53.0,68.0,1,2,,0.0476
traceC,bsf,173,53.5,68.3,1,2,,0.0476
traceC,bsf,174,50.6,67.9,1,2,,0.0476
traceC,bsf,175,51.7,68.3,1,2,,0.0476
traceC,bsf,176,51.8,68.1,1,2,,0.0476
traceC,bsf,177,54.2,67.8,1,2,,0.0476
traceC,bsf,178,51.7,68.1,1,2,,0.0476
traceC,bsf,179,50.2,68.1,1,2,,0.0476
traceC,bsf,180,55.1,67.7,1,2,,0.0476
traceC,bsf,181,52.5,68.0,1,2,,0.0476
traceC,bsf,182,51.3,68.5,1,2,,0.0476
traceC,bsf,183,52.7,67.6,1,2,,0.0476
traceC,bsf,184,51.6,68.0,1,2,,0.0476
traceC,bsf,185,54.2,68.5,1,2,,0.0476
traceC,bsf,186,51.2,67.6,1,2,,0.0476
traceC,bsf,187,51.5,94.3,1,3,,0.0476
traceC,bsf,188,55.7,67.8,1,2,,0.0476
traceC,bsf,189,48.0,68.3,1,2,,0.0476
traceC,bsf,190,51.8,67.4,1,2,,0.0476
traceC,bsf,191,54.4,67.9,1,2,,0.0476
traceC,bsf,192,51.5,67.4,1,2,,0.0476
traceC,bsf,193,52.0,67.6,1,2,,0.0476
traceC,bsf,194,56.4,68.7,1,2,,0.0476
traceC,bsf,195,49.8,67.4,1,2,,0.0476
traceC,bsf,196,51.6,67.7,1,2,,0.0476
traceC,bsf,197,53.6,68.1,1,2,,0.0476
traceC,bsf,198,50.9,67.8,1,2,,0.0476
traceC,bsf,199,51.3,67.7,1,2,,0.0476
traceC,bsf,200,52.5,67.8,1,2,,0.0476
traceC,bsf,201,54.0,67.6,1,2,,0.0476
traceC,bsf,202,51.5,94.6,1,3,,0.0476
traceC,bsf,203,54.8,70.9,1,2,,0.0476
traceC,bsf,204,50.8,68.6,1,2,,0.0476
traceC,bsf,205,52.2,68.5,1,2,,0.0476
traceC,bsf,206,53.9,68.4,1,2,,0.0476
traceC,bsf,207,50.7,67.4,1,2,,0.0476
traceC,bsf,208,52.1,68.3,1,2,,0.0476
traceC,bsf,209,51.8,68.1,1,2,,0.0476
traceC,bsf,210,53.2,67.6,1,2,,0.0476
traceC,bsf,211,51.5,67.8,1,2,,0.0476
traceC,bsf,212,52.6,67.5,1,2,,0.0476
traceC,bsf,213,53.6,68.1,1,2,,0.0476
traceC,bsf,214,50.6,67.6,1,2,,0.0476
traceC,bsf,215,54.1,93.6,1,3,,0.0476
traceC,bsf,216,51.9,68.9,1,2,,0.0476
traceC,bsf,217,53.2,68.2,1,2,,0.0476
traceC,bsf,218,50.9,69.1,1,2,,0.0476
traceC,bsf,219,52.5,68.7,1,2,,0.0476
traceC,bsf,220,55.9,67.6,1,2,,0.0476
traceC,bsf,221,48.1,67.9,1,2,,0.0476
traceC,bsf,222,53.3,67.7,1,2,,0.0476
traceC,bsf,223,52.0,68.1,1,2,,0.0476
traceC,bsf,224,53.2,67.6,1,2,,0.0476
traceC,bsf,225,52.4,68.3,1,2,,0.0476
traceC,bsf,226,51.8,67.5,1,2,,0.0476
traceC,bsf,227,57.0,68.5,1,2,,0.0476
traceC,bsf,228,49.3,68.5,1,2,,0.0476
traceC,bsf,229,50.9,67.9,1,2,,0.0476
traceC,bsf,230,51.7,68.0,1,2,,0.0476
traceC,bsf,231,52.4,68.0,1,2,,0.0476
traceC,bsf,232,53.6,67.9,1,2,,0.0476
traceC,bsf,233,52.0,68.4,1,2,,0.0476
traceC,bsf,234,51.4,67.4,1,2,,0.0476
traceC,bsf,235,52.1,93.3,1,3,,0.0476
traceC,bsf,236,53.5,69.0,1,2,,0.0476
traceC,bsf,237,52.4,67.5,1,2,,0.0476
traceC,bsf,238,52.2,67.7,1,2,,0.0476
traceC,bsf,239,50.0,67.5,1,2,,0.0476
traceC,bsf,240,49.6,67.3,1,2,,0.0476
traceC,bsf,241,54.1,94.0,1,3,,0.0476
traceC,bsf,242,51.2,69.2,1,2,,0.0476
traceC,bsf,243,51.2,68.5,1,2,,0.0476
traceC,bsf,244,53.0,68.4,1,2,,0.0476
traceC,bsf,245,52.1,68.4,1,2,,0.0476
traceC,bsf,246,52.7,67.8,1,2,,0.0476
traceC,bsf,247,52.8,93.0,1,3,,0.0476
traceC,bsf,248,51.9,68.5,1,2,,0.0476
traceC,bsf,249,51.8,68.0,1,2,,0.0476
traceC,bsf,250,53.2,67.4,1,2,,0.0476
traceC,bsf,251,51.8,67.8,1,2,,0.0476
traceC,bsf,252,52.1,93.3,1,3,,0.0476
traceC,bsf,253,52.3,68.3,1,2,,0.0476
traceC,bsf,254,50.8,67.6,1,2,,0.0476
traceC,bsf,255,54.2,93.7,1,3,,0.0476
traceC,bsf,256,53.0,67.8,1,2,,0.0476
traceC,bsf,257,50.3,67.6,1,2,,0.0476
traceC,bsf,258,53.0,67.5,1,2,,0.0476
traceC,bsf,259,56.0,67.9,1,2,,0.0476
traceC,bsf,260,50.5,93.3,1,3,,0.0476
traceC,bsf,261,51.4,68.0,1,2,,0.0476
traceC,bsf,262,52.8,93.0,1,3,,0.0476
traceC,bsf,263,53.6,68.2,1,2,,0.0476
traceC,bsf,264,51.1,67.3,1,2,,0.0476
traceC,bsf,265,51.4,67.4,1,2,,0.0476
traceC,bsf,266,53.1,67.6,1,2,,0.0476
traceC,bsf,267,52.6,68.0,1,2,,0.0476
traceC,bsf,268,51.1,92.9,1,3,,0.0476
traceC,bsf,269,53.3,67.7,1,2,,0.0476
traceC,bsf,270,52.8,67.7,1,2,,0.0476
traceC,bsf,271,52.5,67.4,1,2,,0.0476
traceC,bsf,272,47.5,68.3,1,2,,0.0476
traceC,bsf,273,54.9,67.4,1,2,,0.0476
traceC,bsf,274,51.6,67.4,1,2,,0.0476
traceC,bsf,275,52.3,93.3,1,3,,0.0476
traceC,bsf,276,50.5,67.9,1,2,,0.0476
traceC,bsf,277,54.8,68.0,1,2,,0.0476
traceC,bsf,278,51.7,93.3,1,3,,0.0476
traceC,bsf,279,52.7,67.8,1,2,,0.0476
traceC,bsf,280,49.4,67.6,1,2,,0.0476
traceC,bsf,281,53.0,67.4,1,2,,0.0476
traceC,bsf,282,52.7,67.6,1,2,,0.0476
traceC,bsf,283,50.9,67.9,1,2,,0.0476
traceC,bsf,284,56.1,67.8,1,2,,0.0476
traceC,bsf,285,47.8,93.2,1,3,,0.0476
traceC,bsf,286,53.6,68.3,1,2,,0.0476
traceC,bsf,287,54.8,67.8,1,2,,0.0476
traceC,bsf,288,52.0,68.2,1,2,,0.0476
traceC,bsf,289,49.6,68.6,1,2,,0.0476
traceC,bsf,290,53.2,67.6,1,2,,0.0476
traceC,bsf,291,52.4,67.5,1,2,,0.0476
traceC,bsf,292,53.3,93.2,1,3,,0.0476
traceC,bsf,293,51.3,68.5,1,2,,0.0476
traceC,bsf,294,52.5,68.1,1,2,,0.0476
traceC,bsf,295,51.9,67.9,1,2,,0.0476
traceC,bsf,296,52.7,67.5,1,2,,0.0476
traceC,bsf,297,51.9,93.7,1,3,,0.0476
traceC,bsf,298,53.8,67.9,1,2,,0.0476
traceC,bsf,299,50.8,67.5,1,2,,0.0476
traceC,bsf,300,52.5,67.6,1,2,,0.0476
traceC,bsf,301,53.2,67.7,1,2,,0.0476
traceC,bsf,302,51.9,67.8,1,2,,0.0476
traceC,bsf,303,51.7,67.8,1,2,,0.0476
traceC,bsf,304,53.3,67.5,1,2,,0.0476
traceC,bsf,305,52.7,67.3,1,2,,0.0476
traceC,bsf,306,51.7,67.4,1,2,,0.0476
traceC,bsf,307,51.9,67.5,1,2,,0.0476
traceC,bsf,308,52.1,67.8,1,2,,0.0476
traceC,bsf,309,53.4,67.7,1,2,,0.0476
traceC,bsf,310,52.1,68.0,1,2,,0.0476
traceC,bsf,311,52.1,67.6,1,2,,0.0476
traceC,bsf,312,51.9,67.4,1,2,,0.0476
traceC,bsf,313,52.7,67.6,1,2,,0.0476
traceC,bsf,314,53.3,67.9,1,2,,0.0476
traceC,bsf,315,52.1,93.2,1,3,,0.0476
traceC,bsf,316,52.6,68.1,1,2,,0.0476
traceC,bsf,317,52.4,93.3,1,3,,0.0476
traceC,bsf,318,52.5,68.0,1,2,,0.0476
traceC,bsf,319,52.0,67.6,1,2,,0.0476
traceC,bsf,320,53.5,67.6,1,2,,0.0476
traceC,bsf,321,50.3,68.1,1,2,,0.0476
traceC,bsf,322,53.9,68.2,1,2,,0.0476
traceC,bsf,323,51.7,68.7,1,2,,0.0476
traceC,bsf,324,52.1,69.0,1,2,,0.0476
traceC,bsf,325,50.9,68.4,1,2,,0.0476
traceC,bsf,326,54.8,68.2,1,2,,0.0476
traceC,bsf,327,50.7,68.6,1,2,,0.0476
traceC,bsf,328,54.0,68.1,1,2,,0.0476
traceC,bsf,329,50.5,67.7,1,2,,0.0476
traceC,bsf,330,55.1,67.9,1,2,,0.0476
traceC,bsf,331,50.3,68.1,1,2,,0.0476
traceC,bsf,332,53.9,68.1,1,2,,0.0476
traceC,bsf,333,52.1,68.2,1,2,,0.0476
traceC,bsf,334,50.6,67.8,1,2,,0.0476
traceC,bsf,335,55.1,67.6,1,2,,0.0476
traceC,bsf,336,49.8,68.3,1,2,,0.0476
traceC,bsf,337,53.8,68.0,1,2,,0.0476
traceC,bsf,338,51.2,67.8,1,2,,0.0476
traceC,bsf,339,54.4,68.2,1,2,,0.0476
traceC,bsf,340,50.6,68.0,1,2,,0.0476
traceC,bsf,341,53.8,67.5,1,2,,0.0476
traceC,bsf,342,51.6,68.1,1,2,,0.0476
traceC,bsf,343,50.9,67.8,1,2,,0.0476
traceC,bsf,344,52.6,68.1,1,2,,0.0476
traceC,bsf,345,52.7,67.4,1,2,,0.0476
traceC,bsf,346,51.9,68.2,1,2,,0.0476
traceC,bsf,347,53.1,67.6,1,2,,0.0476
traceC,bsf,348,52.7,67.7,1,2,,0.0476
traceC,bsf,349,52.5,67.9,1,2,,0.0476
traceC,bsf,350,51.9,67.6,1,2,,0.0476
traceC,bsf,351,52.4,67.6,1,2,,0.0476
traceC,bsf,352,51.1,67.9,1,2,,0.0476
traceC,bsf,353,53.8,67.6,1,2,,0.0476
traceC,bsf,354,48.9,67.3,1,2,,0.0476
traceC,bsf,355,64.4,67.9,1,2,,0.0476
traceC,bsf,356,50.9,67.8,1,2,,0.0476
traceC,bsf,357,50.0,67.7,1,2,,0.0476
traceC,bsf,358,53.5,67.6,1,2,,0.0476
traceC,bsf,359,52.5,68.2,1,2,,0.0476
traceC,bsf,360,57.6,67.8,1,2,,0.0476
traceC,bsf,361,47.3,69.1,1,2,,0.0476
traceC,bsf,362,52.4,67.9,1,2,,0.0476
traceC,bsf,363,51.4,67.4,1,2,,0.0476
traceC,bsf,364,51.3,67.9,1,2,,0.0476
traceC,bsf,365,55.8,67.7,1,2,,0.0476
traceC,bsf,366,52.2,67.5,1,2,,0.0476
traceC,bsf,367,54.0,68.0,1,2,,0.0476
traceC,bsf,368,49.4,68.2,1,2,,0.0476
traceC,bsf,369,53.0,67.5,1,2,,0.0476
traceC,bsf,370,51.9,68.0,1,2,,0.0476
traceC,bsf,371,51.9,67.8,1,2,,0.0476
traceC,bsf,372,53.1,67.7,1,2,,0.0476
traceC,bsf,373,52.7,68.1,1,2,,0.0476
traceC,bsf,374,51.8,67.9,1,2,,0.0476
traceC,bsf,375,51.6,67.9,1,2,,0.0476
traceC,bsf,376,54.0,67.9,1,2,,0.0476
traceC,bsf,377,52.7,67.5,1,2,,0.0476
traceC,bsf,378,51.6,67.8,1,2,,0.0476
traceC,bsf,379,52.1,67.5,1,2,,0.0476
traceC,bsf,380,51.5,68.2,1,2,,0.0476
traceC,bsf,381,52.3,68.3,1,2,,0.0476
traceC,bsf,382,51.9,68.2,1,2,,0.0476
traceC,bsf,383,51.8,67.8,1,2,,0.0476
traceC,bsf,384,52.5,67.5,1,2,,0.0476
traceC,bsf,385,52.5,67.9,1,2,,0.0476
traceC,bsf,386,54.1,67.4,1,2,,0.0476
traceC,bsf,387,51.8,67.7,1,2,,0.0476
traceC,bsf,388,52.1,68.0,1,2,,0.0476
traceC,bsf,389,51.6,68.0,1,2,,0.0476
traceC,bsf,390,52.3,67.3,1,2,,0.0476
traceC,bsf,391,52.7,67.6,1,2,,0.0476
traceC,bsf,392,52.3,68.1,1,2,,0.0476
traceC,bsf,393,52.7,68.0,1,2,,0.0476
traceC,bsf,394,52.3,67.6,1,2,,0.0476
traceC,bsf,395,50.8,68.1,1,2,,0.0476
traceC,bsf,396,53.2,67.8,1,2,,0.0476
traceC,bsf,397,53.0,67.5,1,2,,0.0476
traceC,bsf,398,57.5,68.3,1,2,,0.0476
traceC,bsf,399,47.7,67.4,1,2,,0.0476
traceC,bsf,400,51.8,67.8,1,2,,0.0476
traceC,bsf,401,53.4,67.9,1,2,,0.0476
traceC,bsf,402,54.8,67.6,1,2,,0.0476
traceC,bsf,403,53.1,68.1,1,2,,0.0476
traceC,bsf,404,47.9,67.6,1,2,,0.0476
traceC,bsf,405,51.0,67.4,1,2,,0.0476
traceC,bsf,406,53.4,67.8,1,2,,0.0476
traceC,bsf,407,52.5,68.1,1,2,,0.0476
traceC,bsf,408,53.2,93.4,1,3,,0.0476
traceC,bsf,409,51.8,68.3,1,2,,0.0476
traceC,bsf,410,52.5,68.3,1,2,,0.0476
traceC,bsf,411,51.5,68.0,1,2,,0.0476
traceC,bsf,412,55.8,68.2,1,2,,0.0476
traceC,bsf,413,49.6,67.8,1,2,,0.0476
traceC,bsf,414,52.5,68.2,1,2,,0.0476
traceC,bsf,415,53.8,93.5,1,3,,0.0476
traceC,bsf,416,51.8,69.1,1,2,,0.0476
traceC,bsf,417,52.6,67.4,1,2,,0.0476
traceC,bsf,418,51.0,68.0,1,2,,0.0476
traceC,bsf,419,53.6,67.7,1,2,,0.0476
traceC,bsf,420,51.8,67.5,1,2,,0.0476
traceC,bsf,421,51.1,67.4,1,2,,0.0476
traceC,bsf,422,53.1,68.4,1,2,,0.0476
traceC,bsf,423,51.9,68.0,1,2,,0.0476
traceC,bsf,424,52.6,68.0,1,2,,0.0476
traceC,bsf,425,51.7,67.5,1,2,,0.0476
traceC,bsf,426,52.5,67.5,1,2,,0.0476
traceC,bsf,427,51.9,67.9,1,2,,0.0476
traceC,bsf,428,52.4,67.7,1,2,,0.0476
traceC,bsf,429,52.6,67.4,1,2,,0.0476
traceC,bsf,430,52.4,93.4,1,3,,0.0476
traceC,bsf,431,52.3,69.4,1,2,,0.0476
traceC,bsf,432,52.3,68.1,1,2,,0.0476
traceC,bsf,433,52.2,68.1,1,2,,0.0476
traceC,bsf,434,53.4,68.4,1,2,,0.0476
traceC,bsf,435,51.8,68.7,1,2,,0.0476
traceC,bsf,436,54.4,67.6,1,2,,0.0476
traceC,bsf,437,51.6,67.7,1,2,,0.0476
traceC,bsf,438,51.0,67.6,1,2,,0.0476
traceC,bsf,439,52.3,68.0,1,2,,0.0476
traceC,bsf,440,52.3,68.1,1,2,,0.0476
traceC,bsf,441,53.0,67.5,1,2,,0.0476
traceC,bsf,442,50.7,68.2,1,2,,0.0476
traceC,bsf,443,53.9,68.2,1,2,,0.0476
traceC,bsf,444,51.6,67.6,1,2,,0.0476
traceC,bsf,445,53.3,67.9,1,2,,0.0476
traceC,bsf,446,51.3,67.9,1,2,,0.0476
traceC,bsf,447,51.5,67.6,1,2,,0.0476
traceC,bsf,448,53.4,67.4,1,2,,0.0476
traceC,bsf,449,52.5,68.3,1,2,,0.0476
traceC,bsf,450,53.7,67.6,1,2,,0.0476
traceC,bsf,451,51.3,68.2,1,2,,0.0476
traceC,bsf,452,52.0,67.5,1,2,,0.0476
traceC,bsf,453,53.5,67.8,1,2,,0.0476
traceC,bsf,454,50.6,94.4,1,3,,0.0476
traceC,bsf,455,52.6,68.4,1,2,,0.0476
traceC,bsf,456,51.3,67.8,1,2,,0.0476
traceC,bsf,457,54.1,67.9,1,2,,0.0476
traceC,bsf,458,52.8,68.1,1,2,,0.0476
traceC,bsf,459,52.2,68.1,1,2,,0.0476
traceC,bsf,460,51.9,67.8,1,2,,0.0476
traceC,bsf,461,52.8,67.7,1,2,,0.0476
traceC,bsf,462,54.8,67.5,1,2,,0.0476
traceC,bsf,463,48.9,68.0,1,2,,0.0476
traceC,bsf,464,52.0,69.2,1,2,,0.0476
traceC,bsf,465,51.6,69.5,1,2,,0.0476
traceC,bsf,466,54.5,67.5,1,2,,0.0476
traceC,bsf,467,52.2,68.1,1,2,,0.0476
traceC,bsf,468,51.7,67.7,1,2,,0.0476
traceC,bsf,469,54.9,68.5,1,2,,0.0476
traceC,bsf,470,50.6,67.9,1,2,,0.0476
traceC,bsf,471,51.4,68.2,1,2,,0.0476
traceC,bsf,472,53.1,69.7,1,2,,0.0476
traceC,bsf,473,54.9,69.2,1,2,,0.0476
traceC,bsf,474,53.1,69.0,1,2,,0.0476
traceC,bsf,475,49.4,68.8,1,2,,0.0476
traceC,bsf,476,51.9,69.2,1,2,,0.0476
traceC,bsf,477,52.6,69.1,1,2,,0.0476
traceC,bsf,478,53.5,69.5,1,2,,0.0476
traceC,bsf,479,50.8,68.2,1,2,,0.0476
traceC,bsf,480,52.5,67.9,1,2,,0.0476
traceC,bsf,481,52.9,67.5,1,2,,0.0476
traceC,bsf,482,51.6,67.4,1,2,,0.0476
traceC,bsf,483,53.7,68.3,1,2,,0.0476
traceC,bsf,484,51.0,67.7,1,2,,0.0476
traceC,bsf,485,52.8,67.8,1,2,,0.0476
traceC,bsf,486,53.6,68.0,1,2,,0.0476
traceC,bsf,487,50.8,67.6,1,2,,0.0476
traceC,bsf,488,51.1,68.4,1,2,,0.0476
traceC,bsf,489,53.6,68.1,1,2,,0.0476
traceC,bsf,490,52.1,67.9,1,2,,0.0476
traceC,bsf,491,51.8,68.0,1,2,,0.0476
traceC,bsf,492,53.1,68.2,1,2,,0.0476
traceC,bsf,493,51.6,67.9,1,2,,0.0476
traceC,bsf,494,54.0,67.7,1,2,,0.0476
traceC,bsf,495,51.5,67.8,1,2,,0.0476
traceC,bsf,496,52.4,67.5,1,2,,0.0476
traceC,bsf,497,51.8,68.1,1,2,,0.0476
traceC,bsf,498,53.4,68.0,1,2,,0.0476
traceC,bsf,499,51.5,67.4,1,2,,0.0476
traceC,bsf,500,54.2,67.7,1,2,,0.0476
traceC,bsf,501,52.2,67.6,1,2,,0.0476
traceC,bsf,502,50.8,67.4,1,2,,0.0476
traceC,bsf,503,52.5,67.9,1,2,,0.0476
traceC,bsf,504,53.0,67.8,1,2,,0.0476
traceC,bsf,505,54.2,92.8,1,3,,0.0476
traceC,bsf,506,49.6,68.5,1,2,,0.0476
traceC,bsf,507,52.4,68.2,1,2,,0.0476
traceC,bsf,508,57.0,68.5,1,2,,0.0476
traceC,bsf,509,49.1,93.2,1,3,,0.0476
traceC,bsf,510,51.0,68.1,1,2,,0.0476
traceC,bsf,511,52.4,67.5,1,2,,0.0476
traceC,bsf,512,51.7,67.4,1,2,,0.0476
traceC,bsf,513,55.5,67.8,1,2,,0.0476
traceC,bsf,514,48.4,67.7,1,2,,0.0476
traceC,bsf,515,55.1,68.0,1,2,,0.0476
traceC,bsf,516,51.9,67.6,1,2,,0.0476
traceC,bsf,517,51.0,67.4,1,2,,0.0476
traceC,bsf,518,53.7,67.7,1,2,,0.0476
traceC,bsf,519,52.6,67.9,1,2,,0.0476
traceC,bsf,520,51.1,93.2,1,3,,0.0476
traceC,bsf,521,52.2,68.0,1,2,,0.0476
traceC,bsf,522,55.4,94.1,1,3,,0.0476
traceC,bsf,523,50.6,68.1,1,2,,0.0476
traceC,bsf,524,52.7,67.9,1,2,,0.0476
traceC,bsf,525,54.6,93.3,1,3,,0.0476
traceC,bsf,526,47.9,68.0,1,2,,0.0476
traceC,bsf,527,53.3,69.3,1,2,,0.0476
traceC,bsf,528,52.0,93.4,1,3,,0.0476
traceC,bsf,529,52.5,69.5,1,2,,0.0476
traceC,bsf,530,53.2,94.8,1,3,,0.0476
traceC,bsf,531,53.1,69.2,1,2,,0.0476
traceC,bsf,532,50.9,67.8,1,2,,0.0476
traceC,bsf,533,53.8,93.3,1,3,,0.0476
traceC,bsf,534,51.7,69.2,1,2,,0.0476
traceC,bsf,535,52.4,67.6,1,2,,0.0476
traceC,bsf,536,51.3,67.9,1,2,,0.0476
traceC,bsf,537,55.8,68.0,1,2,,0.0476
traceC,bsf,538,49.4,67.6,1,2,,0.0476
traceC,bsf,539,51.9,69.2,1,2,,0.0476
traceC,bsf,540,53.2,68.0,1,2,,0.0476
traceC,bsf,541,51.8,68.7,1,2,,0.0476
traceC,bsf,542,52.4,70.0,1,2,,0.0476
traceC,bsf,543,53.4,67.9,1,2,,0.0476
traceC,bsf,544,51.8,68.5,1,2,,0.0476
traceC,bsf,545,53.3,68.2,1,2,,0.0476
traceC,bsf,546,54.7,68.7,1,2,,0.0476
traceC,bsf,547,51.5,67.9,1,2,,0.0476
traceC,bsf,548,50.3,68.5,1,2,,0.0476
traceC,bsf,549,54.8,93.4,1,3,,0.0476
traceC,bsf,550,48.2,69.0,1,2,,0.0476
traceC,bsf,551,55.4,68.1,1,2,,0.0476
traceC,bsf,552,50.9,68.4,1,2,,0.0476
traceC,bsf,553,52.2,68.6,1,2,,0.0476
traceC,bsf,554,52.0,67.9,1,2,,0.0476
traceC,bsf,555,52.5,93.5,1,3,,0.0476
traceC,bsf,556,53.7,69.1,1,2,,0.0476
traceC,bsf,557,53.1,68.0,1,2,,0.0476
traceC,bsf,558,50.2,68.6,1,2,,0.0476
traceC,bsf,559,52.4,67.6,1,2,,0.0476
traceC,bsf,560,52.8,67.7,1,2,,0.0476
traceC,bsf,561,52.6,67.9,1,2,,0.0476
traceC,bsf,562,52.3,68.4,1,2,,0.0476
traceC,bsf,563,52.8,67.4,1,2,,0.0476
traceC,bsf,564,51.3,68.3,1,2,,0.0476
traceC,bsf,565,53.8,67.8,1,2,,0.0476
traceC,bsf,566,51.2,67.6,1,2,,0.0476
traceC,bsf,567,50.8,68.1,1,2,,0.0476
traceC,bsf,568,54.3,67.7,1,2,,0.0476
traceC,bsf,569,53.0,93.4,1,3,,0.0476
traceC,bsf,570,50.0,68.8,1,2,,0.0476
traceC,bsf,571,54.1,67.9,1,2,,0.0476
traceC,bsf,572,52.7,67.6,1,2,,0.0476
traceC,bsf,573,51.9,67.8,1,2,,0.0476
traceC,bsf,574,51.0,67.9,1,2,,0.0476
traceC,bsf,575,56.5,68.5,1,2,,0.0476
traceC,bsf,576,49.3,67.9,1,2,,0.0476
traceC,bsf,577,54.5,68.0,1,2,,0.0476
traceC,bsf,578,50.1,68.8,1,2,,0.0476
traceC,bsf,579,53.1,68.8,1,2,,0.0476
traceC,bsf,580,50.8,67.6,1,2,,0.0476
traceC,bsf,581,54.5,68.1,1,2,,0.0476
traceC,bsf,582,50.7,67.7,1,2,,0.0476
traceC,bsf,583,56.2,67.8,1,2,,0.0476
traceC,bsf,584,49.9,67.9,1,2,,0.0476
traceC,bsf,585,51.8,67.6,1,2,,0.0476
traceC,bsf,586,53.1,68.0,1,2,,0.0476
traceC,bsf,587,51.9,67.4,1,2,,0.0476
traceC,bsf,588,53.0,67.5,1,2,,0.0476
traceC,bsf,589,52.2,67.5,1,2,,0.0476
traceC,bsf,590,53.6,67.7,1,2,,0.0476
traceC,bsf,591,53.3,67.4,1,2,,0.0476
traceC,bsf,592,52.2,67.6,1,2,,0.0476
traceC,bsf,593,48.1,68.1,1,2,,0.0476
traceC,bsf,594,52.5,67.6,1,2,,0.0476
traceC,bsf,595,54.3,67.8,1,2,,0.0476
traceC,bsf,596,52.4,67.7,1,2,,0.0476
traceC,bsf,597,50.5,68.2,1,2,,0.0476
traceC,bsf,598,53.4,68.9,1,2,,0.0476
traceC,bsf,599,53.3,68.7,1,2,,0.0476
traceC,bsf,600,51.2,68.8,1,2,,0.0476
traceC,bsf,601,52.4,68.5,1,2,,0.0476
traceC,bsf,602,51.8,68.9,1,2,,0.0476
traceC,bsf,603,55.4,67.8,1,2,,0.0476
traceC,bsf,604,49.2,68.0,1,2,,0.0476
traceC,bsf,605,51.5,67.7,1,2,,0.0476
traceC,bsf,606,53.4,67.9,1,2,,0.0476
traceC,bsf,607,52.7,67.4,1,2,,0.0476
traceC,bsf,608,52.3,67.8,1,2,,0.0476
traceC,bsf,609,51.2,68.1,1,2,,0.0476
traceC,bsf,610,54.2,67.5,1,2,,0.0476
traceC,bsf,611,52.1,67.6,1,2,,0.0476
traceC,bsf,612,51.7,67.7,1,2,,0.0476
traceC,bsf,613,52.4,68.1,1,2,,0.0476
traceC,bsf,614,53.2,67.7,1,2,,0.0476
traceC,bsf,615,50.6,67.5,1,2,,0.0476
traceC,bsf,616,58.4,67.7,1,2,,0.0476
traceC,bsf,617,47.3,67.4,1,2,,0.0476
traceC,bsf,618,53.4,67.5,1,2,,0.0476
traceC,bsf,619,51.7,68.0,1,2,,0.0476
traceC,bsf,620,53.8,67.8,1,2,,0.0476
traceC,bsf,621,50.0,67.5,1,2,,0.0476
traceC,bsf,622,53.5,67.4,1,2,,0.0476
traceC,bsf,623,53.9,67.4,1,2,,0.0476
traceC,bsf,624,51.7,67.4,1,2,,0.0476
traceC,bsf,625,50.4,67.7,1,2,,0.0476
traceC,bsf,626,52.9,67.4,1,2,,0.0476
traceC,bsf,627,52.2,67.8,1,2,,0.0476
traceC,bsf,628,52.2,67.9,1,2,,0.0476
traceC,bsf,629,53.4,67.7,1,2,,0.0476
traceC,bsf,630,52.9,67.6,1,2,,0.0476
traceC,bsf,631,52.5,67.5,1,2,,0.0476
traceC,bsf,632,52.6,67.6,1,2,,0.0476
traceC,bsf,633,50.9,67.5,1,2,,0.0476
traceC,bsf,634,53.3,68.1,1,2,,0.0476
traceC,bsf,635,51.4,67.6,1,2,,0.0476
traceC,bsf,636,52.3,68.0,1,2,,0.0476
traceC,bsf,637,52.0,67.5,1,2,,0.0476
traceC,bsf,638,52.8,67.6,1,2,,0.0476
traceC,bsf,639,53.0,67.8,1,2,,0.0476
traceC,bsf,640,50.3,94.2,1,3,,0.0476
traceC,bsf,641,54.5,68.3,1,2,,0.0476
traceC,bsf,642,52.3,67.6,1,2,,0.0476
traceC,bsf,643,51.8,67.5,1,2,,0.0476
traceC,bsf,644,53.0,67.3,1,2,,0.0476
traceC,bsf,645,51.1,67.6,1,2,,0.0476
traceC,bsf,646,54.6,92.9,1,3,,0.0476
traceC,bsf,647,51.8,67.5,1,2,,0.0476
traceC,bsf,648,51.0,67.6,1,2,,0.0476
traceC,bsf,649,54.2,67.4,1,2,,0.0476
traceC,bsf,650,52.1,93.2,1,3,,0.0476
traceC,bsf,651,52.0,68.7,1,2,,0.0476
traceC,bsf,652,51.8,68.3,1,2,,0.0476
traceC,bsf,653,51.3,67.5,1,2,,0.0476
traceC,bsf,654,54.1,93.2,1,3,,0.0476
traceC,bsf,655,54.7,68.2,1,2,,0.0476
traceC,bsf,656,50.2,67.3,1,2,,0.0476
traceC,bsf,657,50.6,67.8,1,2,,0.0476
traceC,bsf,658,53.0,67.8,1,2,,0.0476
traceC,bsf,659,51.6,67.6,1,2,,0.0476
traceC,bsf,660,52.6,92.7,1,3,,0.0476
traceC,bsf,661,53.1,67.5,1,2,,0.0476
traceC,bsf,662,52.6,67.4,1,2,,0.0476
traceC,bsf,663,53.9,67.5,1,2,,0.0476
traceC,bsf,664,51.5,68.0,1,2,,0.0476
traceC,bsf,665,52.1,67.5,1,2,,0.0476
traceC,bsf,666,51.2,67.5,1,2,,0.0476
traceC,bsf,667,51.8,93.5,1,3,,0.0476
traceC,bsf,668,53.8,68.0,1,2,,0.0476
traceC,bsf,669,52.3,92.8,1,3,,0.0476
traceC,bsf,670,47.7,68.2,1,2,,0.0476
traceC,bsf,671,39.6,67.4,1,2,,0.0476
traceC,bsf,672,48.3,67.5,1,2,,0.0476
traceC,bsf,673,52.0,67.8,1,2,,0.0476
traceC,bsf,674,54.3,67.5,1,2,,0.0476
traceC,bsf,675,50.4,67.9,1,2,,0.0476
traceC,bsf,676,52.0,67.3,1,2,,0.0476
traceC,bsf,677,50.7,67.4,1,2,,0.0476
traceC,bsf,678,53.4,93.2,1,3,,0.0476
traceC,bsf,679,52.0,68.1,1,2,,0.0476
traceC,bsf,680,52.2,67.7,1,2,,0.0476
traceC,bsf,681,52.5,93.3,1,3,,0.0476
traceC,bsf,682,52.8,67.9,1,2,,0.0476
traceC,bsf,683,52.4,67.5,1,2,,0.0476
traceC,bsf,684,52.7,93.2,1,3,,0.0476
traceC,bsf,685,52.7,68.4,1,2,,0.0476
traceC,bsf,686,51.0,67.6,1,2,,0.0476
traceC,bsf,687,53.7,67.4,1,2,,0.0476
traceC,bsf,688,53.0,67.8,1,2,,0.0476
traceC,bsf,689,49.5,93.2,1,3,,0.0476
traceC,bsf,690,55.0,68.1,1,2,,0.0476
traceC,bsf,691,53.2,68.3,1,2,,0.0476
traceC,bsf,692,51.8,67.6,1,2,,0.0476
traceC,bsf,693,52.8,67.9,1,2,,0.0476
traceC,bsf,694,51.3,67.6,1,2,,0.0476
traceC,bsf,695,52.4,67.8,1,2,,0.0476
traceC,bsf,696,51.8,67.7,1,2,,0.0476
traceC,bsf,697,53.0,67.5,1,2,,0.0476
traceC,bsf,698,51.4,68.0,1,2,,0.0476
traceC,bsf,699,53.4,68.4,1,2,,0.0476
traceC,bsf,700,50.8,68.4,1,2,,0.0476
traceC,bsf,701,53.1,68.2,1,2,,0.0476
traceC,bsf,702,52.2,68.3,1,2,,0.0476
traceC,bsf,703,51.2,69.1,1,2,,0.0476
traceC,bsf,704,53.9,68.3,1,2,,0.0476
traceC,bsf,705,53.9,68.3,1,2,,0.0476
traceC,bsf,706,51.8,68.6,1,2,,0.0476
traceC,bsf,707,50.2,69.7,1,2,,0.0476
traceC,bsf,708,54.7,68.3,1,2,,0.0476
traceC,bsf,709,53.6,68.5,1,2,,0.0476
traceC,bsf,710,49.9,68.0,1,2,,0.0476
traceC,bsf,711,52.1,67.4,1,2,,0.0476
traceC,bsf,712,53.2,67.6,1,2,,0.0476
traceC,bsf,713,52.7,68.0,1,2,,0.0476
traceC,bsf,714,52.2,67.8,1,2,,0.0476
traceC,bsf,715,51.6,68.0,1,2,,0.0476
traceC,bsf,716,52.7,67.7,1,2,,0.0476
traceC,bsf,717,52.4,67.7,1,2,,0.0476
traceC,bsf,718,51.4,67.9,1,2,,0.0476
traceC,bsf,719,56.5,67.9,1,2,,0.0476
traceC,bsf,720,48.2,68.3,1,2,,0.0476
traceC,bsf,721,54.1,67.9,1,2,,0.0476
traceC,bsf,722,54.8,68.9,1,2,,0.0476
traceC,bsf,723,49.2,68.6,1,2,,0.0476
traceC,bsf,724,51.9,68.4,1,2,,0.0476
traceC,bsf,725,52.7,68.0,1,2,,0.0476
traceC,bsf,726,52.2,68.0,1,2,,0.0476
traceC,bsf,727,51.4,67.9,1,2,,0.0476
traceC,bsf,728,52.6,68.2,1,2,,0.0476
traceC,bsf,729,51.8,67.6,1,2,,0.0476
traceC,bsf,730,54.3,67.9,1,2,,0.0476
traceC,bsf,731,51.7,68.2,1,2,,0.0476
traceC,bsf,732,52.5,68.3,1,2,,0.0476
traceC,bsf,733,51.5,68.4,1,2,,0.0476
traceC,bsf,734,53.5,67.8,1,2,,0.0476
traceC,bsf,735,52.5,67.9,1,2,,0.0476
traceC,bsf,736,51.3,67.7,1,2,,0.0476
traceC,bsf,737,52.2,68.2,1,2,,0.0476
traceC,bsf,738,52.2,67.8,1,2,,0.0476
traceC,bsf,739,52.6,67.9,1,2,,0.0476
traceC,bsf,740,55.5,68.0,1,2,,0.0476
traceC,bsf,741,49.7,68.1,1,2,,0.0476
traceC,bsf,742,56.1,67.7,1,2,,0.0476
traceC,bsf,743,48.3,67.8,1,2,,0.0476
traceC,bsf,744,53.4,68.5,1,2,,0.0476
traceC,bsf,745,51.9,67.7,1,2,,0.0476
traceC,bsf,746,52.3,68.1,1,2,,0.0476
traceC,bsf,747,53.0,67.9,1,2,,0.0476
traceC,bsf,748,51.9,68.4,1,2,,0.0476
traceC,bsf,749,55.0,67.4,1,2,,0.0476
traceC,bsf,750,52.2,67.9,1,2,,0.0476
traceC,bsf,751,53.5,67.8,1,2,,0.0476
traceC,bsf,752,51.6,68.0,1,2,,0.0476
traceC,bsf,753,49.0,67.6,1,2,,0.0476
traceC,bsf,754,52.2,68.1,1,2,,0.0476
traceC,bsf,755,52.7,68.1,1,2,,0.0476
traceC,bsf,756,52.7,67.9,1,2,,0.0476
traceC,bsf,757,52.5,68.0,1,2,,0.0476
traceC,bsf,758,50.8,67.5,1,2,,0.0476
traceC,bsf,759,57.1,68.2,1,2,,0.0476
traceC,bsf,760,50.8,67.4,1,2,,0.0476
traceC,bsf,761,49.5,68.5,1,2,,0.0476
traceC,bsf,762,52.4,68.3,1,2,,0.0476
traceC,bsf,763,52.2,67.4,1,2,,0.0476
traceC,bsf,764,53.4,67.4,1,2,,0.0476
traceC,bsf,765,52.8,68.0,1,2,,0.0476
traceC,bsf,766,52.1,67.9,1,2,,0.0476
traceC,bsf,767,51.1,67.6,1,2,,0.0476
traceC,bsf,768,52.8,94.1,1,3,,0.0476
traceC,bsf,769,52.4,68.2,1,2,,0.0476
traceC,bsf,770,52.6,94.0,1,3,,0.0476
traceC,bsf,771,52.3,68.5,1,2,,0.0476
traceC,bsf,772,52.5,68.0,1,2,,0.0476
traceC,bsf,773,52.0,67.9,1,2,,0.0476
traceC,bsf,774,53.0,68.6,1,2,,0.0476
traceC,bsf,775,51.6,67.9,1,2,,0.0476
traceC,bsf,776,52.0,67.9,1,2,,0.0476
traceC,bsf,777,56.5,68.1,1,2,,0.0476
traceC,bsf,778,48.6,68.0,1,2,,0.0476
traceC,bsf,779,53.4,67.9,1,2,,0.0476
traceC,bsf,780,52.6,68.3,1,2,,0.0476
traceC,bsf,781,51.9,67.7,1,2,,0.0476
traceC,bsf,782,50.4,67.8,1,2,,0.0476
traceC,bsf,783,54.6,67.9,1,2,,0.0476
traceC,bsf,784,51.4,67.6,1,2,,0.0476
traceC,bsf,785,52.1,67.9,1,2,,0.0476
traceC,bsf,786,52.6,68.3,1,2,,0.0476
traceC,bsf,787,51.6,68.0,1,2,,0.0476
traceC,bsf,788,54.4,93.6,1,3,,0.0476
traceC,bsf,789,50.2,68.2,1,2,,0.0476
traceC,bsf,790,54.3,67.8,1,2,,0.0476
traceC,bsf,791,51.0,68.1,1,2,,0.0476
traceC,bsf,792,52.6,67.8,1,2,,0.0476
traceC,bsf,793,52.7,67.9,1,2,,0.0476
traceC,bsf,794,51.6,67.5,1,2,,0.0476
traceC,bsf,795,54.2,68.6,1,2,,0.0476
traceC,bsf,796,51.1,69.3,1,2,,0.0476
traceC,bsf,797,52.2,67.9,1,2,,0.0476
traceC,bsf,798,51.6,67.9,1,2,,0.0476
traceC,bsf,799,52.4,68.3,1,2,,0.0476
traceC,bsf,800,53.1,68.4,1,2,,0.0476
traceC,bsf,801,53.0,68.2,1,2,,0.0476
traceC,bsf,802,51.3,68.4,1,2,,0.0476
traceC,bsf,803,52.2,68.2,1,2,,0.0476
traceC,bsf,804,53.8,68.6,1,2,,0.0476
traceC,bsf,805,51.5,67.9,1,2,,0.0476
traceC,bsf,806,53.7,67.5,1,2,,0.0476
traceC,bsf,807,50.3,67.7,1,2,,0.0476
traceC,bsf,808,56.7,67.6,1,2,,0.0476
traceC,bsf,809,48.2,68.1,1,2,,0.0476
traceC,bsf,810,53.5,67.9,1,2,,0.0476
traceC,bsf,811,51.2,67.5,1,2,,0.0476
traceC,bsf,812,52.5,68.1,1,2,,0.0476
traceC,bsf,813,52.5,67.8,1,2,,0.0476
traceC,bsf,814,52.9,68.6,1,2,,0.0476
traceC,bsf,815,54.8,68.2,1,2,,0.0476
traceC,bsf,816,51.7,67.8,1,2,,0.0476
traceC,bsf,817,49.1,68.3,1,2,,0.0476
traceC,bsf,818,55.9,68.6,1,2,,0.0476
traceC,bsf,819,50.3,68.1,1,2,,0.0476
traceC,bsf,820,52.3,67.6,1,2,,0.0476
traceC,bsf,821,52.6,94.0,1,3,,0.0476
traceC,bsf,822,51.6,94.5,1,3,,0.0476
traceC,bsf,823,52.8,68.7,1,2,,0.0476
traceC,bsf,824,52.7,68.9,1,2,,0.0476
traceC,bsf,825,51.6,67.9,1,2,,0.0476
traceC,bsf,826,53.0,93.9,1,3,,0.0476
traceC,bsf,827,52.6,68.9,1,2,,0.0476
traceC,bsf,828,50.7,67.8,1,2,,0.0476
traceC,bsf,829,52.6,68.0,1,2,,0.0476
traceC,bsf,830,52.9,68.4,1,2,,0.0476
traceC,bsf,831,53.0,67.7,1,2,,0.0476
traceC,bsf,832,53.9,67.8,1,2,,0.0476
traceC,bsf,833,50.2,67.8,1,2,,0.0476
traceC,bsf,834,54.0,67.8,1,2,,0.0476
traceC,bsf,835,52.4,68.0,1,2,,0.0476
traceC,bsf,836,49.9,67.9,1,2,,0.0476
traceC,bsf,837,53.8,68.0,1,2,,0.0476
traceC,bsf,838,52.9,67.4,1,2,,0.0476
traceC,bsf,839,51.2,67.8,1,2,,0.0476
traceC,bsf,840,55.9,68.5,1,2,,0.0476
traceC,bsf,841,50.9,68.3,1,2,,0.0476
traceC,bsf,842,51.3,67.6,1,2,,0.0476
traceC,bsf,843,51.8,67.9,1,2,,0.0476
traceC,bsf,844,52.2,68.0,1,2,,0.0476
traceC,bsf,845,51.9,68.2,1,2,,0.0476
traceC,bsf,846,53.9,68.2,1,2,,0.0476
traceC,bsf,847,52.4,68.1,1,2,,0.0476
traceC,bsf,848,53.2,67.6,1,2,,0.0476
traceC,bsf,849,51.2,68.1,1,2,,0.0476
traceC,bsf,850,54.8,67.5,1,2,,0.0476
traceC,bsf,851,50.0,68.0,1,2,,0.0476
traceC,bsf,852,51.4,67.6,1,2,,0.0476
traceC,bsf,853,55.1,67.9,1,2,,0.0476
traceC,bsf,854,48.2,67.6,1,2,,0.0476
traceC,bsf,855,54.3,68.7,1,2,,0.0476
traceC,bsf,856,51.6,67.8,1,2,,0.0476
traceC,bsf,857,53.6,68.0,1,2,,0.0476
traceC,bsf,858,51.2,67.7,1,2,,0.0476
traceC,bsf,859,51.8,68.3,1,2,,0.0476
traceC,bsf,860,55.2,68.1,1,2,,0.0476
traceC,bsf,861,49.9,67.6,1,2,,0.0476
traceC,bsf,862,51.8,68.2,1,2,,0.0476
traceC,bsf,863,53.2,68.0,1,2,,0.0476
traceC,bsf,864,55.3,67.7,1,2,,0.0476
traceC,bsf,865,50.6,68.3,1,2,,0.0476
traceC,bsf,866,50.7,68.1,1,2,,0.0476
traceC,bsf,867,54.1,68.5,1,2,,0.0476
traceC,bsf,868,50.9,68.7,1,2,,0.0476
traceC,bsf,869,53.2,69.2,1,2,,0.0476
traceC,bsf,870,56.4,67.6,1,2,,0.0476
traceC,bsf,871,49.2,68.8,1,2,,0.0476
traceC,bsf,872,52.2,67.9,1,2,,0.0476
traceC,bsf,873,51.4,68.3,1,2,,0.0476
traceC,bsf,874,53.2,67.9,1,2,,0.0476
traceC,bsf,875,53.1,68.4,1,2,,0.0476
traceC,bsf,876,51.4,68.1,1,2,,0.0476
traceC,bsf,877,51.7,68.0,1,2,,0.0476
traceC,bsf,878,53.4,67.4,1,2,,0.0476
traceC,bsf,879,51.1,94.0,1,3,,0.0476
traceC,bsf,880,53.2,68.0,1,2,,0.0476
traceC,bsf,881,52.6,68.1,1,2,,0.0476
traceC,bsf,882,51.5,67.7,1,2,,0.0476
traceC,bsf,883,51.9,68.0,1,2,,0.0476
traceC,bsf,884,51.6,68.2,1,2,,0.0476
traceC,bsf,885,53.6,68.1,1,2,,0.0476
traceC,bsf,886,52.0,68.4,1,2,,0.0476
traceC,bsf,887,53.3,67.8,1,2,,0.0476
traceC,bsf,888,54.4,68.1,1,2,,0.0476
traceC,bsf,889,49.4,68.2,1,2,,0.0476
traceC,bsf,890,51.5,67.5,1,2,,0.0476
traceC,bsf,891,53.7,67.8,1,2,,0.0476
traceC,bsf,892,52.1,67.7,1,2,,0.0476
traceC,bsf,893,52.4,67.4,1,2,,0.0476
traceC,bsf,894,51.1,67.7,1,2,,0.0476
traceC,bsf,895,56.9,68.4,1,2,,0.0476
traceC,bsf,896,48.4,68.1,1,2,,0.0476
traceC,bsf,897,52.2,67.9,1,2,,0.0476
traceC,bsf,898,53.0,67.5,1,2,,0.0476
traceC,bsf,899,52.4,67.4,1,2,,0.0476
traceC,bsf,900,56.1,67.8,1,2,,0.0476
traceC,bsf,901,48.8,67.8,1,2,,0.0476
traceC,bsf,902,52.2,68.1,1,2,,0.0476
traceC,bsf,903,52.1,94.3,1,3,,0.0476
traceC,bsf,904,51.1,68.2,1,2,,0.0476
traceC,bsf,905,52.7,68.0,1,2,,0.0476
traceC,bsf,906,53.1,68.1,1,2,,0.0476
traceC,bsf,907,51.3,67.8,1,2,,0.0476
traceC,bsf,908,52.9,68.5,1,2,,0.0476
traceC,bsf,909,52.0,68.6,1,2,,0.0476
traceC,bsf,910,53.9,67.8,1,2,,0.0476
traceC,bsf,911,52.1,68.4,1,2,,0.0476
traceC,bsf,912,52.2,68.1,1,2,,0.0476
traceC,bsf,913,56.0,68.0,1,2,,0.0476
traceC,bsf,914,48.7,68.7,1,2,,0.0476
traceC,bsf,915,51.9,67.7,1,2,,0.0476
traceC,bsf,916,53.0,68.3,1,2,,0.0476
traceC,bsf,917,51.5,68.2,1,2,,0.0476
traceC,bsf,918,52.3,68.0,1,2,,0.0476
traceC,bsf,919,52.1,67.7,1,2,,0.0476
traceC,bsf,920,52.0,68.0,1,2,,0.0476
traceC,bsf,921,55.2,67.6,1,2,,0.0476
traceC,bsf,922,50.1,93.7,1,3,,0.0476
traceC,bsf,923,51.8,69.1,1,2,,0.0476
traceC,bsf,924,55.2,68.3,1,2,,0.0476
traceC,bsf,925,50.6,67.5,1,2,,0.0476
traceC,bsf,926,53.0,68.2,1,2,,0.0476
traceC,bsf,927,54.0,68.4,1,2,,0.0476
traceC,bsf,928,50.9,68.2,1,2,,0.0476
traceC,bsf,929,49.5,67.7,1,2,,0.0476
traceC,bsf,930,55.6,68.3,1,2,,0.0476
traceC,bsf,931,51.6,68.0,1,2,,0.0476
traceC,bsf,932,51.0,67.8,1,2,,0.0476
traceC,bsf,933,52.1,67.7,1,2,,0.0476
traceC,bsf,934,53.0,67.9,1,2,,0.0476
traceC,bsf,935,51.9,67.8,1,2,,0.0476
traceC,bsf,936,54.2,67.5,1,2,,0.0476
traceC,bsf,937,51.3,68.2,1,2,,0.0476
traceC,bsf,938,52.7,67.6,1,2,,0.0476
traceC,bsf,939,51.4,68.1,1,2,,0.0476
traceC,bsf,940,52.5,68.1,1,2,,0.0476
traceC,bsf,941,51.4,68.8,1,2,,0.0476
traceC,bsf,942,53.0,69.2,1,2,,0.0476
traceC,bsf,943,52.1,68.1,1,2,,0.0476
traceC,bsf,944,52.5,67.8,1,2,,0.0476
traceC,bsf,945,53.4,68.0,1,2,,0.0476
traceC,bsf,946,51.0,68.2,1,2,,0.0476
traceC,bsf,947,52.4,67.7,1,2,,0.0476
traceC,bsf,948,53.4,68.1,1,2,,0.0476
traceC,bsf,949,51.4,67.8,1,2,,0.0476
traceC,bsf,950,51.7,67.6,1,2,,0.0476
traceC,bsf,951,53.0,67.7,1,2,,0.0476
traceC,bsf,952,52.9,68.1,1,2,,0.0476
traceC,bsf,953,52.1,68.5,1,2,,0.0476
traceC,bsf,954,52.7,68.0,1,2,,0.0476
traceC,bsf,955,53.4,68.1,1,2,,0.0476
traceC,bsf,956,51.5,68.3,1,2,,0.0476
traceC,bsf,957,52.7,67.6,1,2,,0.0476
traceC,bsf,958,52.0,68.1,1,2,,0.0476
traceC,bsf,959,50.2,67.9,1,2,,0.0476
traceC,bsf,960,52.9,68.0,1,2,,0.0476
traceC,bsf,961,54.2,94.4,1,3,,0.0476
traceC,bsf,962,50.9,68.5,1,2,,0.0476
traceC,bsf,963,53.7,68.7,1,2,,0.0476
traceC,bsf,964,51.1,68.9,1,2,,0.0476
traceC,bsf,965,56.4,68.8,1,2,,0.0476
traceC,bsf,966,47.9,68.4,1,2,,0.0476
traceC,bsf,967,52.0,68.4,1,2,,0.0476
traceC,bsf,968,53.8,67.7,1,2,,0.0476
traceC,bsf,969,52.5,68.0,1,2,,0.0476
traceC,bsf,970,51.1,93.3,1,3,,0.0476
traceC,bsf,971,53.7,68.1,1,2,,0.0476
traceC,bsf,972,51.2,68.3,1,2,,0.0476
traceC,bsf,973,53.4,67.6,1,2,,0.0476
traceC,bsf,974,52.4,68.0,1,2,,0.0476
traceC,bsf,975,50.6,67.5,1,2,,0.0476
traceC,bsf,976,54.1,68.2,1,2,,0.0476
traceC,bsf,977,51.6,67.9,1,2,,0.0476
traceC,bsf,978,52.1,68.5,1,2,,0.0476
traceC,bsf,979,53.4,67.5,1,2,,0.0476
traceC,bsf,980,51.7,94.0,1,3,,0.0476
traceC,bsf,981,51.3,68.3,1,2,,0.0476
traceC,bsf,982,55.2,68.2,1,2,,0.0476
traceC,bsf,983,50.4,67.6,1,2,,0.0476
traceC,bsf,984,52.7,67.9,1,2,,0.0476
traceC,bsf,985,51.5,67.7,1,2,,0.0476
traceC,bsf,986,55.9,68.1,1,2,,0.0476
traceC,bsf,987,50.1,67.9,1,2,,0.0476
traceC,bsf,988,53.6,67.9,1,2,,0.0476
traceC,bsf,989,51.3,67.6,1,2,,0.0476
traceC,bsf,990,52.0,67.9,1,2,,0.0476
traceC,bsf,991,51.0,68.2,1,2,,0.0476
traceC,bsf,992,52.4,94.6,1,3,,0.0476
traceC,bsf,993,52.4,68.4,1,2,,0.0476
traceC,bsf,994,52.0,67.5,1,2,,0.0476
traceC,bsf,995,55.4,67.7,1,2,,0.0476
traceC,bsf,996,50.9,67.6,1,2,,0.0476
traceC,bsf,997,55.6,68.0,1,2,,0.0476
traceC,bsf,998,48.4,67.6,1,2,,0.0476
traceC,bsf,999,52.7,68.1,1,2,,0.0476
traceC,v3,0,56.4,1750.6,1,2,H,1.6133
traceC,v3,1,50.6,70.4,1,2,H,1.6108
traceC,v3,2,50.3,1320.7,1,3,M,1.6084
traceC,v3,3,54.0,83.4,1,4,M,1.6060
traceC,v3,4,52.2,902.6,1,6,L,1.6035
traceC,v3,5,52.1,69.2,1,6,L,1.6011
traceC,v3,6,51.5,69.1,1,6,L,1.5987
traceC,v3,7,51.5,68.9,1,6,L,1.5962
traceC,v3,8,52.3,68.9,1,6,L,1.5938
traceC,v3,9,54.5,68.8,1,6,L,1.5915
traceC,v3,10,51.4,68.9,1,6,L,1.5891
traceC,v3,11,54.0,68.9,1,6,L,1.5868
traceC,v3,12,51.4,68.9,1,6,L,1.5845
traceC,v3,13,52.5,69.0,1,6,L,1.5823
traceC,v3,14,51.7,68.8,1,6,L,1.5801
traceC,v3,15,51.5,68.9,1,6,L,1.5780
traceC,v3,16,53.2,68.9,1,6,L,1.5759
traceC,v3,17,52.2,69.1,1,6,L,1.5739
traceC,v3,18,57.2,69.0,1,6,L,1.5720
traceC,v3,19,48.1,69.2,1,6,L,1.5701
traceC,v3,20,52.3,69.1,1,6,L,1.5683
traceC,v3,21,51.6,69.2,1,6,L,1.5666
traceC,v3,22,53.1,69.1,1,6,L,1.5650
traceC,v3,23,52.4,69.0,1,6,L,1.5635
traceC,v3,24,52.4,68.9,1,6,L,1.5620
traceC,v3,25,53.6,68.9,1,6,L,1.5607
traceC,v3,26,51.3,69.3,1,6,L,1.5595
traceC,v3,27,51.7,69.1,1,6,L,1.5583
traceC,v3,28,52.4,69.3,1,6,L,1.5573
traceC,v3,29,53.5,69.1,1,6,L,1.5564
traceC,v3,30,52.0,68.9,1,6,L,1.5556
traceC,v3,31,53.0,69.0,1,6,L,1.5549
traceC,v3,32,51.4,69.1,1,6,L,1.5543
traceC,v3,33,55.0,69.1,1,6,L,1.5538
traceC,v3,34,51.7,69.3,1,6,L,1.5535
traceC,v3,35,51.8,69.2,1,6,L,1.5533
traceC,v3,36,50.9,69.2,1,6,L,1.5532
traceC,v3,37,55.5,69.2,1,6,L,1.5532
traceC,v3,38,48.6,69.4,1,6,L,1.5533
traceC,v3,39,53.3,69.2,1,6,L,1.5536
traceC,v3,40,52.6,69.4,1,6,L,1.5540
traceC,v3,41,56.0,69.3,1,6,L,1.5545
traceC,v3,42,49.1,69.2,1,6,L,1.5551
traceC,v3,43,52.8,69.4,1,6,L,1.5558
traceC,v3,44,50.9,69.3,1,6,L,1.5567
traceC,v3,45,56.6,69.3,1,6,L,1.5577
traceC,v3,46,49.1,69.3,1,6,L,1.5588
traceC,v3,47,56.1,69.4,1,6,L,1.5600
traceC,v3,48,48.7,69.4,1,6,L,1.5613
traceC,v3,49,53.1,69.4,1,6,L,1.5628
traceC,v3,50,52.1,69.3,1,6,L,1.5643
traceC,v3,51,51.5,69.4,1,6,L,1.5659
traceC,v3,52,52.2,69.4,1,6,L,1.5677
traceC,v3,53,54.2,69.4,1,6,L,1.5695
traceC,v3,54,51.6,69.5,1,6,L,1.5715
traceC,v3,55,52.3,69.4,1,6,L,1.5735
traceC,v3,56,52.6,69.4,1,6,L,1.5756
traceC,v3,57,53.2,69.4,1,6,L,1.5778
traceC,v3,58,52.0,69.4,1,6,L,1.5801
traceC,v3,59,52.6,69.5,1,6,L,1.5824
traceC,v3,60,50.4,69.5,1,6,L,1.5849
traceC,v3,61,52.5,69.5,1,6,L,1.5873
traceC,v3,62,53.0,69.4,1,6,L,1.5899
traceC,v3,63,53.1,69.5,1,6,L,1.5925
traceC,v3,64,52.1,69.6,1,6,L,1.5951
traceC,v3,65,56.9,69.6,1,6,L,1.5978
traceC,v3,66,48.1,69.4,1,6,L,1.6005
traceC,v3,67,52.5,69.3,1,6,L,1.6033
traceC,v3,68,51.7,69.3,1,6,L,1.6061
traceC,v3,69,53.0,69.3,1,6,L,1.6089
traceC,v3,70,52.2,69.3,1,6,L,1.6117
traceC,v3,71,52.5,69.4,1,6,L,1.6146
traceC,v3,72,51.9,69.3,1,6,L,1.6174
traceC,v3,73,52.5,69.5,1,6,L,1.6202
traceC,v3,74,51.5,69.6,1,6,L,1.6231
traceC,v3,75,53.7,69.6,1,6,L,1.6259
traceC,v3,76,51.1,69.5,1,6,L,1.6287
traceC,v3,77,54.2,69.7,1,6,L,1.6315
traceC,v3,78,51.3,69.6,1,6,L,1.6342
traceC,v3,79,51.9,69.7,1,6,L,1.6369
traceC,v3,80,54.4,69.6,1,6,L,1.6396
traceC,v3,81,51.0,69.7,1,6,L,1.6422
traceC,v3,82,52.1,69.5,1,6,L,1.6448
traceC,v3,83,53.5,69.7,1,6,L,1.6473
traceC,v3,84,51.6,69.7,1,6,L,1.6497
traceC,v3,85,52.6,69.6,1,6,L,1.6521
traceC,v3,86,52.4,69.6,1,6,L,1.6543
traceC,v3,87,52.2,69.6,1,6,L,1.6565
traceC,v3,88,54.8,69.5,1,6,L,1.6587
traceC,v3,89,50.3,69.6,1,6,L,1.6607
traceC,v3,90,52.0,69.6,1,6,L,1.6626
traceC,v3,91,53.9,69.6,1,6,L,1.6644
traceC,v3,92,52.2,69.6,1,6,L,1.6661
traceC,v3,93,51.7,69.5,1,6,L,1.6677
traceC,v3,94,52.9,69.6,1,6,L,1.6692
traceC,v3,95,54.1,69.7,1,6,L,1.6705
traceC,v3,96,51.1,69.5,1,6,L,1.6717
traceC,v3,97,51.2,69.6,1,6,L,1.6728
traceC,v3,98,51.9,69.7,1,6,L,1.6738
traceC,v3,99,52.5,69.8,1,6,L,1.6746
traceC,v3,100,55.0,69.7,1,6,L,1.6752
traceC,v3,101,50.0,69.6,1,6,L,1.6757
traceC,v3,102,52.4,69.6,1,6,L,1.6761
traceC,v3,103,50.3,69.6,1,6,L,1.6763
traceC,v3,104,52.1,69.6,1,6,L,1.6763
traceC,v3,105,52.9,69.7,1,6,L,1.6762
traceC,v3,106,55.0,69.7,1,6,L,1.6759
traceC,v3,107,49.7,69.7,1,6,L,1.6754
traceC,v3,108,55.4,69.7,1,6,L,1.6747
traceC,v3,109,50.2,69.7,1,6,L,1.6739
traceC,v3,110,51.8,69.7,1,6,L,1.6729
traceC,v3,111,51.0,69.7,1,6,L,1.6717
traceC,v3,112,53.7,69.7,1,6,L,1.6703
traceC,v3,113,52.9,69.6,1,6,L,1.6688
traceC,v3,114,52.6,69.7,1,6,L,1.6670
traceC,v3,115,51.3,69.6,1,6,L,1.6650
traceC,v3,116,53.6,69.6,1,6,L,1.6629
traceC,v3,117,52.0,70.3,1,6,L,1.6606
traceC,v3,118,52.3,70.1,1,6,L,1.6580
traceC,v3,119,50.4,70.3,1,6,L,1.6553
traceC,v3,120,52.5,70.3,1,6,L,1.6524
traceC,v3,121,54.1,70.4,1,6,L,1.6492
traceC,v3,122,50.5,69.7,1,6,L,1.6459
traceC,v3,123,52.8,69.9,1,6,L,1.6424
traceC,v3,124,52.3,69.6,1,6,L,1.6387
traceC,v3,125,52.9,69.6,1,6,L,1.6347
traceC,v3,126,54.8,69.6,1,6,L,1.6306
traceC,v3,127,49.5,69.6,1,6,L,1.6263
traceC,v3,128,52.5,69.6,1,6,L,1.6218
traceC,v3,129,56.9,69.7,1,6,L,1.6171
traceC,v3,130,47.4,69.5,1,6,L,1.6121
traceC,v3,131,51.5,69.7,1,6,L,1.6070
traceC,v3,132,54.2,69.7,1,6,L,1.6017
traceC,v3,133,52.5,69.6,1,6,L,1.5962
traceC,v3,134,51.8,69.6,1,6,L,1.5906
traceC,v3,135,52.2,70.1,1,6,L,1.5847
traceC,v3,136,51.4,69.9,1,6,L,1.5787
traceC,v3,137,53.8,69.9,1,6,L,1.5724
traceC,v3,138,50.9,69.8,1,6,L,1.5660
traceC,v3,139,57.1,69.8,1,6,L,1.5595
traceC,v3,140,41.2,69.7,1,6,L,1.5527
traceC,v3,141,44.2,69.5,1,6,L,1.5458
traceC,v3,142,45.9,69.5,1,6,L,1.5388
traceC,v3,143,56.7,69.5,1,6,L,1.5315
traceC,v3,144,55.4,69.5,1,6,L,1.5242
traceC,v3,145,50.7,69.5,1,6,L,1.5166
traceC,v3,146,52.1,69.6,1,6,L,1.5090
traceC,v3,147,51.2,69.6,1,6,L,1.5012
traceC,v3,148,54.2,69.6,1,6,L,1.4933
traceC,v3,149,55.9,69.7,1,6,L,1.4852
traceC,v3,150,48.8,69.6,1,6,L,1.4770
traceC,v3,151,50.5,69.7,1,6,L,1.4688
traceC,v3,152,52.7,69.7,1,6,L,1.4604
traceC,v3,153,53.1,69.7,1,6,L,1.4519
traceC,v3,154,51.8,69.7,1,6,L,1.4434
traceC,v3,155,51.7,72.4,1,6,L,1.4348
traceC,v3,156,52.9,74.0,1,6,L,1.4261
traceC,v3,157,52.9,74.9,1,6,L,1.4173
traceC,v3,158,53.2,72.8,1,6,L,1.4085
traceC,v3,159,51.6,73.1,1,6,L,1.3996
traceC,v3,160,51.9,73.2,1,6,L,1.3908
traceC,v3,161,52.4,73.7,1,6,L,1.3819
traceC,v3,162,52.0,73.0,1,6,L,1.3730
traceC,v3,163,53.8,71.2,1,6,L,1.3641
traceC,v3,164,51.6,71.2,1,6,L,1.3552
traceC,v3,165,52.2,71.3,1,6,L,1.3463
traceC,v3,166,51.9,71.3,1,6,L,1.3375
traceC,v3,167,51.7,71.6,1,6,L,1.3287
traceC,v3,168,53.2,71.6,1,6,L,1.3200
traceC,v3,169,51.0,71.6,1,6,L,1.3114
traceC,v3,170,53.7,71.8,1,6,L,1.3028
traceC,v3,171,52.4,71.7,1,6,L,1.2944
traceC,v3,172,53.0,71.7,1,6,L,1.2861
traceC,v3,173,53.5,71.6,1,6,L,1.2779
traceC,v3,174,50.6,71.7,1,6,L,1.2699
traceC,v3,175,51.7,71.3,1,6,L,1.2620
traceC,v3,176,51.8,69.8,1,6,L,1.2543
traceC,v3,177,54.2,69.8,1,6,L,1.2468
traceC,v3,178,51.7,69.8,1,6,L,1.2395
traceC,v3,179,50.2,69.7,1,6,L,1.2324
traceC,v3,180,55.1,69.7,1,6,L,1.2256
traceC,v3,181,52.5,69.6,1,6,L,1.2190
traceC,v3,182,51.3,69.8,1,6,L,1.2127
traceC,v3,183,52.7,69.7,1,6,L,1.2067
traceC,v3,184,51.6,69.7,1,6,L,1.2010
traceC,v3,185,54.2,69.7,1,6,L,1.1955
traceC,v3,186,51.2,69.6,1,6,L,1.1905
traceC,v3,187,51.5,69.7,1,6,L,1.1857
traceC,v3,188,55.7,69.7,1,6,L,1.1814
traceC,v3,189,48.0,69.7,1,6,L,1.1774
traceC,v3,190,51.8,69.7,1,6,L,1.1738
traceC,v3,191,54.4,69.6,1,6,L,1.1706
traceC,v3,192,51.5,69.7,1,6,L,1.1678
traceC,v3,193,52.0,69.5,1,6,L,1.1654
traceC,v3,194,56.4,69.6,1,6,L,1.1634
traceC,v3,195,49.8,69.7,1,6,L,1.1619
traceC,v3,196,51.6,69.6,1,6,L,1.1609
traceC,v3,197,53.6,69.6,1,6,L,1.1603
traceC,v3,198,50.9,69.7,1,6,L,1.1602
traceC,v3,199,51.3,69.6,1,6,L,1.1605
traceC,v3,200,52.5,69.6,1,6,L,1.1613
traceC,v3,201,54.0,69.6,1,6,L,1.1626
traceC,v3,202,51.5,69.8,1,6,L,1.1644
traceC,v3,203,54.8,69.6,1,6,L,1.1667
traceC,v3,204,50.8,70.1,1,6,L,1.1694
traceC,v3,205,52.2,70.1,1,6,L,1.1726
traceC,v3,206,53.9,70.4,1,6,L,1.1764
traceC,v3,207,50.7,70.4,1,6,L,1.1806
traceC,v3,208,52.1,70.5,1,6,L,1.1852
traceC,v3,209,51.8,71.1,1,6,L,1.1904
traceC,v3,210,53.2,71.9,1,6,L,1.1959
traceC,v3,211,51.5,72.0,1,6,L,1.2020
traceC,v3,212,52.6,71.9,1,6,L,1.2085
traceC,v3,213,53.6,72.3,1,6,L,1.2154
traceC,v3,214,50.6,72.2,1,6,L,1.2228
traceC,v3,215,54.1,74.6,1,6,L,1.2306
traceC,v3,216,51.9,74.7,1,6,L,1.2388
traceC,v3,217,53.2,72.8,1,6,L,1.2474
traceC,v3,218,50.9,74.6,1,6,L,1.2564
traceC,v3,219,52.5,74.4,1,6,L,1.2657
traceC,v3,220,55.9,74.4,1,6,L,1.2754
traceC,v3,221,48.1,74.3,1,6,L,1.2854
traceC,v3,222,53.3,74.8,1,6,L,1.2958
traceC,v3,223,52.0,69.8,1,6,L,1.3065
traceC,v3,224,53.2,69.7,1,6,L,1.3175
traceC,v3,225,52.4,69.8,1,6,L,1.3287
traceC,v3,226,51.8,69.8,1,6,L,1.3403
traceC,v3,227,57.0,69.7,1,6,L,1.3521
traceC,v3,228,49.3,69.7,1,6,L,1.3641
traceC,v3,229,50.9,69.7,1,6,L,1.3764
traceC,v3,230,51.7,69.8,1,6,L,1.3888
traceC,v3,231,52.4,69.7,1,6,L,1.4015
traceC,v3,232,53.6,69.8,1,6,L,1.4143
traceC,v3,233,52.0,69.5,1,6,L,1.4273
traceC,v3,234,51.4,69.5,1,6,L,1.4404
traceC,v3,235,52.1,69.3,1,6,L,1.4537
traceC,v3,236,53.5,69.7,1,6,L,1.4671
traceC,v3,237,52.4,69.5,1,6,L,1.4806
traceC,v3,238,52.2,69.5,1,6,L,1.4942
traceC,v3,239,50.0,69.4,1,6,L,1.5078
traceC,v3,240,49.6,70.1,1,6,L,1.5216
traceC,v3,241,54.1,72.2,1,6,L,1.5353
traceC,v3,242,51.2,72.3,1,6,L,1.5491
traceC,v3,243,51.2,70.2,1,6,L,1.5629
traceC,v3,244,53.0,70.4,1,6,L,1.5767
traceC,v3,245,52.1,69.7,1,6,L,1.5905
traceC,v3,246,52.7,69.8,1,6,L,1.6043
traceC,v3,247,52.8,69.7,1,6,L,1.6181
traceC,v3,248,51.9,69.7,1,6,L,1.6318
traceC,v3,249,51.8,69.8,1,6,L,1.6454
traceC,v3,250,53.2,69.8,1,6,L,1.6590
traceC,v3,251,51.8,69.8,1,6,L,1.6725
traceC,v3,252,52.1,69.7,1,6,L,1.6859
traceC,v3,253,52.3,69.8,1,6,L,1.6992
traceC,v3,254,50.8,69.8,1,6,L,1.7124
traceC,v3,255,54.2,69.8,1,6,L,1.7255
traceC,v3,256,53.0,69.8,1,6,L,1.7384
traceC,v3,257,50.3,69.7,1,6,L,1.7512
traceC,v3,258,53.0,70.0,1,6,L,1.7638
traceC,v3,259,56.0,70.1,1,6,L,1.7763
traceC,v3,260,50.5,69.8,1,6,L,1.7885
traceC,v3,261,51.4,69.8,1,6,L,1.8006
traceC,v3,262,52.8,69.7,1,6,L,1.8125
traceC,v3,263,53.6,69.6,1,6,L,1.8242
traceC,v3,264,51.1,69.7,1,6,L,1.8357
traceC,v3,265,51.4,69.7,1,6,L,1.8470
traceC,v3,266,53.1,70.1,1,6,L,1.8580
traceC,v3,267,52.6,69.8,1,6,L,1.8688
traceC,v3,268,51.1,70.0,1,6,L,1.8793
traceC,v3,269,53.3,70.0,1,6,L,1.8896
traceC,v3,270,52.8,70.0,1,6,L,1.8996
traceC,v3,271,52.5,69.8,1,6,L,1.9094
traceC,v3,272,47.5,69.8,1,6,L,1.9189
traceC,v3,273,54.9,69.8,1,6,L,1.9281
traceC,v3,274,51.6,69.8,1,6,L,1.9370
traceC,v3,275,52.3,69.8,1,6,L,1.9456
traceC,v3,276,50.5,69.7,1,6,L,1.9539
traceC,v3,277,54.8,69.8,1,6,L,1.9619
traceC,v3,278,51.7,69.7,1,6,L,1.9696
traceC,v3,279,52.7,69.8,1,6,L,1.9770
traceC,v3,280,49.4,69.7,1,6,L,1.9840
traceC,v3,281,53.0,69.8,1,6,L,1.9907
traceC,v3,282,52.7,69.7,1,6,L,1.9970
traceC,v3,283,50.9,69.8,1,6,L,2.0031
traceC,v3,284,56.1,70.5,1,6,L,2.0087
traceC,v3,285,47.8,70.4,1,6,L,2.0140
traceC,v3,286,53.6,70.6,1,6,L,2.0190
traceC,v3,287,54.8,70.5,1,6,L,2.0236
traceC,v3,288,52.0,70.5,1,6,L,2.0278
traceC,v3,289,49.6,70.1,1,6,L,2.0317
traceC,v3,290,53.2,70.2,1,6,L,2.0351
traceC,v3,291,52.4,70.3,1,6,L,2.0382
traceC,v3,292,53.3,69.6,1,6,L,2.0410
traceC,v3,293,51.3,69.5,1,6,L,2.0433
traceC,v3,294,52.5,69.5,1,6,L,2.0452
traceC,v3,295,51.9,69.5,1,6,L,2.0468
traceC,v3,296,52.7,69.5,1,6,L,2.0479
traceC,v3,297,51.9,69.5,1,6,L,2.0487
traceC,v3,298,53.8,70.1,1,6,L,2.0490
traceC,v3,299,50.8,70.2,1,6,L,2.0490
traceC,v3,300,52.5,70.1,1,6,L,2.0485
traceC,v3,301,53.2,70.1,1,6,L,2.0476
traceC,v3,302,51.9,70.4,1,6,L,2.0463
traceC,v3,303,51.7,70.4,1,6,L,2.0446
traceC,v3,304,53.3,70.5,1,6,L,2.0425
traceC,v3,305,52.7,70.4,1,6,L,2.0400
traceC,v3,306,51.7,70.2,1,6,L,2.0371
traceC,v3,307,51.9,70.3,1,6,L,2.0337
traceC,v3,308,52.1,70.1,1,6,L,2.0299
traceC,v3,309,53.4,69.7,1,6,L,2.0257
traceC,v3,310,52.1,69.7,1,6,L,2.0211
traceC,v3,311,52.1,69.7,1,6,L,2.0161
traceC,v3,312,51.9,69.7,1,6,L,2.0107
traceC,v3,313,52.7,69.6,1,6,L,2.0048
traceC,v3,314,53.3,70.1,1,6,L,1.9985
traceC,v3,315,52.1,69.7,1,6,L,1.9918
traceC,v3,316,52.6,69.8,1,6,L,1.9847
traceC,v3,317,52.4,69.7,1,6,L,1.9771
traceC,v3,318,52.5,69.8,1,6,L,1.9691
traceC,v3,319,52.0,69.7,1,6,L,1.9608
traceC,v3,320,53.5,69.7,1,6,L,1.9520
traceC,v3,321,50.3,69.7,1,6,L,1.9428
traceC,v3,322,53.9,69.7,1,6,L,1.9332
traceC,v3,323,51.7,69.7,1,6,L,1.9231
traceC,v3,324,52.1,69.7,1,6,L,1.9127
traceC,v3,325,50.9,69.7,1,6,L,1.9019
traceC,v3,326,54.8,69.7,1,6,L,1.8907
traceC,v3,327,50.7,69.7,1,6,L,1.8790
traceC,v3,328,54.0,69.7,1,6,L,1.8670
traceC,v3,329,50.5,69.8,1,6,L,1.8546
traceC,v3,330,55.1,69.6,1,6,L,1.8418
traceC,v3,331,50.3,69.7,1,6,L,1.8287
traceC,v3,332,53.9,69.6,1,6,L,1.8151
traceC,v3,333,52.1,69.8,1,6,L,1.8012
traceC,v3,334,50.6,69.6,1,6,L,1.7869
traceC,v3,335,55.1,69.9,1,6,L,1.7722
traceC,v3,336,49.8,69.9,1,6,L,1.7572
traceC,v3,337,53.8,69.9,1,6,L,1.7418
traceC,v3,338,51.2,70.0,1,6,L,1.7261
traceC,v3,339,54.4,69.9,1,6,L,1.7101
traceC,v3,340,50.6,69.9,1,6,L,1.6937
traceC,v3,341,53.8,69.7,1,6,L,1.6769
traceC,v3,342,51.6,69.7,1,6,L,1.6599
traceC,v3,343,50.9,69.4,1,6,L,1.6426
traceC,v3,344,52.6,69.5,1,6,L,1.6249
traceC,v3,345,52.7,69.5,1,6,L,1.6070
traceC,v3,346,51.9,69.4,1,6,L,1.5887
traceC,v3,347,53.1,69.5,1,6,L,1.5702
traceC,v3,348,52.7,69.5,1,6,L,1.5514
traceC,v3,349,52.5,69.5,1,6,L,1.5324
traceC,v3,350,51.9,69.4,1,6,L,1.5131
traceC,v3,351,52.4,69.5,1,6,L,1.4936
traceC,v3,352,51.1,69.6,1,6,L,1.4739
traceC,v3,353,53.8,66.0,1,5,L,1.4540
traceC,v3,354,48.9,73.9,1,6,L,1.4339
traceC,v3,355,64.4,74.3,1,6,L,1.4136
traceC,v3,356,50.9,72.9,1,6,L,1.3931
traceC,v3,357,50.0,71.2,1,6,L,1.3725
traceC,v3,358,53.5,71.0,1,6,L,1.3517
traceC,v3,359,52.5,70.0,1,6,L,1.3309
traceC,v3,360,57.6,69.9,1,6,L,1.3099
traceC,v3,361,47.3,69.3,1,6,L,1.2889
traceC,v3,362,52.4,69.1,1,6,L,1.2678
traceC,v3,363,51.4,69.3,1,6,L,1.2467
traceC,v3,364,51.3,69.3,1,6,L,1.2256
traceC,v3,365,55.8,69.3,1,6,L,1.2045
traceC,v3,366,52.2,69.3,1,6,L,1.1834
traceC,v3,367,54.0,69.2,1,6,L,1.1625
traceC,v3,368,49.4,69.3,1,6,L,1.1416
traceC,v3,369,53.0,69.3,1,6,L,1.1208
traceC,v3,370,51.9,69.2,1,6,L,1.1003
traceC,v3,371,51.9,69.4,1,6,L,1.0799
traceC,v3,372,53.1,69.2,1,6,L,1.0598
traceC,v3,373,52.7,69.3,1,6,L,1.0400
traceC,v3,374,51.8,69.2,1,6,L,1.0205
traceC,v3,375,51.6,69.2,1,6,L,1.0013
traceC,v3,376,54.0,69.3,1,6,L,0.9826
traceC,v3,377,52.7,69.6,1,6,L,0.9644
traceC,v3,378,51.6,68.9,1,6,L,0.9467
traceC,v3,379,52.1,58.8,1,5,L,0.9296
traceC,v3,380,51.5,58.2,1,5,L,0.9131
traceC,v3,381,52.3,58.3,1,5,L,0.8973
traceC,v3,382,51.9,58.3,1,5,L,0.8823
traceC,v3,383,51.8,58.3,1,5,L,0.8681
traceC,v3,384,52.5,58.3,1,5,L,0.8547
traceC,v3,385,52.5,58.3,1,5,L,0.8424
traceC,v3,386,54.1,58.3,1,5,L,0.8310
traceC,v3,387,51.8,58.3,1,5,L,0.8208
traceC,v3,388,52.1,58.6,1,5,L,0.8116
traceC,v3,389,51.6,58.3,1,5,L,0.8037
traceC,v3,390,52.3,58.3,1,5,L,0.7970
traceC,v3,391,52.7,58.2,1,5,L,0.7916
traceC,v3,392,52.3,58.2,1,5,L,0.7876
traceC,v3,393,52.7,58.3,1,5,L,0.7849
traceC,v3,394,52.3,58.2,1,5,L,0.7836
traceC,v3,395,50.8,58.2,1,5,L,0.7838
traceC,v3,396,53.2,58.3,1,5,L,0.7853
traceC,v3,397,53.0,58.4,1,5,L,0.7883
traceC,v3,398,57.5,58.2,1,5,L,0.7928
traceC,v3,399,47.7,68.8,1,6,L,0.7986
traceC,v3,400,51.8,68.7,1,6,L,0.8058
traceC,v3,401,53.4,68.9,1,6,L,0.8143
traceC,v3,402,54.8,68.7,1,6,L,0.8242
traceC,v3,403,53.1,68.7,1,6,L,0.8352
traceC,v3,404,47.9,68.5,1,6,L,0.8475
traceC,v3,405,51.0,68.5,1,6,L,0.8610
traceC,v3,406,53.4,68.4,1,6,L,0.8755
traceC,v3,407,52.5,68.6,1,6,L,0.8911
traceC,v3,408,53.2,68.8,1,6,L,0.9076
traceC,v3,409,51.8,68.8,1,6,L,0.9250
traceC,v3,410,52.5,69.3,1,6,L,0.9433
traceC,v3,411,51.5,69.1,1,6,L,0.9624
traceC,v3,412,55.8,69.0,1,6,L,0.9823
traceC,v3,413,49.6,69.1,1,6,L,1.0028
traceC,v3,414,52.5,69.2,1,6,L,1.0239
traceC,v3,415,53.8,69.7,1,6,L,1.0456
traceC,v3,416,51.8,71.2,1,6,L,1.0678
traceC,v3,417,52.6,70.8,1,6,L,1.0906
traceC,v3,418,51.0,70.8,1,6,L,1.1137
traceC,v3,419,53.6,71.4,1,6,L,1.1372
traceC,v3,420,51.8,72.2,1,6,L,1.1611
traceC,v3,421,51.1,72.9,1,6,L,1.1853
traceC,v3,422,53.1,69.1,1,6,L,1.2098
traceC,v3,423,51.9,69.1,1,6,L,1.2345
traceC,v3,424,52.6,69.0,1,6,L,1.2594
traceC,v3,425,51.7,69.0,1,6,L,1.2845
traceC,v3,426,52.5,69.1,1,6,L,1.3097
traceC,v3,427,51.9,69.2,1,6,L,1.3351
traceC,v3,428,52.4,71.5,1,6,L,1.3605
traceC,v3,429,52.6,70.4,1,6,L,1.3860
traceC,v3,430,52.4,69.6,1,6,L,1.4115
traceC,v3,431,52.3,70.1,1,6,L,1.4371
traceC,v3,432,52.3,70.7,1,6,L,1.4626
traceC,v3,433,52.2,71.9,1,6,L,1.4881
traceC,v3,434,53.4,69.3,1,6,L,1.5136
traceC,v3,435,51.8,69.4,1,6,L,1.5390
traceC,v3,436,54.4,69.3,1,6,L,1.5643
traceC,v3,437,51.6,70.7,1,6,L,1.5895
traceC,v3,438,51.0,69.3,1,6,L,1.6146
traceC,v3,439,52.3,69.2,1,6,L,1.6395
traceC,v3,440,52.3,69.2,1,6,L,1.6643
traceC,v3,441,53.0,69.2,1,6,L,1.6890
traceC,v3,442,50.7,69.2,1,6,L,1.7134
traceC,v3,443,53.9,69.2,1,6,L,1.7376
traceC,v3,444,51.6,69.4,1,6,L,1.7616
traceC,v3,445,53.3,70.6,1,6,L,1.7854
traceC,v3,446,51.3,69.4,1,6,L,1.8090
traceC,v3,447,51.5,69.5,1,6,L,1.8323
traceC,v3,448,53.4,69.4,1,6,L,1.8553
traceC,v3,449,52.5,69.3,1,6,L,1.8781
traceC,v3,450,53.7,69.5,1,6,L,1.9006
traceC,v3,451,51.3,69.4,1,6,L,1.9228
traceC,v3,452,52.0,69.5,1,6,L,1.9446
traceC,v3,453,53.5,69.5,1,6,L,1.9662
traceC,v3,454,50.6,69.5,1,6,L,1.9874
traceC,v3,455,52.6,69.5,1,6,L,2.0083
traceC,v3,456,51.3,69.5,1,6,L,2.0288
traceC,v3,457,54.1,69.5,1,6,L,2.0490
traceC,v3,458,52.8,69.6,1,6,L,2.0688
traceC,v3,459,52.2,69.5,1,6,L,2.0882
traceC,v3,460,51.9,69.5,1,6,L,2.1072
traceC,v3,461,52.8,69.5,1,6,L,2.1259
traceC,v3,462,54.8,69.8,1,6,L,2.1441
traceC,v3,463,48.9,69.5,1,6,L,2.1620
traceC,v3,464,52.0,69.7,1,6,L,2.1794
traceC,v3,465,51.6,69.6,1,6,L,2.1964
traceC,v3,466,54.5,69.7,1,6,L,2.2129
traceC,v3,467,52.2,69.7,1,6,L,2.2290
traceC,v3,468,51.7,69.6,1,6,L,2.2447
traceC,v3,469,54.9,69.5,1,6,L,2.2599
traceC,v3,470,50.6,70.1,1,6,L,2.2747
traceC,v3,471,51.4,69.4,1,6,L,2.2890
traceC,v3,472,53.1,69.5,1,6,L,2.3028
traceC,v3,473,54.9,69.5,1,6,L,2.3161
traceC,v3,474,53.1,69.5,1,6,L,2.3290
traceC,v3,475,49.4,69.5,1,6,L,2.3413
traceC,v3,476,51.9,69.3,1,6,L,2.3532
traceC,v3,477,52.6,69.3,1,6,L,2.3645
traceC,v3,478,53.5,69.3,1,6,L,2.3754
traceC,v3,479,50.8,69.3,1,6,L,2.3857
traceC,v3,480,52.5,69.4,1,6,L,2.3956
traceC,v3,481,52.9,69.4,1,6,L,2.4049
traceC,v3,482,51.6,69.4,1,6,L,2.4137
traceC,v3,483,53.7,69.4,1,6,L,2.4219
traceC,v3,484,51.0,69.4,1,6,L,2.4296
traceC,v3,485,52.8,69.4,1,6,L,2.4368
traceC,v3,486,53.6,69.5,1,6,L,2.4435
traceC,v3,487,50.8,69.6,1,6,L,2.4495
traceC,v3,488,51.1,69.6,1,6,L,2.4551
traceC,v3,489,53.6,69.5,1,6,L,2.4601
traceC,v3,490,52.1,69.7,1,6,L,2.4645
traceC,v3,491,51.8,69.5,1,6,L,2.4684
traceC,v3,492,53.1,69.5,1,6,L,2.4718
traceC,v3,493,51.6,69.6,1,6,L,2.4745
traceC,v3,494,54.0,69.6,1,6,L,2.4768
traceC,v3,495,51.5,69.6,1,6,L,2.4784
traceC,v3,496,52.4,69.6,1,6,L,2.4795
traceC,v3,497,51.8,69.4,1,6,L,2.4800
traceC,v3,498,53.4,69.4,1,6,L,2.4799
traceC,v3,499,51.5,69.4,1,6,L,2.4793
traceC,v3,500,54.2,69.4,1,6,L,2.4781
traceC,v3,501,52.2,69.5,1,6,L,2.4763
traceC,v3,502,50.8,69.7,1,6,L,2.4739
traceC,v3,503,52.5,69.7,1,6,L,2.4710
traceC,v3,504,53.0,69.7,1,6,L,2.4675
traceC,v3,505,54.2,69.8,1,6,L,2.4634
traceC,v3,506,49.6,69.7,1,6,L,2.4587
traceC,v3,507,52.4,69.9,1,6,L,2.4535
traceC,v3,508,57.0,69.8,1,6,L,2.4477
traceC,v3,509,49.1,69.8,1,6,L,2.4413
traceC,v3,510,51.0,69.8,1,6,L,2.4343
traceC,v3,511,52.4,69.5,1,6,L,2.4268
traceC,v3,512,51.7,69.5,1,6,L,2.4187
traceC,v3,513,55.5,69.6,1,6,L,2.4100
traceC,v3,514,48.4,70.4,1,6,L,2.4007
traceC,v3,515,55.1,71.0,1,6,L,2.3909
traceC,v3,516,51.9,70.7,1,6,L,2.3805
traceC,v3,517,51.0,69.7,1,6,L,2.3696
traceC,v3,518,53.7,69.8,1,6,L,2.3581
traceC,v3,519,52.6,69.8,1,6,L,2.3460
traceC,v3,520,51.1,69.7,1,6,L,2.3334
traceC,v3,521,52.2,69.7,1,6,L,2.3202
traceC,v3,522,55.4,69.8,1,6,L,2.3065
traceC,v3,523,50.6,69.7,1,6,L,2.2922
traceC,v3,524,52.7,69.7,1,6,L,2.2774
traceC,v3,525,54.6,69.7,1,6,L,2.2620
traceC,v3,526,47.9,69.8,1,6,L,2.2461
traceC,v3,527,53.3,69.8,1,6,L,2.2297
traceC,v3,528,52.0,69.8,1,6,L,2.2127
traceC,v3,529,52.5,69.8,1,6,L,2.1952
traceC,v3,530,53.2,70.2,1,6,L,2.1772
traceC,v3,531,53.1,69.7,1,6,L,2.1587
traceC,v3,532,50.9,69.7,1,6,L,2.1397
traceC,v3,533,53.8,69.6,1,6,L,2.1201
traceC,v3,534,51.7,69.7,1,6,L,2.1001
traceC,v3,535,52.4,69.6,1,6,L,2.0796
traceC,v3,536,51.3,69.8,1,6,L,2.0586
traceC,v3,537,55.8,70.0,1,6,L,2.0371
traceC,v3,538,49.4,70.1,1,6,L,2.0152
traceC,v3,539,51.9,70.0,1,6,L,1.9928
traceC,v3,540,53.2,70.0,1,6,L,1.9699
traceC,v3,541,51.8,70.0,1,6,L,1.9466
traceC,v3,542,52.4,70.0,1,6,L,1.9228
traceC,v3,543,53.4,70.0,1,6,L,1.8987
traceC,v3,544,51.8,70.1,1,6,L,1.8741
traceC,v3,545,53.3,69.8,1,6,L,1.8491
traceC,v3,546,54.7,69.8,1,6,L,1.8236
traceC,v3,547,51.5,69.9,1,6,L,1.7978
traceC,v3,548,50.3,69.8,1,6,L,1.7716
traceC,v3,549,54.8,69.8,1,6,L,1.7451
traceC,v3,550,48.2,69.9,1,6,L,1.7182
traceC,v3,551,55.4,69.9,1,6,L,1.6909
traceC,v3,552,50.9,69.9,1,6,L,1.6633
traceC,v3,553,52.2,69.5,1,6,L,1.6354
traceC,v3,554,52.0,69.4,1,6,L,1.6072
traceC,v3,555,52.5,69.5,1,6,L,1.5787
traceC,v3,556,53.7,69.5,1,6,L,1.5499
traceC,v3,557,53.1,72.4,1,6,L,1.5209
traceC,v3,558,50.2,71.6,1,6,L,1.4917
traceC,v3,559,52.4,71.8,1,6,L,1.4622
traceC,v3,560,52.8,70.3,1,6,L,1.4325
traceC,v3,561,52.6,69.9,1,6,L,1.4027
traceC,v3,562,52.3,69.9,1,6,L,1.3727
traceC,v3,563,52.8,69.8,1,6,L,1.3425
traceC,v3,564,51.3,69.9,1,6,L,1.3123
traceC,v3,565,53.8,69.9,1,6,L,1.2820
traceC,v3,566,51.2,69.3,1,6,L,1.2517
traceC,v3,567,50.8,69.3,1,6,L,1.2213
traceC,v3,568,54.3,69.4,1,6,L,1.1910
traceC,v3,569,53.0,69.5,1,6,L,1.1608
traceC,v3,570,50.0,69.5,1,6,L,1.1306
traceC,v3,571,54.1,69.0,1,6,L,1.1007
traceC,v3,572,52.7,69.1,1,6,L,1.0709
traceC,v3,573,51.9,69.1,1,6,L,1.0414
traceC,v3,574,51.0,69.0,1,6,L,1.0123
traceC,v3,575,56.5,69.1,1,6,L,0.9835
traceC,v3,576,49.3,69.0,1,6,L,0.9552
traceC,v3,577,54.5,68.9,1,6,L,0.9275
traceC,v3,578,50.1,68.9,1,6,L,0.9004
traceC,v3,579,53.1,69.0,1,6,L,0.8740
traceC,v3,580,50.8,69.0,1,6,L,0.8485
traceC,v3,581,54.5,69.0,1,6,L,0.8239
traceC,v3,582,50.7,68.9,1,6,L,0.8004
traceC,v3,583,56.2,69.0,1,6,L,0.7782
traceC,v3,584,49.9,68.9,1,6,L,0.7572
traceC,v3,585,51.8,68.9,1,6,L,0.7378
traceC,v3,586,53.1,68.9,1,6,L,0.7201
traceC,v3,587,51.9,69.0,1,6,L,0.7042
traceC,v3,588,53.0,68.9,1,6,L,0.6902
traceC,v3,589,52.2,68.9,1,6,L,0.6783
traceC,v3,590,53.6,69.0,1,6,L,0.6688
traceC,v3,591,53.3,68.9,1,6,L,0.6616
traceC,v3,592,52.2,69.0,1,6,L,0.6568
traceC,v3,593,48.1,69.0,1,6,L,0.6546
traceC,v3,594,52.5,69.0,1,6,L,0.6551
traceC,v3,595,54.3,69.0,1,6,L,0.6581
traceC,v3,596,52.4,69.0,1,6,L,0.6637
traceC,v3,597,50.5,69.2,1,6,L,0.6718
traceC,v3,598,53.4,69.0,1,6,L,0.6823
traceC,v3,599,53.3,68.8,1,6,L,0.6952
traceC,v3,600,51.2,68.8,1,6,L,0.7103
traceC,v3,601,52.4,68.8,1,6,L,0.7274
traceC,v3,602,51.8,69.0,1,6,L,0.7465
traceC,v3,603,55.4,68.9,1,6,L,0.7673
traceC,v3,604,49.2,69.0,1,6,L,0.7897
traceC,v3,605,51.5,69.0,1,6,L,0.8136
traceC,v3,606,53.4,69.0,1,6,L,0.8389
traceC,v3,607,52.7,69.5,1,6,L,0.8654
traceC,v3,608,52.3,69.6,1,6,L,0.8929
traceC,v3,609,51.2,69.6,1,6,L,0.9214
traceC,v3,610,54.2,69.7,1,6,L,0.9508
traceC,v3,611,52.1,69.8,1,6,L,0.9810
traceC,v3,612,51.7,69.7,1,6,L,1.0118
traceC,v3,613,52.4,69.7,1,6,L,1.0432
traceC,v3,614,53.2,71.5,1,6,L,1.0752
traceC,v3,615,50.6,71.0,1,6,L,1.1076
traceC,v3,616,58.4,72.3,1,6,L,1.1404
traceC,v3,617,47.3,72.7,1,6,L,1.1735
traceC,v3,618,53.4,69.7,1,6,L,1.2070
traceC,v3,619,51.7,72.6,1,6,L,1.2406
traceC,v3,620,53.8,70.5,1,6,L,1.2745
traceC,v3,621,50.0,71.2,1,6,L,1.3085
traceC,v3,622,53.5,69.9,1,6,L,1.3426
traceC,v3,623,53.9,69.9,1,6,L,1.3768
traceC,v3,624,51.7,69.9,1,6,L,1.4110
traceC,v3,625,50.4,69.9,1,6,L,1.4453
traceC,v3,626,52.9,69.9,1,6,L,1.4795
traceC,v3,627,52.2,69.8,1,6,L,1.5137
traceC,v3,628,52.2,69.8,1,6,L,1.5478
traceC,v3,629,53.4,69.9,1,6,L,1.5818
traceC,v3,630,52.9,69.8,1,6,L,1.6157
traceC,v3,631,52.5,69.8,1,6,L,1.6495
traceC,v3,632,52.6,69.8,1,6,L,1.6831
traceC,v3,633,50.9,70.1,1,6,L,1.7165
traceC,v3,634,53.3,70.9,1,6,L,1.7498
traceC,v3,635,51.4,70.0,1,6,L,1.7828
traceC,v3,636,52.3,70.0,1,6,L,1.8156
traceC,v3,637,52.0,70.1,1,6,L,1.8481
traceC,v3,638,52.8,70.0,1,6,L,1.8804
traceC,v3,639,53.0,70.6,1,6,L,1.9124
traceC,v3,640,50.3,69.7,1,6,L,1.9441
traceC,v3,641,54.5,69.8,1,6,L,1.9755
traceC,v3,642,52.3,69.7,1,6,L,2.0065
traceC,v3,643,51.8,69.6,1,6,L,2.0373
traceC,v3,644,53.0,69.7,1,6,L,2.0677
traceC,v3,645,51.1,69.8,1,6,L,2.0977
traceC,v3,646,54.6,70.0,1,6,L,2.1274
traceC,v3,647,51.8,70.0,1,6,L,2.1566
traceC,v3,648,51.0,70.1,1,6,L,2.1855
traceC,v3,649,54.2,70.0,1,6,L,2.2140
traceC,v3,650,52.1,70.8,1,6,L,2.2420
traceC,v3,651,52.0,70.0,1,6,L,2.2696
traceC,v3,652,51.8,69.9,1,6,L,2.2968
traceC,v3,653,51.3,69.9,1,6,L,2.3236
traceC,v3,654,54.1,69.8,1,6,L,2.3498
traceC,v3,655,54.7,69.8,1,6,L,2.3756
traceC,v3,656,50.2,69.6,1,6,L,2.4010
traceC,v3,657,50.6,69.6,1,6,L,2.4258
traceC,v3,658,53.0,69.6,1,6,L,2.4502
traceC,v3,659,51.7,69.5,1,6,L,2.4740
traceC,v3,660,52.6,69.5,1,6,L,2.4973
traceC,v3,661,53.1,69.6,1,6,L,2.5201
traceC,v3,662,52.6,69.6,1,6,L,2.5424
traceC,v3,663,53.9,69.5,1,6,L,2.5642
traceC,v3,664,51.5,69.6,1,6,L,2.5854
traceC,v3,665,52.1,69.6,1,6,L,2.6060
traceC,v3,666,51.2,69.7,1,6,L,2.6261
traceC,v3,667,51.8,69.7,1,6,L,2.6457
traceC,v3,668,53.8,69.7,1,6,L,2.6646
traceC,v3,669,52.3,69.6,1,6,L,2.6830
traceC,v3,670,47.7,69.6,1,6,L,2.7008
traceC,v3,671,39.6,69.6,1,6,L,2.7180
traceC,v3,672,48.3,69.9,1,6,L,2.7346
traceC,v3,673,52.0,69.6,1,6,L,2.7506
traceC,v3,674,54.3,69.5,1,6,L,2.7660
traceC,v3,675,50.4,69.7,1,6,L,2.7808
traceC,v3,676,52.0,69.6,1,6,L,2.7949
traceC,v3,677,50.7,69.6,1,6,L,2.8085
traceC,v3,678,53.4,69.6,1,6,L,2.8214
traceC,v3,679,52.0,69.8,1,6,L,2.8337
traceC,v3,680,52.2,69.7,1,6,L,2.8453
traceC,v3,681,52.5,69.6,1,6,L,2.8563
traceC,v3,682,52.8,69.6,1,6,L,2.8667
traceC,v3,683,52.4,69.6,1,6,L,2.8764
traceC,v3,684,52.7,69.6,1,6,L,2.8854
traceC,v3,685,52.7,69.7,1,6,L,2.8938
traceC,v3,686,51.0,69.6,1,6,L,2.9016
traceC,v3,687,53.7,69.7,1,6,L,2.9086
traceC,v3,688,53.0,69.6,1,6,L,2.9151
traceC,v3,689,49.5,69.7,1,6,L,2.9208
traceC,v3,690,55.0,69.6,1,6,L,2.9259
traceC,v3,691,53.2,69.6,1,6,L,2.9303
traceC,v3,692,51.8,69.6,1,6,L,2.9340
traceC,v3,693,52.8,69.6,1,6,L,2.9370
traceC,v3,694,51.3,69.8,1,6,L,2.9394
traceC,v3,695,52.4,69.6,1,6,L,2.9411
traceC,v3,696,51.8,69.7,1,6,L,2.9421
traceC,v3,697,53.0,69.6,1,6,L,2.9425
traceC,v3,698,51.4,69.7,1,6,L,2.9421
traceC,v3,699,53.4,69.6,1,6,L,2.9411
traceC,v3,700,50.8,69.6,1,6,L,2.9394
traceC,v3,701,53.1,69.7,1,6,L,2.9370
traceC,v3,702,52.2,69.6,1,6,L,2.9339
traceC,v3,703,51.2,69.5,1,6,L,2.9301
traceC,v3,704,53.9,69.6,1,6,L,2.9257
traceC,v3,705,53.9,69.6,1,6,L,2.9205
traceC,v3,706,51.8,69.7,1,6,L,2.9147
traceC,v3,707,50.2,69.7,1,6,L,2.9082
traceC,v3,708,54.7,69.6,1,6,L,2.9011
traceC,v3,709,53.6,69.6,1,6,L,2.8932
traceC,v3,710,49.9,69.7,1,6,L,2.8847
traceC,v3,711,52.1,69.7,1,6,L,2.8755
traceC,v3,712,53.2,69.7,1,6,L,2.8656
traceC,v3,713,52.7,69.7,1,6,L,2.8551
traceC,v3,714,52.2,69.7,1,6,L,2.8439
traceC,v3,715,51.6,69.6,1,6,L,2.8320
traceC,v3,716,52.7,69.6,1,6,L,2.8195
traceC,v3,717,52.4,69.7,1,6,L,2.8063
traceC,v3,718,51.4,69.6,1,6,L,2.7925
traceC,v3,719,56.5,69.6,1,6,L,2.7780
traceC,v3,720,48.2,69.6,1,6,L,2.7629
traceC,v3,721,54.1,69.7,1,6,L,2.7471
traceC,v3,722,54.8,69.6,1,6,L,2.7308
traceC,v3,723,49.2,69.6,1,6,L,2.7137
traceC,v3,724,51.9,69.6,1,6,L,2.6961
traceC,v3,725,52.7,69.7,1,6,L,2.6778
traceC,v3,726,52.2,69.4,1,6,L,2.6589
traceC,v3,727,51.4,69.5,1,6,L,2.6394
traceC,v3,728,52.6,69.4,1,6,L,2.6193
traceC,v3,729,51.8,69.4,1,6,L,2.5986
traceC,v3,730,54.3,69.5,1,6,L,2.5773
traceC,v3,731,51.7,69.3,1,6,L,2.5555
traceC,v3,732,52.5,69.4,1,6,L,2.5330
traceC,v3,733,51.5,69.5,1,6,L,2.5100
traceC,v3,734,53.5,69.4,1,6,L,2.4865
traceC,v3,735,52.5,69.5,1,6,L,2.4624
traceC,v3,736,51.3,69.4,1,6,L,2.4377
traceC,v3,737,52.2,69.4,1,6,L,2.4125
traceC,v3,738,52.2,69.4,1,6,L,2.3868
traceC,v3,739,52.6,69.4,1,6,L,2.3606
traceC,v3,740,55.5,71.1,1,6,L,2.3339
traceC,v3,741,49.7,69.7,1,6,L,2.3067
traceC,v3,742,56.1,69.7,1,6,L,2.2790
traceC,v3,743,48.3,70.0,1,6,L,2.2509
traceC,v3,744,53.4,70.5,1,6,L,2.2223
traceC,v3,745,51.9,69.9,1,6,L,2.1932
traceC,v3,746,52.3,70.0,1,6,L,2.1637
traceC,v3,747,53.0,70.0,1,6,L,2.1339
traceC,v3,748,51.9,69.7,1,6,L,2.1036
traceC,v3,749,55.0,69.8,1,6,L,2.0729
traceC,v3,750,52.2,69.8,1,6,L,2.0419
traceC,v3,751,53.5,69.9,1,6,L,2.0105
traceC,v3,752,51.6,70.0,1,6,L,1.9787
traceC,v3,753,49.0,70.0,1,6,L,1.9467
traceC,v3,754,52.2,70.1,1,6,L,1.9144
traceC,v3,755,52.7,70.1,1,6,L,1.8818
traceC,v3,756,52.7,69.8,1,6,L,1.8489
traceC,v3,757,52.5,69.7,1,6,L,1.8158
traceC,v3,758,50.8,70.8,1,6,L,1.7825
traceC,v3,759,57.1,69.6,1,6,L,1.7491
traceC,v3,760,50.8,69.6,1,6,L,1.7155
traceC,v3,761,49.5,70.3,1,6,L,1.6817
traceC,v3,762,52.4,70.6,1,6,L,1.6479
traceC,v3,763,52.2,70.9,1,6,L,1.6140
traceC,v3,764,53.4,69.8,1,6,L,1.5801
traceC,v3,765,52.8,69.8,1,6,L,1.5462
traceC,v3,766,52.1,69.2,1,6,L,1.5124
traceC,v3,767,51.1,69.3,1,6,L,1.4787
traceC,v3,768,52.8,69.1,1,6,L,1.4451
traceC,v3,769,52.4,69.2,1,6,L,1.4118
traceC,v3,770,52.6,69.3,1,6,L,1.3787
traceC,v3,771,52.3,69.1,1,6,L,1.3459
traceC,v3,772,52.5,69.2,1,6,L,1.3134
traceC,v3,773,52.0,69.5,1,6,L,1.2815
traceC,v3,774,53.0,69.1,1,6,L,1.2500
traceC,v3,775,51.6,68.9,1,6,L,1.2192
traceC,v3,776,52.0,68.9,1,6,L,1.1891
traceC,v3,777,56.5,68.7,1,6,L,1.1597
traceC,v3,778,48.6,68.8,1,6,L,1.1312
traceC,v3,779,53.4,68.7,1,6,L,1.1037
traceC,v3,780,52.6,68.8,1,6,L,1.0774
traceC,v3,781,51.9,68.8,1,6,L,1.0522
traceC,v3,782,50.4,68.8,1,6,L,1.0284
traceC,v3,783,54.6,68.7,1,6,L,1.0060
traceC,v3,784,51.4,68.7,1,6,L,0.9853
traceC,v3,785,52.1,68.7,1,6,L,0.9663
traceC,v3,786,52.6,68.7,1,6,L,0.9492
traceC,v3,787,51.6,68.7,1,6,L,0.9341
traceC,v3,788,54.4,68.6,1,6,L,0.9212
traceC,v3,789,50.2,68.7,1,6,L,0.9105
traceC,v3,790,54.3,68.8,1,6,L,0.9021
traceC,v3,791,51.0,68.6,1,6,L,0.8962
traceC,v3,792,52.6,68.6,1,6,L,0.8928
traceC,v3,793,52.7,68.7,1,6,L,0.8920
traceC,v3,794,51.6,68.6,1,6,L,0.8937
traceC,v3,795,54.2,68.7,1,6,L,0.8980
traceC,v3,796,51.1,68.6,1,6,L,0.9048
traceC,v3,797,52.2,68.6,1,6,L,0.9141
traceC,v3,798,51.6,68.7,1,6,L,0.9258
traceC,v3,799,52.4,68.7,1,6,L,0.9399
traceC,v3,800,53.1,68.6,1,6,L,0.9561
traceC,v3,801,53.0,68.7,1,6,L,0.9745
traceC,v3,802,51.3,68.5,1,6,L,0.9948
traceC,v3,803,52.2,68.5,1,6,L,1.0170
traceC,v3,804,53.8,69.2,1,6,L,1.0409
traceC,v3,805,51.5,69.0,1,6,L,1.0664
traceC,v3,806,53.7,68.9,1,6,L,1.0934
traceC,v3,807,50.3,69.0,1,6,L,1.1217
traceC,v3,808,56.7,69.0,1,6,L,1.1513
traceC,v3,809,48.2,69.5,1,6,L,1.1819
traceC,v3,810,53.5,69.6,1,6,L,1.2136
traceC,v3,811,51.2,71.0,1,6,L,1.2461
traceC,v3,812,52.5,71.3,1,6,L,1.2795
traceC,v3,813,52.5,69.4,1,6,L,1.3136
traceC,v3,814,52.9,69.2,1,6,L,1.3484
traceC,v3,815,54.8,69.3,1,6,L,1.3838
traceC,v3,816,51.7,69.3,1,6,L,1.4196
traceC,v3,817,49.1,69.2,1,6,L,1.4559
traceC,v3,818,55.9,69.4,1,6,L,1.4926
traceC,v3,819,50.3,69.3,1,6,L,1.5296
traceC,v3,820,52.3,69.3,1,6,L,1.5668
traceC,v3,821,52.6,69.9,1,6,L,1.6043
traceC,v3,822,51.6,70.2,1,6,L,1.6420
traceC,v3,823,52.8,69.4,1,6,L,1.6798
traceC,v3,824,52.7,69.7,1,6,L,1.7177
traceC,v3,825,51.6,69.7,1,6,L,1.7556
traceC,v3,826,53.0,69.5,1,6,L,1.7936
traceC,v3,827,52.6,69.5,1,6,L,1.8315
traceC,v3,828,50.7,69.5,1,6,L,1.8695
traceC,v3,829,52.6,69.6,1,6,L,1.9073
traceC,v3,830,52.9,69.5,1,6,L,1.9450
traceC,v3,831,53.0,69.6,1,6,L,1.9827
traceC,v3,832,53.9,69.9,1,6,L,2.0201
traceC,v3,833,50.2,69.6,1,6,L,2.0574
traceC,v3,834,54.0,69.6,1,6,L,2.0945
traceC,v3,835,52.4,69.6,1,6,L,2.1313
traceC,v3,836,49.9,69.6,1,6,L,2.1679
traceC,v3,837,53.8,69.7,1,6,L,2.2043
traceC,v3,838,52.9,69.4,1,6,L,2.2404
traceC,v3,839,51.2,69.6,1,6,L,2.2761
traceC,v3,840,55.9,69.6,1,6,L,2.3116
traceC,v3,841,50.9,69.6,1,6,L,2.3467
traceC,v3,842,51.3,69.7,1,6,L,2.3814
traceC,v3,843,51.8,69.5,1,6,L,2.4158
traceC,v3,844,52.2,69.6,1,6,L,2.4498
traceC,v3,845,51.9,69.5,1,6,L,2.4834
traceC,v3,846,53.9,69.8,1,6,L,2.5166
traceC,v3,847,52.4,69.5,1,6,L,2.5494
traceC,v3,848,53.2,69.5,1,6,L,2.5817
traceC,v3,849,51.2,69.4,1,6,L,2.6135
traceC,v3,850,54.8,69.5,1,6,L,2.6449
traceC,v3,851,50.0,69.3,1,6,L,2.6758
traceC,v3,852,51.4,69.4,1,6,L,2.7062
traceC,v3,853,55.1,69.3,1,6,L,2.7362
traceC,v3,854,48.2,69.4,1,6,L,2.7655
traceC,v3,855,54.3,69.4,1,6,L,2.7944
traceC,v3,856,51.6,69.4,1,6,L,2.8227
traceC,v3,857,53.6,69.4,1,6,L,2.8505
traceC,v3,858,51.2,69.4,1,6,L,2.8777
traceC,v3,859,51.8,69.4,1,6,L,2.9044
traceC,v3,860,55.2,69.4,1,6,L,2.9304
traceC,v3,861,49.9,69.4,1,6,L,2.9559
traceC,v3,862,51.8,69.4,1,6,L,2.9808
traceC,v3,863,53.2,69.4,1,6,L,3.0051
traceC,v3,864,55.3,69.4,1,6,L,3.0287
traceC,v3,865,50.6,69.6,1,6,L,3.0518
traceC,v3,866,50.7,69.5,1,6,L,3.0742
traceC,v3,867,54.1,69.3,1,6,L,3.0959
traceC,v3,868,50.9,69.5,1,6,L,3.1171
traceC,v3,869,53.2,69.5,1,6,L,3.1375
traceC,v3,870,56.4,69.4,1,6,L,3.1573
traceC,v3,871,49.2,69.5,1,6,L,3.1765
traceC,v3,872,52.2,69.4,1,6,L,3.1950
traceC,v3,873,51.4,69.4,1,6,L,3.2127
traceC,v3,874,53.2,69.5,1,6,L,3.2298
traceC,v3,875,53.1,69.5,1,6,L,3.2463
traceC,v3,876,51.4,69.5,1,6,L,3.2620
traceC,v3,877,51.7,69.5,1,6,L,3.2770
traceC,v3,878,53.5,69.5,1,6,L,3.2913
traceC,v3,879,51.1,69.5,1,6,L,3.3049
traceC,v3,880,53.2,69.5,1,6,L,3.3177
traceC,v3,881,52.6,69.6,1,6,L,3.3299
traceC,v3,882,51.5,69.5,1,6,L,3.3413
traceC,v3,883,51.9,69.5,1,6,L,3.3520
traceC,v3,884,51.6,69.4,1,6,L,3.3620
traceC,v3,885,53.6,69.6,1,6,L,3.3712
traceC,v3,886,52.0,69.5,1,6,L,3.3797
traceC,v3,887,53.3,69.6,1,6,L,3.3874
traceC,v3,888,54.4,69.6,1,6,L,3.3944
traceC,v3,889,49.4,69.5,1,6,L,3.4007
traceC,v3,890,51.5,69.6,1,6,L,3.4062
traceC,v3,891,53.7,69.6,1,6,L,3.4109
traceC,v3,892,52.1,69.6,1,6,L,3.4149
traceC,v3,893,52.4,69.5,1,6,L,3.4181
traceC,v3,894,51.1,69.6,1,6,L,3.4206
traceC,v3,895,56.9,69.6,1,6,L,3.4223
traceC,v3,896,48.4,69.5,1,6,L,3.4233
traceC,v3,897,52.2,69.9,1,6,L,3.4235
traceC,v3,898,53.0,69.5,1,6,L,3.4230
traceC,v3,899,52.4,69.5,1,6,L,3.4216
traceC,v3,900,56.1,69.5,1,6,L,3.4196
traceC,v3,901,48.8,69.6,1,6,L,3.4167
traceC,v3,902,52.2,69.5,1,6,L,3.4131
traceC,v3,903,52.1,69.5,1,6,L,3.4088
traceC,v3,904,51.1,69.5,1,6,L,3.4037
traceC,v3,905,52.7,69.5,1,6,L,3.3978
traceC,v3,906,53.1,69.5,1,6,L,3.3912
traceC,v3,907,51.3,69.5,1,6,L,3.3839
traceC,v3,908,52.9,69.5,1,6,L,3.3758
traceC,v3,909,52.0,70.2,1,6,L,3.3669
traceC,v3,910,53.9,70.2,1,6,L,3.3573
traceC,v3,911,52.1,70.5,1,6,L,3.3470
traceC,v3,912,52.2,70.9,1,6,L,3.3359
traceC,v3,913,56.0,70.7,1,6,L,3.3241
traceC,v3,914,48.7,69.5,1,6,L,3.3116
traceC,v3,915,51.9,69.6,1,6,L,3.2983
traceC,v3,916,53.0,69.6,1,6,L,3.2843
traceC,v3,917,51.5,69.6,1,6,L,3.2697
traceC,v3,918,52.3,69.7,1,6,L,3.2543
traceC,v3,919,52.1,69.6,1,6,L,3.2382
traceC,v3,920,52.0,69.5,1,6,L,3.2214
traceC,v3,921,55.2,69.6,1,6,L,3.2039
traceC,v3,922,50.1,69.6,1,6,L,3.1857
traceC,v3,923,51.8,69.6,1,6,L,3.1669
traceC,v3,924,55.2,69.6,1,6,L,3.1473
traceC,v3,925,50.6,69.6,1,6,L,3.1272
traceC,v3,926,53.0,69.6,1,6,L,3.1063
traceC,v3,927,54.0,69.6,1,6,L,3.0848
traceC,v3,928,50.9,69.5,1,6,L,3.0627
traceC,v3,929,49.5,69.6,1,6,L,3.0399
traceC,v3,930,55.6,69.5,1,6,L,3.0166
traceC,v3,931,51.6,69.6,1,6,L,2.9926
traceC,v3,932,51.0,69.7,1,6,L,2.9680
traceC,v3,933,52.1,69.6,1,6,L,2.9428
traceC,v3,934,53.0,69.5,1,6,L,2.9171
traceC,v3,935,51.9,69.5,1,6,L,2.8907
traceC,v3,936,54.2,69.6,1,6,L,2.8639
traceC,v3,937,51.3,69.6,1,6,L,2.8364
traceC,v3,938,52.7,69.6,1,6,L,2.8085
traceC,v3,939,51.4,69.6,1,6,L,2.7800
traceC,v3,940,52.5,69.6,1,6,L,2.7511
traceC,v3,941,51.4,69.6,1,6,L,2.7216
traceC,v3,942,53.0,69.7,1,6,L,2.6917
traceC,v3,943,52.1,69.5,1,6,L,2.6613
traceC,v3,944,52.5,69.6,1,6,L,2.6305
traceC,v3,945,53.4,69.6,1,6,L,2.5992
traceC,v3,946,51.0,69.7,1,6,L,2.5676
traceC,v3,947,52.4,69.8,1,6,L,2.5356
traceC,v3,948,53.4,69.8,1,6,L,2.5032
traceC,v3,949,51.4,69.7,1,6,L,2.4704
traceC,v3,950,51.7,69.8,1,6,L,2.4374
traceC,v3,951,53.0,69.8,1,6,L,2.4040
traceC,v3,952,52.9,69.8,1,6,L,2.3704
traceC,v3,953,52.1,69.8,1,6,L,2.3365
traceC,v3,954,52.7,69.8,1,6,L,2.3024
traceC,v3,955,53.4,69.7,1,6,L,2.2681
traceC,v3,956,51.5,70.4,1,6,L,2.2337
traceC,v3,957,52.7,70.6,1,6,L,2.1991
traceC,v3,958,52.0,70.6,1,6,L,2.1644
traceC,v3,959,50.2,70.6,1,6,L,2.1296
traceC,v3,960,52.9,70.6,1,6,L,2.0948
traceC,v3,961,54.2,70.7,1,6,L,2.0600
traceC,v3,962,50.9,71.2,1,6,L,2.0252
traceC,v3,963,53.7,70.1,1,6,L,1.9906
traceC,v3,964,51.1,70.2,1,6,L,1.9560
traceC,v3,965,56.4,69.8,1,6,L,1.9216
traceC,v3,966,47.9,69.8,1,6,L,1.8875
traceC,v3,967,52.0,70.9,1,6,L,1.8536
traceC,v3,968,53.8,72.0,1,6,L,1.8201
traceC,v3,969,52.5,69.7,1,6,L,1.7870
traceC,v3,970,51.1,72.2,1,6,L,1.7543
traceC,v3,971,53.7,72.9,1,6,L,1.7221
traceC,v3,972,51.2,71.4,1,6,L,1.6905
traceC,v3,973,53.4,70.8,1,6,L,1.6596
traceC,v3,974,52.4,69.5,1,6,L,1.6294
traceC,v3,975,50.6,69.4,1,6,L,1.6001
traceC,v3,976,54.1,69.5,1,6,L,1.5716
traceC,v3,977,51.6,69.6,1,6,L,1.5441
traceC,v3,978,52.1,69.4,1,6,L,1.5176
traceC,v3,979,53.4,69.5,1,6,L,1.4924
traceC,v3,980,51.7,69.6,1,6,L,1.4683
traceC,v3,981,51.3,69.4,1,6,L,1.4457
traceC,v3,982,55.2,69.9,1,6,L,1.4244
traceC,v3,983,50.4,69.0,1,6,L,1.4047
traceC,v3,984,52.7,69.0,1,6,L,1.3866
traceC,v3,985,51.5,69.0,1,6,L,1.3703
traceC,v3,986,55.9,68.9,1,6,L,1.3557
traceC,v3,987,50.1,69.0,1,6,L,1.3431
traceC,v3,988,53.6,69.0,1,6,L,1.3324
traceC,v3,989,51.3,69.2,1,6,L,1.3237
traceC,v3,990,52.0,69.3,1,6,L,1.3172
traceC,v3,991,51.0,69.1,1,6,L,1.3127
traceC,v3,992,52.4,69.3,1,6,L,1.3105
traceC,v3,993,52.4,69.2,1,6,L,1.3104
traceC,v3,994,52.0,69.0,1,6,L,1.3126
traceC,v3,995,55.4,69.0,1,6,L,1.3169
traceC,v3,996,50.9,69.0,1,6,L,1.3234
traceC,v3,997,55.6,69.7,1,6,L,1.3321
traceC,v3,998,48.4,69.4,1,6,L,1.3429
traceC,v3,999,52.7,69.6,1,6,L,1.3557
traceD,fixed20,0,35.6,1891.2,1,7,,1.6133
traceD,fixed20,1,29.9,232.3,1,8,,1.6108
traceD,fixed20,2,33.1,229.2,1,8,,1.6084
traceD,fixed20,3,35.6,230.3,1,8,,1.6060
traceD,fixed20,4,31.3,226.8,1,8,,1.6035
traceD,fixed20,5,30.5,227.7,1,8,,1.6011
traceD,fixed20,6,31.2,227.7,1,8,,1.5987
traceD,fixed20,7,33.4,229.1,1,8,,1.5962
traceD,fixed20,8,31.2,228.5,1,8,,1.5938
traceD,fixed20,9,34.1,228.0,1,8,,1.5915
traceD,fixed20,10,33.1,228.7,1,8,,1.5891
traceD,fixed20,11,34.1,228.6,1,8,,1.5868
traceD,fixed20,12,34.0,228.4,1,8,,1.5845
traceD,fixed20,13,30.9,228.6,1,8,,1.5823
traceD,fixed20,14,30.2,227.7,1,8,,1.5801
traceD,fixed20,15,37.0,228.3,1,8,,1.5780
traceD,fixed20,16,29.4,228.3,1,8,,1.5759
traceD,fixed20,17,35.1,228.3,1,8,,1.5739
traceD,fixed20,18,33.7,228.3,1,8,,1.5720
traceD,fixed20,19,30.8,228.0,1,8,,1.5701
traceD,fixed20,20,32.9,227.8,1,8,,1.5683
traceD,fixed20,21,35.1,228.7,1,8,,1.5666
traceD,fixed20,22,28.8,227.7,1,8,,1.5650
traceD,fixed20,23,29.0,227.6,1,8,,1.5635
traceD,fixed20,24,31.1,227.8,1,8,,1.5620
traceD,fixed20,25,34.6,230.5,1,8,,1.5607
traceD,fixed20,26,30.2,226.9,1,8,,1.5595
traceD,fixed20,27,32.8,229.6,1,8,,1.5583
traceD,fixed20,28,35.5,228.5,1,8,,1.5573
traceD,fixed20,29,33.5,231.5,1,8,,1.5564
traceD,fixed20,30,31.8,230.6,1,8,,1.5556
traceD,fixed20,31,31.1,229.8,1,8,,1.5549
traceD,fixed20,32,33.8,228.7,1,8,,1.5543
traceD,fixed20,33,35.5,228.4,1,8,,1.5538
traceD,fixed20,34,30.8,228.6,1,8,,1.5535
traceD,fixed20,35,31.1,227.8,1,8,,1.5533
traceD,fixed20,36,34.7,228.1,1,8,,1.5532
traceD,fixed20,37,30.5,227.7,1,8,,1.5532
traceD,fixed20,38,33.4,226.7,1,8,,1.5533
traceD,fixed20,39,34.0,228.7,1,8,,1.5536
traceD,fixed20,40,31.1,227.7,1,8,,1.5540
traceD,fixed20,41,34.3,227.2,1,8,,1.5545
traceD,fixed20,42,35.6,227.5,1,8,,1.5551
traceD,fixed20,43,34.7,228.1,1,8,,1.5558
traceD,fixed20,44,34.9,227.5,1,8,,1.5567
traceD,fixed20,45,33.1,226.9,1,8,,1.5577
traceD,fixed20,46,34.0,231.2,1,8,,1.5588
traceD,fixed20,47,30.5,231.5,1,8,,1.5600
traceD,fixed20,48,31.3,230.6,1,8,,1.5613
traceD,fixed20,49,34.8,228.5,1,8,,1.5628
traceD,fixed20,50,34.2,227.2,1,8,,1.5643
traceD,fixed20,51,35.3,229.4,1,8,,1.5659
traceD,fixed20,52,35.5,227.5,1,8,,1.5677
traceD,fixed20,53,35.0,226.5,1,8,,1.5695
traceD,fixed20,54,33.5,227.9,1,8,,1.5715
traceD,fixed20,55,35.7,227.2,1,8,,1.5735
traceD,fixed20,56,30.6,227.1,1,8,,1.5756
traceD,fixed20,57,34.6,226.4,1,8,,1.5778
traceD,fixed20,58,30.5,226.5,1,8,,1.5801
traceD,fixed20,59,32.5,227.4,1,8,,1.5824
traceD,fixed20,60,35.0,227.8,1,8,,1.5849
traceD,fixed20,61,33.5,226.7,1,8,,1.5873
traceD,fixed20,62,32.7,226.1,1,8,,1.5899
traceD,fixed20,63,34.6,225.9,1,8,,1.5925
traceD,fixed20,64,34.7,227.6,1,8,,1.5951
traceD,fixed20,65,35.1,226.6,1,8,,1.5978
traceD,fixed20,66,35.6,226.8,1,8,,1.6005
traceD,fixed20,67,28.4,227.6,1,8,,1.6033
traceD,fixed20,68,31.0,227.4,1,8,,1.6061
traceD,fixed20,69,29.6,227.1,1,8,,1.6089
traceD,fixed20,70,34.2,231.1,1,8,,1.6117
traceD,fixed20,71,34.1,230.8,1,8,,1.6146
traceD,fixed20,72,37.2,230.8,1,8,,1.6174
traceD,fixed20,73,29.0,229.4,1,8,,1.6202
traceD,fixed20,74,33.5,231.4,1,8,,1.6231
traceD,fixed20,75,34.8,227.5,1,8,,1.6259
traceD,fixed20,76,35.8,227.7,1,8,,1.6287
traceD,fixed20,77,31.3,226.7,1,8,,1.6315
traceD,fixed20,78,33.9,228.4,1,8,,1.6342
traceD,fixed20,79,30.1,226.8,1,8,,1.6369
traceD,fixed20,80,33.1,226.7,1,8,,1.6396
traceD,fixed20,81,34.6,227.6,1,8,,1.6422
traceD,fixed20,82,33.9,228.3,1,8,,1.6448
traceD,fixed20,83,35.3,228.4,1,8,,1.6473
traceD,fixed20,84,34.2,228.8,1,8,,1.6497
traceD,fixed20,85,34.6,228.1,1,8,,1.6521
traceD,fixed20,86,34.0,227.6,1,8,,1.6543
traceD,fixed20,87,34.1,228.1,1,8,,1.6565
traceD,fixed20,88,34.7,228.0,1,8,,1.6587
traceD,fixed20,89,32.6,227.8,1,8,,1.6607
traceD,fixed20,90,27.0,226.5,1,8,,1.6626
traceD,fixed20,91,33.6,227.8,1,8,,1.6644
traceD,fixed20,92,34.3,229.1,1,8,,1.6661
traceD,fixed20,93,35.6,228.0,1,8,,1.6677
traceD,fixed20,94,33.7,230.8,1,8,,1.6692
traceD,fixed20,95,35.3,233.0,1,8,,1.6705
traceD,fixed20,96,34.8,227.2,1,8,,1.6717
traceD,fixed20,97,33.8,231.2,1,8,,1.6728
traceD,fixed20,98,34.1,231.7,1,8,,1.6738
traceD,fixed20,99,34.0,229.0,1,8,,1.6746
traceD,fixed20,100,33.6,231.2,1,8,,1.6752
traceD,fixed20,101,33.7,231.3,1,8,,1.6757
traceD,fixed20,102,34.7,232.9,1,8,,1.6761
traceD,fixed20,103,34.9,228.9,1,8,,1.6763
traceD,fixed20,104,34.6,231.6,1,8,,1.6763
traceD,fixed20,105,35.8,230.3,1,8,,1.6762
traceD,fixed20,106,32.9,230.3,1,8,,1.6759
traceD,fixed20,107,35.6,231.6,1,8,,1.6754
traceD,fixed20,108,35.4,231.4,1,8,,1.6747
traceD,fixed20,109,34.6,229.5,1,8,,1.6739
traceD,fixed20,110,35.6,228.2,1,8,,1.6729
traceD,fixed20,111,35.3,227.6,1,8,,1.6717
traceD,fixed20,112,33.4,228.1,1,8,,1.6703
traceD,fixed20,113,35.5,229.1,1,8,,1.6688
traceD,fixed20,114,34.6,230.1,1,8,,1.6670
traceD,fixed20,115,34.9,228.1,1,8,,1.6650
traceD,fixed20,116,34.5,228.5,1,8,,1.6629
traceD,fixed20,117,34.8,231.3,1,8,,1.6606
traceD,fixed20,118,35.7,229.2,1,8,,1.6580
traceD,fixed20,119,33.7,228.1,1,8,,1.6553
traceD,fixed20,120,31.4,229.3,1,8,,1.6524
traceD,fixed20,121,35.9,229.0,1,8,,1.6492
traceD,fixed20,122,30.8,227.5,1,8,,1.6459
traceD,fixed20,123,33.9,227.7,1,8,,1.6424
traceD,fixed20,124,33.3,228.1,1,8,,1.6387
traceD,fixed20,125,32.0,228.7,1,8,,1.6347
traceD,fixed20,126,28.5,228.0,1,8,,1.6306
traceD,fixed20,127,31.4,228.6,1,8,,1.6263
traceD,fixed20,128,34.6,228.5,1,8,,1.6218
traceD,fixed20,129,33.6,227.7,1,8,,1.6171
traceD,fixed20,130,31.4,229.3,1,8,,1.6121
traceD,fixed20,131,35.0,227.8,1,8,,1.6070
traceD,fixed20,132,29.8,227.3,1,8,,1.6017
traceD,fixed20,133,33.1,227.7,1,8,,1.5962
traceD,fixed20,134,31.5,228.3,1,8,,1.5906
traceD,fixed20,135,32.4,227.9,1,8,,1.5847
traceD,fixed20,136,33.8,230.9,1,8,,1.5787
traceD,fixed20,137,30.2,228.7,1,8,,1.5724
traceD,fixed20,138,33.3,228.2,1,8,,1.5660
traceD,fixed20,139,33.7,228.9,1,8,,1.5595
traceD,fixed20,140,34.6,228.5,1,8,,1.5527
traceD,fixed20,141,33.7,227.2,1,8,,1.5458
traceD,fixed20,142,33.3,228.5,1,8,,1.5388
traceD,fixed20,143,33.7,228.9,1,8,,1.5315
traceD,fixed20,144,35.5,227.5,1,8,,1.5242
traceD,fixed20,145,33.9,228.5,1,8,,1.5166
traceD,fixed20,146,34.4,227.7,1,8,,1.5090
traceD,fixed20,147,35.9,228.4,1,8,,1.5012
traceD,fixed20,148,32.9,227.2,1,8,,1.4933
traceD,fixed20,149,35.5,227.2,1,8,,1.4852
traceD,fixed20,150,34.6,228.1,1,8,,1.4770
traceD,fixed20,151,33.3,228.7,1,8,,1.4688
traceD,fixed20,152,36.5,227.4,1,8,,1.4604
traceD,fixed20,153,30.8,230.0,1,8,,1.4519
traceD,fixed20,154,28.7,228.6,1,8,,1.4434
traceD,fixed20,155,34.3,230.1,1,8,,1.4348
traceD,fixed20,156,34.7,229.4,1,8,,1.4261
traceD,fixed20,157,36.1,226.9,1,8,,1.4173
traceD,fixed20,158,32.4,203.5,1,7,,1.4085
traceD,fixed20,159,35.4,201.6,1,7,,1.3996
traceD,fixed20,160,33.2,201.7,1,7,,1.3908
traceD,fixed20,161,30.3,201.7,1,7,,1.3819
traceD,fixed20,162,33.5,201.4,1,7,,1.3730
traceD,fixed20,163,31.0,201.0,1,7,,1.3641
traceD,fixed20,164,34.3,200.8,1,7,,1.3552
traceD,fixed20,165,35.2,200.6,1,7,,1.3463
traceD,fixed20,166,34.6,201.3,1,7,,1.3375
traceD,fixed20,167,35.2,201.0,1,7,,1.3287
traceD,fixed20,168,34.0,200.6,1,7,,1.3200
traceD,fixed20,169,31.4,201.3,1,7,,1.3114
traceD,fixed20,170,33.5,200.7,1,7,,1.3028
traceD,fixed20,171,35.7,201.4,1,7,,1.2944
traceD,fixed20,172,30.0,201.0,1,7,,1.2861
traceD,fixed20,173,34.7,199.4,1,7,,1.2779
traceD,fixed20,174,29.2,199.6,1,7,,1.2699
traceD,fixed20,175,35.3,200.7,1,7,,1.2620
traceD,fixed20,176,32.3,200.5,1,7,,1.2543
traceD,fixed20,177,32.4,200.3,1,7,,1.2468
traceD,fixed20,178,34.9,200.7,1,7,,1.2395
traceD,fixed20,179,32.4,174.1,1,6,,1.2324
traceD,fixed20,180,34.5,173.6,1,6,,1.2256
traceD,fixed20,181,32.7,173.4,1,6,,1.2190
traceD,fixed20,182,34.3,173.5,1,6,,1.2127
traceD,fixed20,183,31.9,173.0,1,6,,1.2067
traceD,fixed20,184,32.1,175.5,1,6,,1.2010
traceD,fixed20,185,34.6,173.2,1,6,,1.1955
traceD,fixed20,186,30.8,173.6,1,6,,1.1905
traceD,fixed20,187,32.0,174.8,1,6,,1.1857
traceD,fixed20,188,32.2,174.4,1,6,,1.1814
traceD,fixed20,189,33.6,174.1,1,6,,1.1774
traceD,fixed20,190,36.3,173.8,1,6,,1.1738
traceD,fixed20,191,34.7,173.6,1,6,,1.1706
traceD,fixed20,192,35.1,173.6,1,6,,1.1678
traceD,fixed20,193,33.8,173.5,1,6,,1.1654
traceD,fixed20,194,28.8,174.6,1,6,,1.1634
traceD,fixed20,195,33.3,173.6,1,6,,1.1619
traceD,fixed20,196,33.9,173.8,1,6,,1.1609
traceD,fixed20,197,35.6,174.2,1,6,,1.1603
traceD,fixed20,198,35.5,174.9,1,6,,1.1602
traceD,fixed20,199,33.2,174.7,1,6,,1.1605
traceD,fixed20,200,35.2,174.5,1,6,,1.1613
traceD,fixed20,201,35.0,173.8,1,6,,1.1626
traceD,fixed20,202,34.1,175.7,1,6,,1.1644
traceD,fixed20,203,35.6,174.4,1,6,,1.1667
traceD,fixed20,204,33.9,174.3,1,6,,1.1694
traceD,fixed20,205,35.6,174.0,1,6,,1.1726
traceD,fixed20,206,33.4,174.4,1,6,,1.1764
traceD,fixed20,207,35.6,173.8,1,6,,1.1806
traceD,fixed20,208,30.7,174.7,1,6,,1.1852
traceD,fixed20,209,34.6,175.0,1,6,,1.1904
traceD,fixed20,210,32.6,175.7,1,6,,1.1959
traceD,fixed20,211,34.2,175.0,1,6,,1.2020
traceD,fixed20,212,31.5,174.9,1,6,,1.2085
traceD,fixed20,213,34.9,176.7,1,6,,1.2154
traceD,fixed20,214,35.6,173.8,1,6,,1.2228
traceD,fixed20,215,30.2,174.3,1,6,,1.2306
traceD,fixed20,216,40.5,175.7,1,6,,1.2388
traceD,fixed20,217,29.4,175.0,1,6,,1.2474
traceD,fixed20,218,33.0,175.0,1,6,,1.2564
traceD,fixed20,219,35.2,175.0,1,6,,1.2657
traceD,fixed20,220,31.7,229.7,1,8,,1.2754
traceD,fixed20,221,29.5,230.2,1,8,,1.2854
traceD,fixed20,222,36.1,228.8,1,8,,1.2958
traceD,fixed20,223,32.0,228.1,1,8,,1.3065
traceD,fixed20,224,32.5,227.5,1,8,,1.3175
traceD,fixed20,225,34.1,228.4,1,8,,1.3287
traceD,fixed20,226,35.2,227.8,1,8,,1.3403
traceD,fixed20,227,32.6,228.4,1,8,,1.3521
traceD,fixed20,228,36.6,228.5,1,8,,1.3641
traceD,fixed20,229,29.7,228.3,1,8,,1.3764
traceD,fixed20,230,34.6,228.5,1,8,,1.3888
traceD,fixed20,231,33.2,228.6,1,8,,1.4015
traceD,fixed20,232,29.6,227.7,1,8,,1.4143
traceD,fixed20,233,34.4,226.8,1,8,,1.4273
traceD,fixed20,234,34.3,228.5,1,8,,1.4404
traceD,fixed20,235,35.4,229.0,1,8,,1.4537
traceD,fixed20,236,36.5,227.7,1,8,,1.4671
traceD,fixed20,237,27.3,229.4,1,8,,1.4806
traceD,fixed20,238,36.0,228.7,1,8,,1.4942
traceD,fixed20,239,30.9,227.5,1,8,,1.5078
traceD,fixed20,240,32.4,228.1,1,8,,1.5216
traceD,fixed20,241,31.8,228.3,1,8,,1.5353
traceD,fixed20,242,32.4,228.3,1,8,,1.5491
traceD,fixed20,243,34.3,228.3,1,8,,1.5629
traceD,fixed20,244,31.4,228.3,1,8,,1.5767
traceD,fixed20,245,34.9,228.3,1,8,,1.5905
traceD,fixed20,246,31.3,229.3,1,8,,1.6043
traceD,fixed20,247,36.0,229.7,1,8,,1.6181
traceD,fixed20,248,35.6,228.2,1,8,,1.6318
traceD,fixed20,249,33.7,227.9,1,8,,1.6454
traceD,fixed20,250,29.8,228.2,1,8,,1.6590
traceD,fixed20,251,31.8,228.6,1,8,,1.6725
traceD,fixed20,252,30.5,228.3,1,8,,1.6859
traceD,fixed20,253,31.4,228.5,1,8,,1.6992
traceD,fixed20,254,31.4,228.0,1,8,,1.7124
traceD,fixed20,255,30.0,228.5,1,8,,1.7255
traceD,fixed20,256,36.6,229.5,1,8,,1.7384
traceD,fixed20,257,33.1,228.1,1,8,,1.7512
traceD,fixed20,258,33.8,229.3,1,8,,1.7638
traceD,fixed20,259,34.5,232.4,1,8,,1.7763
traceD,fixed20,260,34.3,230.5,1,8,,1.7885
traceD,fixed20,261,35.3,228.7,1,8,,1.8006
traceD,fixed20,262,36.0,229.6,1,8,,1.8125
traceD,fixed20,263,32.8,230.9,1,8,,1.8242
traceD,fixed20,264,35.7,236.4,1,8,,1.8357
traceD,fixed20,265,33.1,231.5,1,8,,1.8470
traceD,fixed20,266,33.3,229.8,1,8,,1.8580
traceD,fixed20,267,28.7,229.2,1,8,,1.8688
traceD,fixed20,268,35.9,229.2,1,8,,1.8793
traceD,fixed20,269,34.0,232.4,1,8,,1.8896
traceD,fixed20,270,32.8,228.5,1,8,,1.8996
traceD,fixed20,271,32.2,228.9,1,8,,1.9094
traceD,fixed20,272,35.2,229.1,1,8,,1.9189
traceD,fixed20,273,31.7,229.1,1,8,,1.9281
traceD,fixed20,274,31.7,227.8,1,8,,1.9370
traceD,fixed20,275,33.0,228.7,1,8,,1.9456
traceD,fixed20,276,35.3,228.7,1,8,,1.9539
traceD,fixed20,277,32.7,228.9,1,8,,1.9619
traceD,fixed20,278,34.3,229.2,1,8,,1.9696
traceD,fixed20,279,33.4,228.6,1,8,,1.9770
traceD,fixed20,280,31.5,228.2,1,8,,1.9840
traceD,fixed20,281,35.2,230.5,1,8,,1.9907
traceD,fixed20,282,31.4,229.3,1,8,,1.9970
traceD,fixed20,283,32.8,229.3,1,8,,2.0031
traceD,fixed20,284,31.4,229.2,1,8,,2.0087
traceD,fixed20,285,33.7,228.7,1,8,,2.0140
traceD,fixed20,286,34.2,229.0,1,8,,2.0190
traceD,fixed20,287,34.0,229.1,1,8,,2.0236
traceD,fixed20,288,31.0,227.7,1,8,,2.0278
traceD,fixed20,289,33.5,229.2,1,8,,2.0317
traceD,fixed20,290,30.2,228.7,1,8,,2.0351
traceD,fixed20,291,33.1,230.0,1,8,,2.0382
traceD,fixed20,292,32.1,228.2,1,8,,2.0410
traceD,fixed20,293,32.3,229.2,1,8,,2.0433
traceD,fixed20,294,33.5,228.4,1,8,,2.0452
traceD,fixed20,295,34.0,228.1,1,8,,2.0468
traceD,fixed20,296,31.0,229.4,1,8,,2.0479
traceD,fixed20,297,33.5,227.7,1,8,,2.0487
traceD,fixed20,298,34.9,227.5,1,8,,2.0490
traceD,fixed20,299,35.2,228.5,1,8,,2.0490
traceD,fixed20,300,33.3,227.7,1,8,,2.0485
traceD,fixed20,301,34.6,232.8,1,8,,2.0476
traceD,fixed20,302,34.5,227.2,1,8,,2.0463
traceD,fixed20,303,34.9,232.0,1,8,,2.0446
traceD,fixed20,304,35.4,230.4,1,8,,2.0425
traceD,fixed20,305,32.1,227.5,1,8,,2.0400
traceD,fixed20,306,34.2,228.4,1,8,,2.0371
traceD,fixed20,307,33.6,227.0,1,8,,2.0337
traceD,fixed20,308,34.6,226.8,1,8,,2.0299
traceD,fixed20,309,33.4,227.2,1,8,,2.0257
traceD,fixed20,310,34.7,227.3,1,8,,2.0211
traceD,fixed20,311,31.1,227.9,1,8,,2.0161
traceD,fixed20,312,33.0,225.9,1,8,,2.0107
traceD,fixed20,313,36.2,226.4,1,8,,2.0048
traceD,fixed20,314,29.0,226.4,1,8,,1.9985
traceD,fixed20,315,33.6,227.3,1,8,,1.9918
traceD,fixed20,316,34.8,226.4,1,8,,1.9847
traceD,fixed20,317,38.2,226.4,1,8,,1.9771
traceD,fixed20,318,31.1,225.7,1,8,,1.9691
traceD,fixed20,319,34.0,226.5,1,8,,1.9608
traceD,fixed20,320,36.0,226.8,1,8,,1.9520
traceD,fixed20,321,34.9,226.8,1,8,,1.9428
traceD,fixed20,322,37.9,225.7,1,8,,1.9332
traceD,fixed20,323,32.3,225.8,1,8,,1.9231
traceD,fixed20,324,30.4,227.0,1,8,,1.9127
traceD,fixed20,325,33.1,230.8,1,8,,1.9019
traceD,fixed20,326,33.2,229.1,1,8,,1.8907
traceD,fixed20,327,33.4,227.4,1,8,,1.8790
traceD,fixed20,328,33.1,227.7,1,8,,1.8670
traceD,fixed20,329,35.8,226.4,1,8,,1.8546
traceD,fixed20,330,28.0,227.0,1,8,,1.8418
traceD,fixed20,331,33.1,228.1,1,8,,1.8287
traceD,fixed20,332,33.4,227.6,1,8,,1.8151
traceD,fixed20,333,31.5,226.0,1,8,,1.8012
traceD,fixed20,334,35.1,227.8,1,8,,1.7869
traceD,fixed20,335,34.3,228.0,1,8,,1.7722
traceD,fixed20,336,33.1,228.6,1,8,,1.7572
traceD,fixed20,337,33.5,227.4,1,8,,1.7418
traceD,fixed20,338,33.3,227.8,1,8,,1.7261
traceD,fixed20,339,33.1,228.3,1,8,,1.7101
traceD,fixed20,340,30.6,227.4,1,8,,1.6937
traceD,fixed20,341,35.1,227.8,1,8,,1.6769
traceD,fixed20,342,34.8,227.8,1,8,,1.6599
traceD,fixed20,343,33.9,227.8,1,8,,1.6426
traceD,fixed20,344,30.1,229.7,1,8,,1.6249
traceD,fixed20,345,33.1,229.6,1,8,,1.6070
traceD,fixed20,346,31.1,227.1,1,8,,1.5887
traceD,fixed20,347,35.6,228.5,1,8,,1.5702
traceD,fixed20,348,30.8,229.9,1,8,,1.5514
traceD,fixed20,349,34.9,228.5,1,8,,1.5324
traceD,fixed20,350,32.5,229.8,1,8,,1.5131
traceD,fixed20,351,31.4,227.5,1,8,,1.4936
traceD,fixed20,352,31.1,202.0,1,7,,1.4739
traceD,fixed20,353,29.7,201.2,1,7,,1.4540
traceD,fixed20,354,33.5,201.5,1,7,,1.4339
traceD,fixed20,355,30.1,174.5,1,6,,1.4136
traceD,fixed20,356,33.5,174.5,1,6,,1.3931
traceD,fixed20,357,31.0,174.8,1,6,,1.3725
traceD,fixed20,358,30.8,175.3,1,6,,1.3517
traceD,fixed20,359,31.1,175.2,1,6,,1.3309
traceD,fixed20,360,33.4,175.4,1,6,,1.3099
traceD,fixed20,361,36.0,175.2,1,6,,1.2889
traceD,fixed20,362,28.2,175.0,1,6,,1.2678
traceD,fixed20,363,36.1,175.3,1,6,,1.2467
traceD,fixed20,364,33.2,175.5,1,6,,1.2256
traceD,fixed20,365,35.6,174.6,1,6,,1.2045
traceD,fixed20,366,39.7,176.2,1,6,,1.1834
traceD,fixed20,367,29.8,174.6,1,6,,1.1625
traceD,fixed20,368,33.8,175.3,1,6,,1.1416
traceD,fixed20,369,36.1,174.4,1,6,,1.1208
traceD,fixed20,370,33.5,173.9,1,6,,1.1003
traceD,fixed20,371,33.4,174.0,1,6,,1.0799
traceD,fixed20,372,31.6,174.3,1,6,,1.0598
traceD,fixed20,373,35.6,174.7,1,6,,1.0400
traceD,fixed20,374,30.4,174.5,1,6,,1.0205
traceD,fixed20,375,34.3,176.1,1,6,,1.0013
traceD,fixed20,376,36.2,175.5,1,6,,0.9826
traceD,fixed20,377,34.6,174.5,1,6,,0.9644
traceD,fixed20,378,31.0,176.4,1,6,,0.9467
traceD,fixed20,379,31.7,176.5,1,6,,0.9296
traceD,fixed20,380,34.9,175.5,1,6,,0.9131
traceD,fixed20,381,29.9,176.3,1,6,,0.8973
traceD,fixed20,382,34.9,176.1,1,6,,0.8823
traceD,fixed20,383,35.2,174.8,1,6,,0.8681
traceD,fixed20,384,35.2,175.9,1,6,,0.8547
traceD,fixed20,385,34.1,174.9,1,6,,0.8424
traceD,fixed20,386,35.2,174.7,1,6,,0.8310
traceD,fixed20,387,34.5,175.0,1,6,,0.8208
traceD,fixed20,388,34.0,174.6,1,6,,0.8116
traceD,fixed20,389,35.7,174.5,1,6,,0.8037
traceD,fixed20,390,28.7,174.2,1,6,,0.7970
traceD,fixed20,391,34.5,174.4,1,6,,0.7916
traceD,fixed20,392,36.1,174.7,1,6,,0.7876
traceD,fixed20,393,32.0,174.9,1,6,,0.7849
traceD,fixed20,394,30.1,174.8,1,6,,0.7836
traceD,fixed20,395,30.7,174.5,1,6,,0.7838
traceD,fixed20,396,42.7,174.2,1,6,,0.7853
traceD,fixed20,397,36.6,175.0,1,6,,0.7883
traceD,fixed20,398,34.0,174.2,1,6,,0.7928
traceD,fixed20,399,35.8,174.4,1,6,,0.7986
traceD,fixed20,400,34.9,175.3,1,6,,0.8058
traceD,fixed20,401,35.6,175.0,1,6,,0.8143
traceD,fixed20,402,33.0,174.9,1,6,,0.8242
traceD,fixed20,403,35.6,174.8,1,6,,0.8352
traceD,fixed20,404,34.2,175.6,1,6,,0.8475
traceD,fixed20,405,33.8,174.3,1,6,,0.8610
traceD,fixed20,406,35.6,175.1,1,6,,0.8755
traceD,fixed20,407,34.6,174.1,1,6,,0.8911
traceD,fixed20,408,34.6,174.7,1,6,,0.9076
traceD,fixed20,409,34.6,174.5,1,6,,0.9250
traceD,fixed20,410,31.1,176.0,1,6,,0.9433
traceD,fixed20,411,33.6,174.7,1,6,,0.9624
traceD,fixed20,412,36.7,175.8,1,6,,0.9823
traceD,fixed20,413,27.3,175.6,1,6,,1.0028
traceD,fixed20,414,31.3,175.5,1,6,,1.0239
traceD,fixed20,415,35.6,175.0,1,6,,1.0456
traceD,fixed20,416,34.8,174.3,1,6,,1.0678
traceD,fixed20,417,34.5,175.0,1,6,,1.0906
traceD,fixed20,418,35.6,175.4,1,6,,1.1137
traceD,fixed20,419,33.0,175.2,1,6,,1.1372
traceD,fixed20,420,30.2,175.1,1,6,,1.1611
traceD,fixed20,421,33.8,174.7,1,6,,1.1853
traceD,fixed20,422,33.6,201.5,1,7,,1.2098
traceD,fixed20,423,34.9,229.4,1,8,,1.2345
traceD,fixed20,424,32.3,228.5,1,8,,1.2594
traceD,fixed20,425,35.6,227.9,1,8,,1.2845
traceD,fixed20,426,31.8,227.5,1,8,,1.3097
traceD,fixed20,427,30.9,226.6,1,8,,1.3351
traceD,fixed20,428,34.3,228.3,1,8,,1.3605
traceD,fixed20,429,29.3,227.5,1,8,,1.3860
traceD,fixed20,430,32.2,229.5,1,8,,1.4115
traceD,fixed20,431,34.8,226.4,1,8,,1.4371
traceD,fixed20,432,34.0,229.3,1,8,,1.4626
traceD,fixed20,433,34.9,227.8,1,8,,1.4881
traceD,fixed20,434,33.9,227.6,1,8,,1.5136
traceD,fixed20,435,34.7,227.6,1,8,,1.5390
traceD,fixed20,436,29.3,227.6,1,8,,1.5643
traceD,fixed20,437,31.9,227.9,1,8,,1.5895
traceD,fixed20,438,32.4,227.3,1,8,,1.6146
traceD,fixed20,439,39.5,226.9,1,8,,1.6395
traceD,fixed20,440,31.9,226.1,1,8,,1.6643
traceD,fixed20,441,33.8,228.0,1,8,,1.6890
traceD,fixed20,442,34.0,227.5,1,8,,1.7134
traceD,fixed20,443,33.5,229.6,1,8,,1.7376
traceD,fixed20,444,31.8,227.5,1,8,,1.7616
traceD,fixed20,445,33.7,228.0,1,8,,1.7854
traceD,fixed20,446,33.8,228.0,1,8,,1.8090
traceD,fixed20,447,36.0,228.9,1,8,,1.8323
traceD,fixed20,448,34.8,227.4,1,8,,1.8553
traceD,fixed20,449,34.0,225.8,1,8,,1.8781
traceD,fixed20,450,29.4,226.6,1,8,,1.9006
traceD,fixed20,451,34.3,226.7,1,8,,1.9228
traceD,fixed20,452,33.5,230.7,1,8,,1.9446
traceD,fixed20,453,30.3,226.5,1,8,,1.9662
traceD,fixed20,454,33.0,226.4,1,8,,1.9874
traceD,fixed20,455,31.9,227.2,1,8,,2.0083
traceD,fixed20,456,34.9,227.5,1,8,,2.0288
traceD,fixed20,457,31.5,225.8,1,8,,2.0490
traceD,fixed20,458,33.6,227.8,1,8,,2.0688
traceD,fixed20,459,35.4,225.5,1,8,,2.0882
traceD,fixed20,460,34.9,227.2,1,8,,2.1072
traceD,fixed20,461,33.5,227.1,1,8,,2.1259
traceD,fixed20,462,33.4,228.0,1,8,,2.1441
traceD,fixed20,463,35.3,228.4,1,8,,2.1620
traceD,fixed20,464,34.6,228.0,1,8,,2.1794
traceD,fixed20,465,37.3,227.5,1,8,,2.1964
traceD,fixed20,466,31.5,228.6,1,8,,2.2129
traceD,fixed20,467,33.9,227.4,1,8,,2.2290
traceD,fixed20,468,32.8,227.4,1,8,,2.2447
traceD,fixed20,469,33.2,229.0,1,8,,2.2599
traceD,fixed20,470,30.6,227.5,1,8,,2.2747
traceD,fixed20,471,33.5,229.0,1,8,,2.2890
traceD,fixed20,472,30.4,228.0,1,8,,2.3028
traceD,fixed20,473,33.1,228.2,1,8,,2.3161
traceD,fixed20,474,31.4,228.0,1,8,,2.3290
traceD,fixed20,475,32.7,228.5,1,8,,2.3413
traceD,fixed20,476,34.1,227.5,1,8,,2.3532
traceD,fixed20,477,31.0,228.3,1,8,,2.3645
traceD,fixed20,478,30.3,228.2,1,8,,2.3754
traceD,fixed20,479,34.5,228.8,1,8,,2.3857
traceD,fixed20,480,31.9,227.7,1,8,,2.3956
traceD,fixed20,481,31.1,227.8,1,8,,2.4049
traceD,fixed20,482,34.1,227.6,1,8,,2.4137
traceD,fixed20,483,32.6,227.8,1,8,,2.4219
traceD,fixed20,484,29.2,227.7,1,8,,2.4296
traceD,fixed20,485,31.5,228.4,1,8,,2.4368
traceD,fixed20,486,30.6,228.9,1,8,,2.4435
traceD,fixed20,487,32.0,228.8,1,8,,2.4495
traceD,fixed20,488,38.1,229.6,1,8,,2.4551
traceD,fixed20,489,28.4,229.0,1,8,,2.4601
traceD,fixed20,490,33.8,229.1,1,8,,2.4645
traceD,fixed20,491,30.0,228.3,1,8,,2.4684
traceD,fixed20,492,34.4,229.0,1,8,,2.4718
traceD,fixed20,493,32.4,228.3,1,8,,2.4745
traceD,fixed20,494,33.3,227.8,1,8,,2.4768
traceD,fixed20,495,30.2,228.5,1,8,,2.4784
traceD,fixed20,496,34.8,231.6,1,8,,2.4795
traceD,fixed20,497,31.8,228.8,1,8,,2.4800
traceD,fixed20,498,31.8,228.0,1,8,,2.4799
traceD,fixed20,499,31.8,229.4,1,8,,2.4793
traceD,fixed20,500,28.5,228.4,1,8,,2.4781
traceD,fixed20,501,34.3,228.6,1,8,,2.4763
traceD,fixed20,502,33.6,228.8,1,8,,2.4739
traceD,fixed20,503,28.7,228.8,1,8,,2.4710
traceD,fixed20,504,33.4,228.9,1,8,,2.4675
traceD,fixed20,505,34.3,228.1,1,8,,2.4634
traceD,fixed20,506,35.6,228.6,1,8,,2.4587
traceD,fixed20,507,33.7,228.1,1,8,,2.4535
traceD,fixed20,508,35.6,228.9,1,8,,2.4477
traceD,fixed20,509,35.4,228.5,1,8,,2.4413
traceD,fixed20,510,33.9,229.3,1,8,,2.4343
traceD,fixed20,511,34.6,228.1,1,8,,2.4268
traceD,fixed20,512,33.6,228.2,1,8,,2.4187
traceD,fixed20,513,32.5,227.9,1,8,,2.4100
traceD,fixed20,514,35.5,228.6,1,8,,2.4007
traceD,fixed20,515,35.9,228.9,1,8,,2.3909
traceD,fixed20,516,30.6,228.6,1,8,,2.3805
traceD,fixed20,517,35.7,227.9,1,8,,2.3696
traceD,fixed20,518,33.1,228.4,1,8,,2.3581
traceD,fixed20,519,36.2,230.4,1,8,,2.3460
traceD,fixed20,520,28.2,229.0,1,8,,2.3334
traceD,fixed20,521,30.8,228.8,1,8,,2.3202
traceD,fixed20,522,32.4,227.9,1,8,,2.3065
traceD,fixed20,523,33.0,227.4,1,8,,2.2922
traceD,fixed20,524,35.6,230.7,1,8,,2.2774
traceD,fixed20,525,29.3,229.1,1,8,,2.2620
traceD,fixed20,526,32.4,231.0,1,8,,2.2461
traceD,fixed20,527,30.7,228.0,1,8,,2.2297
traceD,fixed20,528,34.8,230.6,1,8,,2.2127
traceD,fixed20,529,32.3,229.2,1,8,,2.1952
traceD,fixed20,530,34.3,230.4,1,8,,2.1772
traceD,fixed20,531,34.2,229.0,1,8,,2.1587
traceD,fixed20,532,33.5,230.8,1,8,,2.1397
traceD,fixed20,533,33.6,228.3,1,8,,2.1201
traceD,fixed20,534,34.0,231.0,1,8,,2.1001
traceD,fixed20,535,32.0,229.2,1,8,,2.0796
traceD,fixed20,536,32.3,229.1,1,8,,2.0586
traceD,fixed20,537,32.9,228.1,1,8,,2.0371
traceD,fixed20,538,34.3,231.1,1,8,,2.0152
traceD,fixed20,539,36.0,228.5,1,8,,1.9928
traceD,fixed20,540,32.5,231.5,1,8,,1.9699
traceD,fixed20,541,30.8,231.9,1,8,,1.9466
traceD,fixed20,542,33.7,229.5,1,8,,1.9228
traceD,fixed20,543,32.6,227.9,1,8,,1.8987
traceD,fixed20,544,33.8,230.0,1,8,,1.8741
traceD,fixed20,545,29.9,228.6,1,8,,1.8491
traceD,fixed20,546,32.0,229.9,1,8,,1.8236
traceD,fixed20,547,33.4,227.6,1,8,,1.7978
traceD,fixed20,548,31.4,229.6,1,8,,1.7716
traceD,fixed20,549,33.6,227.6,1,8,,1.7451
traceD,fixed20,550,30.9,228.2,1,8,,1.7182
traceD,fixed20,551,34.9,226.2,1,8,,1.6909
traceD,fixed20,552,34.9,229.2,1,8,,1.6633
traceD,fixed20,553,33.2,227.2,1,8,,1.6354
traceD,fixed20,554,34.0,200.9,1,7,,1.6072
traceD,fixed20,555,32.7,174.9,1,6,,1.5787
traceD,fixed20,556,32.4,175.2,1,6,,1.5499
traceD,fixed20,557,34.1,174.8,1,6,,1.5209
traceD,fixed20,558,32.7,176.2,1,6,,1.4917
traceD,fixed20,559,35.9,174.0,1,6,,1.4622
traceD,fixed20,560,35.1,174.3,1,6,,1.4325
traceD,fixed20,561,33.4,173.3,1,6,,1.4027
traceD,fixed20,562,33.4,174.6,1,6,,1.3727
traceD,fixed20,563,34.7,174.0,1,6,,1.3425
traceD,fixed20,564,32.9,174.4,1,6,,1.3123
traceD,fixed20,565,32.8,174.1,1,6,,1.2820
traceD,fixed20,566,34.2,176.5,1,6,,1.2517
traceD,fixed20,567,35.1,174.1,1,6,,1.2213
traceD,fixed20,568,35.1,174.5,1,6,,1.1910
traceD,fixed20,569,33.9,174.6,1,6,,1.1608
traceD,fixed20,570,35.3,174.1,1,6,,1.1306
traceD,fixed20,571,34.4,173.3,1,6,,1.1007
traceD,fixed20,572,35.9,174.3,1,6,,1.0709
traceD,fixed20,573,33.6,173.9,1,6,,1.0414
traceD,fixed20,574,35.6,173.6,1,6,,1.0123
traceD,fixed20,575,34.8,174.0,1,6,,0.9835
traceD,fixed20,576,34.0,174.8,1,6,,0.9552
traceD,fixed20,577,35.5,173.8,1,6,,0.9275
traceD,fixed20,578,33.7,198.9,1,7,,0.9004
traceD,fixed20,579,36.0,174.1,1,6,,0.8740
traceD,fixed20,580,31.4,174.4,1,6,,0.8485
traceD,fixed20,581,36.3,173.5,1,6,,0.8239
traceD,fixed20,582,32.3,172.5,1,6,,0.8004
traceD,fixed20,583,35.0,173.5,1,6,,0.7782
traceD,fixed20,584,32.8,172.2,1,6,,0.7572
traceD,fixed20,585,31.0,173.9,1,6,,0.7378
traceD,fixed20,586,34.1,174.4,1,6,,0.7201
traceD,fixed20,587,35.8,175.5,1,6,,0.7042
traceD,fixed20,588,32.4,173.0,1,6,,0.6902
traceD,fixed20,589,34.0,173.1,1,6,,0.6783
traceD,fixed20,590,37.8,174.1,1,6,,0.6688
traceD,fixed20,591,30.0,176.8,1,6,,0.6616
traceD,fixed20,592,32.1,175.6,1,6,,0.6568
traceD,fixed20,593,34.6,173.4,1,6,,0.6546
traceD,fixed20,594,32.9,173.8,1,6,,0.6551
traceD,fixed20,595,33.7,202.5,1,7,,0.6581
traceD,fixed20,596,34.2,200.6,1,7,,0.6637
traceD,fixed20,597,35.7,233.3,1,8,,0.6718
traceD,fixed20,598,34.7,175.1,1,6,,0.6823
traceD,fixed20,599,33.9,175.7,1,6,,0.6952
traceD,fixed20,600,31.6,175.0,1,6,,0.7103
traceD,fixed20,601,34.2,174.9,1,6,,0.7274
traceD,fixed20,602,31.1,175.1,1,6,,0.7465
traceD,fixed20,603,34.6,175.4,1,6,,0.7673
traceD,fixed20,604,31.7,174.8,1,6,,0.7897
traceD,fixed20,605,34.4,176.2,1,6,,0.8136
traceD,fixed20,606,32.1,174.6,1,6,,0.8389
traceD,fixed20,607,32.9,174.7,1,6,,0.8654
traceD,fixed20,608,32.0,175.5,1,6,,0.8929
traceD,fixed20,609,33.6,175.0,1,6,,0.9214
traceD,fixed20,610,32.1,175.6,1,6,,0.9508
traceD,fixed20,611,35.8,175.3,1,6,,0.9810
traceD,fixed20,612,34.5,176.0,1,6,,1.0118
traceD,fixed20,613,34.6,175.6,1,6,,1.0432
traceD,fixed20,614,34.0,177.4,1,6,,1.0752
traceD,fixed20,615,30.8,176.6,1,6,,1.1076
traceD,fixed20,616,34.9,175.5,1,6,,1.1404
traceD,fixed20,617,34.9,176.8,1,6,,1.1735
traceD,fixed20,618,34.3,203.4,1,7,,1.2070
traceD,fixed20,619,33.9,203.4,1,7,,1.2406
traceD,fixed20,620,34.6,230.6,1,8,,1.2745
traceD,fixed20,621,31.6,229.8,1,8,,1.3085
traceD,fixed20,622,35.6,230.8,1,8,,1.3426
traceD,fixed20,623,30.4,228.4,1,8,,1.3768
traceD,fixed20,624,32.9,229.9,1,8,,1.4110
traceD,fixed20,625,29.8,228.1,1,8,,1.4453
traceD,fixed20,626,34.3,229.7,1,8,,1.4795
traceD,fixed20,627,29.9,229.8,1,8,,1.5137
traceD,fixed20,628,31.4,230.2,1,8,,1.5478
traceD,fixed20,629,35.6,229.2,1,8,,1.5818
traceD,fixed20,630,32.1,231.2,1,8,,1.6157
traceD,fixed20,631,30.4,229.5,1,8,,1.6495
traceD,fixed20,632,36.2,230.1,1,8,,1.6831
traceD,fixed20,633,33.6,230.7,1,8,,1.7165
traceD,fixed20,634,30.0,230.4,1,8,,1.7498
traceD,fixed20,635,32.4,230.9,1,8,,1.7828
traceD,fixed20,636,33.7,233.1,1,8,,1.8156
traceD,fixed20,637,30.8,230.6,1,8,,1.8481
traceD,fixed20,638,34.3,230.0,1,8,,1.8804
traceD,fixed20,639,35.6,229.5,1,8,,1.9124
traceD,fixed20,640,34.4,230.5,1,8,,1.9441
traceD,fixed20,641,34.0,230.3,1,8,,1.9755
traceD,fixed20,642,36.0,230.0,1,8,,2.0065
traceD,fixed20,643,34.4,229.7,1,8,,2.0373
traceD,fixed20,644,33.5,231.6,1,8,,2.0677
traceD,fixed20,645,30.5,231.2,1,8,,2.0977
traceD,fixed20,646,33.2,230.2,1,8,,2.1274
traceD,fixed20,647,35.1,230.1,1,8,,2.1566
traceD,fixed20,648,35.5,229.9,1,8,,2.1855
traceD,fixed20,649,32.8,229.6,1,8,,2.2140
traceD,fixed20,650,28.6,229.3,1,8,,2.2420
traceD,fixed20,651,32.1,229.9,1,8,,2.2696
traceD,fixed20,652,33.3,229.1,1,8,,2.2968
traceD,fixed20,653,30.3,228.5,1,8,,2.3236
traceD,fixed20,654,34.1,230.8,1,8,,2.3498
traceD,fixed20,655,33.3,230.6,1,8,,2.3756
traceD,fixed20,656,32.7,230.7,1,8,,2.4010
traceD,fixed20,657,32.8,229.9,1,8,,2.4258
traceD,fixed20,658,32.9,230.2,1,8,,2.4502
traceD,fixed20,659,33.1,229.6,1,8,,2.4740
traceD,fixed20,660,34.0,228.1,1,8,,2.4973
traceD,fixed20,661,35.6,227.8,1,8,,2.5201
traceD,fixed20,662,28.8,230.8,1,8,,2.5424
traceD,fixed20,663,32.9,229.2,1,8,,2.5642
traceD,fixed20,664,36.0,229.3,1,8,,2.5854
traceD,fixed20,665,30.1,229.6,1,8,,2.6060
traceD,fixed20,666,31.9,231.2,1,8,,2.6261
traceD,fixed20,667,34.6,232.6,1,8,,2.6457
traceD,fixed20,668,35.6,233.7,1,8,,2.6646
traceD,fixed20,669,34.3,233.5,1,8,,2.6830
traceD,fixed20,670,35.6,232.2,1,8,,2.7008
traceD,fixed20,671,35.6,230.0,1,8,,2.7180
traceD,fixed20,672,34.1,228.8,1,8,,2.7346
traceD,fixed20,673,35.9,229.9,1,8,,2.7506
traceD,fixed20,674,34.6,230.0,1,8,,2.7660
traceD,fixed20,675,33.4,228.9,1,8,,2.7808
traceD,fixed20,676,34.9,229.1,1,8,,2.7949
traceD,fixed20,677,32.6,228.8,1,8,,2.8085
traceD,fixed20,678,32.7,229.7,1,8,,2.8214
traceD,fixed20,679,31.6,230.1,1,8,,2.8337
traceD,fixed20,680,30.1,230.6,1,8,,2.8453
traceD,fixed20,681,31.6,230.2,1,8,,2.8563
traceD,fixed20,682,33.2,230.0,1,8,,2.8667
traceD,fixed20,683,30.6,229.2,1,8,,2.8764
traceD,fixed20,684,32.6,229.6,1,8,,2.8854
traceD,fixed20,685,34.4,229.8,1,8,,2.8938
traceD,fixed20,686,33.8,229.6,1,8,,2.9016
traceD,fixed20,687,34.7,229.4,1,8,,2.9086
traceD,fixed20,688,33.8,231.9,1,8,,2.9151
traceD,fixed20,689,34.0,228.8,1,8,,2.9208
traceD,fixed20,690,30.7,229.9,1,8,,2.9259
traceD,fixed20,691,32.2,229.2,1,8,,2.9303
traceD,fixed20,692,34.4,230.3,1,8,,2.9340
traceD,fixed20,693,35.3,229.8,1,8,,2.9370
traceD,fixed20,694,33.1,228.2,1,8,,2.9394
traceD,fixed20,695,32.1,229.6,1,8,,2.9411
traceD,fixed20,696,33.6,229.4,1,8,,2.9421
traceD,fixed20,697,34.2,229.5,1,8,,2.9425
traceD,fixed20,698,32.9,229.5,1,8,,2.9421
traceD,fixed20,699,30.1,228.9,1,8,,2.9411
traceD,fixed20,700,35.4,230.1,1,8,,2.9394
traceD,fixed20,701,33.1,229.8,1,8,,2.9370
traceD,fixed20,702,34.3,228.2,1,8,,2.9339
traceD,fixed20,703,34.5,227.8,1,8,,2.9301
traceD,fixed20,704,34.4,227.4,1,8,,2.9257
traceD,fixed20,705,34.6,228.3,1,8,,2.9205
traceD,fixed20,706,34.3,227.5,1,8,,2.9147
traceD,fixed20,707,35.1,227.1,1,8,,2.9082
traceD,fixed20,708,34.9,228.9,1,8,,2.9011
traceD,fixed20,709,33.6,228.0,1,8,,2.8932
traceD,fixed20,710,34.4,229.6,1,8,,2.8847
traceD,fixed20,711,34.4,228.3,1,8,,2.8755
traceD,fixed20,712,29.5,227.9,1,8,,2.8656
traceD,fixed20,713,32.0,225.2,1,8,,2.8551
traceD,fixed20,714,32.5,228.0,1,8,,2.8439
traceD,fixed20,715,32.0,226.7,1,8,,2.8320
traceD,fixed20,716,29.6,225.8,1,8,,2.8195
traceD,fixed20,717,29.6,226.8,1,8,,2.8063
traceD,fixed20,718,34.9,227.5,1,8,,2.7925
traceD,fixed20,719,32.4,228.1,1,8,,2.7780
traceD,fixed20,720,33.1,228.3,1,8,,2.7629
traceD,fixed20,721,30.3,227.9,1,8,,2.7471
traceD,fixed20,722,33.0,229.3,1,8,,2.7308
traceD,fixed20,723,32.4,228.6,1,8,,2.7137
traceD,fixed20,724,32.4,227.8,1,8,,2.6961
traceD,fixed20,725,34.0,229.5,1,8,,2.6778
traceD,fixed20,726,35.6,229.1,1,8,,2.6589
traceD,fixed20,727,33.9,229.7,1,8,,2.6394
traceD,fixed20,728,35.6,229.9,1,8,,2.6193
traceD,fixed20,729,33.6,230.0,1,8,,2.5986
traceD,fixed20,730,35.6,228.8,1,8,,2.5773
traceD,fixed20,731,34.9,229.5,1,8,,2.5555
traceD,fixed20,732,34.8,232.4,1,8,,2.5330
traceD,fixed20,733,35.6,230.5,1,8,,2.5100
traceD,fixed20,734,32.9,229.6,1,8,,2.4865
traceD,fixed20,735,35.5,228.9,1,8,,2.4624
traceD,fixed20,736,35.6,229.4,1,8,,2.4377
traceD,fixed20,737,34.0,229.4,1,8,,2.4125
traceD,fixed20,738,35.6,231.0,1,8,,2.3868
traceD,fixed20,739,33.2,229.8,1,8,,2.3606
traceD,fixed20,740,35.4,228.4,1,8,,2.3339
traceD,fixed20,741,33.5,229.2,1,8,,2.3067
traceD,fixed20,742,29.2,228.6,1,8,,2.2790
traceD,fixed20,743,29.8,230.7,1,8,,2.2509
traceD,fixed20,744,32.8,230.2,1,8,,2.2223
traceD,fixed20,745,34.3,229.2,1,8,,2.1932
traceD,fixed20,746,36.1,231.3,1,8,,2.1637
traceD,fixed20,747,35.0,228.3,1,8,,2.1339
traceD,fixed20,748,33.9,228.3,1,8,,2.1036
traceD,fixed20,749,35.2,229.8,1,8,,2.0729
traceD,fixed20,750,35.6,229.1,1,8,,2.0419
traceD,fixed20,751,33.7,229.0,1,8,,2.0105
traceD,fixed20,752,35.6,227.7,1,8,,1.9787
traceD,fixed20,753,30.2,229.0,1,8,,1.9467
traceD,fixed20,754,32.1,230.8,1,8,,1.9144
traceD,fixed20,755,30.0,229.3,1,8,,1.8818
traceD,fixed20,756,32.4,229.2,1,8,,1.8489
traceD,fixed20,757,35.4,229.3,1,8,,1.8158
traceD,fixed20,758,30.8,229.3,1,8,,1.7825
traceD,fixed20,759,33.2,228.7,1,8,,1.7491
traceD,fixed20,760,33.7,201.4,1,7,,1.7155
traceD,fixed20,761,35.3,201.7,1,7,,1.6817
traceD,fixed20,762,32.4,201.7,1,7,,1.6479
traceD,fixed20,763,33.5,202.2,1,7,,1.6140
traceD,fixed20,764,35.8,202.1,1,7,,1.5801
traceD,fixed20,765,35.2,201.8,1,7,,1.5462
traceD,fixed20,766,32.5,201.9,1,7,,1.5124
traceD,fixed20,767,32.6,202.1,1,7,,1.4787
traceD,fixed20,768,33.6,202.2,1,7,,1.4451
traceD,fixed20,769,32.3,202.6,1,7,,1.4118
traceD,fixed20,770,34.8,201.8,1,7,,1.3787
traceD,fixed20,771,33.1,201.4,1,7,,1.3459
traceD,fixed20,772,34.3,202.5,1,7,,1.3134
traceD,fixed20,773,33.8,203.8,1,7,,1.2815
traceD,fixed20,774,33.9,203.8,1,7,,1.2500
traceD,fixed20,775,35.6,201.2,1,7,,1.2192
traceD,fixed20,776,31.7,201.6,1,7,,1.1891
traceD,fixed20,777,32.6,203.5,1,7,,1.1597
traceD,fixed20,778,31.9,203.6,1,7,,1.1312
traceD,fixed20,779,34.3,202.7,1,7,,1.1037
traceD,fixed20,780,31.4,203.8,1,7,,1.0774
traceD,fixed20,781,30.5,202.2,1,7,,1.0522
traceD,fixed20,782,33.6,201.8,1,7,,1.0284
traceD,fixed20,783,32.0,201.3,1,7,,1.0060
traceD,fixed20,784,30.6,201.2,1,7,,0.9853
traceD,fixed20,785,32.6,202.3,1,7,,0.9663
traceD,fixed20,786,35.6,202.8,1,7,,0.9492
traceD,fixed20,787,34.9,202.2,1,7,,0.9341
traceD,fixed20,788,33.3,201.8,1,7,,0.9212
traceD,fixed20,789,35.3,202.4,1,7,,0.9105
traceD,fixed20,790,34.1,202.7,1,7,,0.9021
traceD,fixed20,791,32.1,202.0,1,7,,0.8962
traceD,fixed20,792,33.8,202.9,1,7,,0.8928
traceD,fixed20,793,31.1,228.6,1,8,,0.8920
traceD,fixed20,794,35.2,202.3,1,7,,0.8937
traceD,fixed20,795,34.0,203.0,1,7,,0.8980
traceD,fixed20,796,33.4,201.7,1,7,,0.9048
traceD,fixed20,797,33.5,201.4,1,7,,0.9141
traceD,fixed20,798,31.6,201.5,1,7,,0.9258
traceD,fixed20,799,33.6,202.2,1,7,,0.9399
traceD,fixed20,800,34.4,203.0,1,7,,0.9561
traceD,fixed20,801,31.9,201.8,1,7,,0.9745
traceD,fixed20,802,32.7,203.2,1,7,,0.9948
traceD,fixed20,803,33.5,203.4,1,7,,1.0170
traceD,fixed20,804,32.1,202.5,1,7,,1.0409
traceD,fixed20,805,34.1,203.2,1,7,,1.0664
traceD,fixed20,806,33.7,201.8,1,7,,1.0934
traceD,fixed20,807,33.1,201.7,1,7,,1.1217
traceD,fixed20,808,32.9,202.1,1,7,,1.1513
traceD,fixed20,809,28.5,201.6,1,7,,1.1819
traceD,fixed20,810,33.7,202.5,1,7,,1.2136
traceD,fixed20,811,32.2,202.5,1,7,,1.2461
traceD,fixed20,812,30.2,201.7,1,7,,1.2795
traceD,fixed20,813,33.1,228.2,1,8,,1.3136
traceD,fixed20,814,35.4,229.7,1,8,,1.3484
traceD,fixed20,815,29.6,231.2,1,8,,1.3838
traceD,fixed20,816,35.7,229.6,1,8,,1.4196
traceD,fixed20,817,34.5,228.9,1,8,,1.4559
traceD,fixed20,818,33.8,228.2,1,8,,1.4926
traceD,fixed20,819,31.6,228.9,1,8,,1.5296
traceD,fixed20,820,33.7,230.5,1,8,,1.5668
traceD,fixed20,821,33.9,233.3,1,8,,1.6043
traceD,fixed20,822,32.3,230.5,1,8,,1.6420
traceD,fixed20,823,31.4,230.2,1,8,,1.6798
traceD,fixed20,824,34.3,229.3,1,8,,1.7177
traceD,fixed20,825,34.7,229.5,1,8,,1.7556
traceD,fixed20,826,30.1,230.6,1,8,,1.7936
traceD,fixed20,827,32.2,229.8,1,8,,1.8315
traceD,fixed20,828,29.8,229.6,1,8,,1.8695
traceD,fixed20,829,32.9,229.7,1,8,,1.9073
traceD,fixed20,830,34.8,229.8,1,8,,1.9450
traceD,fixed20,831,33.4,228.7,1,8,,1.9827
traceD,fixed20,832,32.7,230.3,1,8,,2.0201
traceD,fixed20,833,32.1,231.0,1,8,,2.0574
traceD,fixed20,834,34.1,229.3,1,8,,2.0945
traceD,fixed20,835,31.1,230.6,1,8,,2.1313
traceD,fixed20,836,34.9,232.7,1,8,,2.1679
traceD,fixed20,837,35.6,229.2,1,8,,2.2043
traceD,fixed20,838,31.9,231.4,1,8,,2.2404
traceD,fixed20,839,30.7,228.7,1,8,,2.2761
traceD,fixed20,840,31.7,230.2,1,8,,2.3116
traceD,fixed20,841,35.2,229.1,1,8,,2.3467
traceD,fixed20,842,33.3,231.5,1,8,,2.3814
traceD,fixed20,843,33.4,228.5,1,8,,2.4158
traceD,fixed20,844,29.2,228.3,1,8,,2.4498
traceD,fixed20,845,34.8,228.2,1,8,,2.4834
traceD,fixed20,846,34.3,228.2,1,8,,2.5166
traceD,fixed20,847,33.5,228.4,1,8,,2.5494
traceD,fixed20,848,33.0,229.8,1,8,,2.5817
traceD,fixed20,849,34.3,228.5,1,8,,2.6135
traceD,fixed20,850,33.6,229.0,1,8,,2.6449
traceD,fixed20,851,27.1,230.8,1,8,,2.6758
traceD,fixed20,852,31.1,228.8,1,8,,2.7062
traceD,fixed20,853,34.6,228.5,1,8,,2.7362
traceD,fixed20,854,34.1,228.6,1,8,,2.7655
traceD,fixed20,855,33.7,228.0,1,8,,2.7944
traceD,fixed20,856,33.1,229.8,1,8,,2.8227
traceD,fixed20,857,34.1,228.4,1,8,,2.8505
traceD,fixed20,858,35.0,229.0,1,8,,2.8777
traceD,fixed20,859,28.3,228.8,1,8,,2.9044
traceD,fixed20,860,32.1,230.3,1,8,,2.9304
traceD,fixed20,861,31.5,234.3,1,8,,2.9559
traceD,fixed20,862,31.2,229.4,1,8,,2.9808
traceD,fixed20,863,28.6,231.4,1,8,,3.0051
traceD,fixed20,864,35.6,232.7,1,8,,3.0287
traceD,fixed20,865,30.6,229.8,1,8,,3.0518
traceD,fixed20,866,28.0,229.5,1,8,,3.0742
traceD,fixed20,867,34.0,229.4,1,8,,3.0959
traceD,fixed20,868,35.6,229.9,1,8,,3.1171
traceD,fixed20,869,33.0,229.7,1,8,,3.1375
traceD,fixed20,870,28.7,229.6,1,8,,3.1573
traceD,fixed20,871,30.6,229.6,1,8,,3.1765
traceD,fixed20,872,31.9,229.3,1,8,,3.1950
traceD,fixed20,873,32.3,229.9,1,8,,3.2127
traceD,fixed20,874,32.5,228.8,1,8,,3.2298
traceD,fixed20,875,33.0,229.4,1,8,,3.2463
traceD,fixed20,876,34.7,230.0,1,8,,3.2620
traceD,fixed20,877,36.8,229.6,1,8,,3.2770
traceD,fixed20,878,33.2,230.4,1,8,,3.2913
traceD,fixed20,879,35.3,229.3,1,8,,3.3049
traceD,fixed20,880,30.9,229.0,1,8,,3.3177
traceD,fixed20,881,33.1,230.2,1,8,,3.3299
traceD,fixed20,882,30.8,230.5,1,8,,3.3413
traceD,fixed20,883,33.4,229.8,1,8,,3.3520
traceD,fixed20,884,31.2,230.5,1,8,,3.3620
traceD,fixed20,885,35.6,233.9,1,8,,3.3712
traceD,fixed20,886,33.4,230.7,1,8,,3.3797
traceD,fixed20,887,36.0,229.7,1,8,,3.3874
traceD,fixed20,888,33.4,231.1,1,8,,3.3944
traceD,fixed20,889,33.6,229.9,1,8,,3.4007
traceD,fixed20,890,33.8,230.7,1,8,,3.4062
traceD,fixed20,891,34.2,231.3,1,8,,3.4109
traceD,fixed20,892,39.3,230.7,1,8,,3.4149
traceD,fixed20,893,34.2,231.3,1,8,,3.4181
traceD,fixed20,894,26.3,230.5,1,8,,3.4206
traceD,fixed20,895,32.4,231.2,1,8,,3.4223
traceD,fixed20,896,34.2,230.0,1,8,,3.4233
traceD,fixed20,897,33.0,232.1,1,8,,3.4235
traceD,fixed20,898,35.8,229.9,1,8,,3.4230
traceD,fixed20,899,34.0,230.5,1,8,,3.4216
traceD,fixed20,900,34.0,228.9,1,8,,3.4196
traceD,fixed20,901,35.3,229.4,1,8,,3.4167
traceD,fixed20,902,35.1,229.2,1,8,,3.4131
traceD,fixed20,903,34.0,235.4,1,8,,3.4088
traceD,fixed20,904,33.9,229.8,1,8,,3.4037
traceD,fixed20,905,33.3,230.2,1,8,,3.3978
traceD,fixed20,906,35.5,230.5,1,8,,3.3912
traceD,fixed20,907,30.5,230.3,1,8,,3.3839
traceD,fixed20,908,33.1,230.2,1,8,,3.3758
traceD,fixed20,909,37.4,230.6,1,8,,3.3669
traceD,fixed20,910,32.5,230.6,1,8,,3.3573
traceD,fixed20,911,35.6,229.2,1,8,,3.3470
traceD,fixed20,912,32.9,229.8,1,8,,3.3359
traceD,fixed20,913,35.2,229.3,1,8,,3.3241
traceD,fixed20,914,33.5,230.7,1,8,,3.3116
traceD,fixed20,915,34.9,229.4,1,8,,3.2983
traceD,fixed20,916,35.7,230.4,1,8,,3.2843
traceD,fixed20,917,36.9,229.7,1,8,,3.2697
traceD,fixed20,918,34.7,229.6,1,8,,3.2543
traceD,fixed20,919,31.5,229.3,1,8,,3.2382
traceD,fixed20,920,34.5,230.6,1,8,,3.2214
traceD,fixed20,921,32.6,231.7,1,8,,3.2039
traceD,fixed20,922,34.2,229.6,1,8,,3.1857
traceD,fixed20,923,31.3,229.9,1,8,,3.1669
traceD,fixed20,924,35.0,229.9,1,8,,3.1473
traceD,fixed20,925,33.4,230.4,1,8,,3.1272
traceD,fixed20,926,33.8,229.1,1,8,,3.1063
traceD,fixed20,927,34.3,228.9,1,8,,3.0848
traceD,fixed20,928,29.3,229.5,1,8,,3.0627
traceD,fixed20,929,30.7,229.2,1,8,,3.0399
traceD,fixed20,930,35.1,230.5,1,8,,3.0166
traceD,fixed20,931,29.1,229.4,1,8,,2.9926
traceD,fixed20,932,33.7,231.6,1,8,,2.9680
traceD,fixed20,933,33.3,232.9,1,8,,2.9428
traceD,fixed20,934,35.8,231.2,1,8,,2.9171
traceD,fixed20,935,32.6,231.8,1,8,,2.8907
traceD,fixed20,936,36.4,231.7,1,8,,2.8639
traceD,fixed20,937,34.7,230.0,1,8,,2.8364
traceD,fixed20,938,33.8,230.0,1,8,,2.8085
traceD,fixed20,939,35.0,229.8,1,8,,2.7800
traceD,fixed20,940,32.8,230.2,1,8,,2.7511
traceD,fixed20,941,35.1,228.6,1,8,,2.7216
traceD,fixed20,942,32.0,229.4,1,8,,2.6917
traceD,fixed20,943,34.1,230.1,1,8,,2.6613
traceD,fixed20,944,39.1,229.7,1,8,,2.6305
traceD,fixed20,945,31.7,229.3,1,8,,2.5992
traceD,fixed20,946,33.3,227.8,1,8,,2.5676
traceD,fixed20,947,35.3,229.3,1,8,,2.5356
traceD,fixed20,948,32.0,229.3,1,8,,2.5032
traceD,fixed20,949,32.9,228.4,1,8,,2.4704
traceD,fixed20,950,33.7,229.7,1,8,,2.4374
traceD,fixed20,951,30.3,229.9,1,8,,2.4040
traceD,fixed20,952,34.3,228.7,1,8,,2.3704
traceD,fixed20,953,33.4,229.1,1,8,,2.3365
traceD,fixed20,954,33.5,228.6,1,8,,2.3024
traceD,fixed20,955,33.9,229.4,1,8,,2.2681
traceD,fixed20,956,33.8,228.1,1,8,,2.2337
traceD,fixed20,957,35.6,231.9,1,8,,2.1991
traceD,fixed20,958,29.6,228.4,1,8,,2.1644
traceD,fixed20,959,34.8,227.9,1,8,,2.1296
traceD,fixed20,960,33.7,228.8,1,8,,2.0948
traceD,fixed20,961,34.2,226.9,1,8,,2.0600
traceD,fixed20,962,37.0,226.7,1,8,,2.0252
traceD,fixed20,963,34.9,226.8,1,8,,1.9906
traceD,fixed20,964,32.0,227.2,1,8,,1.9560
traceD,fixed20,965,33.6,226.9,1,8,,1.9216
traceD,fixed20,966,35.4,226.5,1,8,,1.8875
traceD,fixed20,967,34.2,226.2,1,8,,1.8536
traceD,fixed20,968,35.1,201.1,1,7,,1.8201
traceD,fixed20,969,35.3,201.3,1,7,,1.7870
traceD,fixed20,970,33.5,200.4,1,7,,1.7543
traceD,fixed20,971,34.6,200.4,1,7,,1.7221
traceD,fixed20,972,30.4,201.4,1,7,,1.6905
traceD,fixed20,973,37.2,200.8,1,7,,1.6596
traceD,fixed20,974,30.0,203.3,1,7,,1.6294
traceD,fixed20,975,32.8,200.9,1,7,,1.6001
traceD,fixed20,976,32.0,202.2,1,7,,1.5716
traceD,fixed20,977,33.1,201.4,1,7,,1.5441
traceD,fixed20,978,32.5,202.8,1,7,,1.5176
traceD,fixed20,979,31.9,203.0,1,7,,1.4924
traceD,fixed20,980,32.8,201.6,1,7,,1.4683
traceD,fixed20,981,31.3,203.1,1,7,,1.4457
traceD,fixed20,982,32.8,202.4,1,7,,1.4244
traceD,fixed20,983,30.9,202.5,1,7,,1.4047
traceD,fixed20,984,29.7,202.8,1,7,,1.3866
traceD,fixed20,985,33.7,202.7,1,7,,1.3703
traceD,fixed20,986,35.6,202.0,1,7,,1.3557
traceD,fixed20,987,29.8,201.7,1,7,,1.3431
traceD,fixed20,988,33.6,201.4,1,7,,1.3324
traceD,fixed20,989,32.7,202.8,1,7,,1.3237
traceD,fixed20,990,31.8,202.1,1,7,,1.3172
traceD,fixed20,991,34.5,202.4,1,7,,1.3127
traceD,fixed20,992,33.9,202.2,1,7,,1.3105
traceD,fixed20,993,34.5,203.8,1,7,,1.3104
traceD,fixed20,994,107.9,202.7,1,7,,1.3126
traceD,fixed20,995,209.5,201.1,0,7,,1.2829
traceD,fixed20,996,209.5,229.0,1,8,,1.1675
traceD,fixed20,997,209.5,231.6,1,8,,0.9511
traceD,fixed20,998,209.5,234.7,1,8,,0.5994
traceD,fixed20,999,209.5,213.6,1,7,,0.1641
traceD,bsf,0,35.6,1901.9,1,7,,1.6012
traceD,bsf,1,30.0,230.7,1,8,,1.5013
traceD,bsf,2,33.2,234.0,1,8,,1.2939
traceD,bsf,3,35.7,230.9,1,8,,1.0112
traceD,bsf,4,31.3,233.1,1,8,,0.7134
traceD,bsf,5,30.5,232.4,1,8,,0.4993
traceD,bsf,6,31.2,229.5,1,8,,0.3690
traceD,bsf,7,33.4,200.6,1,7,,0.2613
traceD,bsf,8,31.2,229.6,1,8,,0.1727
traceD,bsf,9,34.1,226.6,1,8,,0.1234
traceD,bsf,10,33.1,228.8,1,8,,0.0942
traceD,bsf,11,34.2,148.7,1,5,,0.0760
traceD,bsf,12,34.0,229.8,1,8,,0.0638
traceD,bsf,13,30.9,148.3,1,5,,0.0523
traceD,bsf,14,30.2,225.6,1,8,,0.0486
traceD,bsf,15,37.1,174.0,1,6,,0.0572
traceD,bsf,16,29.5,173.6,1,6,,0.0631
traceD,bsf,17,35.2,174.2,1,6,,0.0560
traceD,bsf,18,33.7,174.3,1,6,,0.0476
traceD,bsf,19,30.8,228.1,1,8,,0.0488
traceD,bsf,20,33.0,149.1,1,5,,0.0544
traceD,bsf,21,35.1,150.3,1,5,,0.0533
traceD,bsf,22,28.8,148.0,1,5,,0.0465
traceD,bsf,23,29.0,174.5,1,6,,0.0438
traceD,bsf,24,31.1,148.2,1,5,,0.0478
traceD,bsf,25,34.6,147.0,1,5,,0.0510
traceD,bsf,26,30.2,147.0,1,5,,0.0487
traceD,bsf,27,32.9,148.0,1,5,,0.0452
traceD,bsf,28,35.5,148.1,1,5,,0.0458
traceD,bsf,29,33.5,122.2,1,4,,0.0490
traceD,bsf,30,31.8,122.2,1,4,,0.0496
traceD,bsf,31,31.1,121.9,1,4,,0.0473
traceD,bsf,32,33.9,121.2,1,4,,0.0459
traceD,bsf,33,35.6,121.4,1,4,,0.0474
traceD,bsf,34,30.8,120.9,1,4,,0.0489
traceD,bsf,35,31.1,122.0,1,4,,0.0483
traceD,bsf,36,34.7,120.4,1,4,,0.0468
traceD,bsf,37,30.6,121.6,1,4,,0.0468
traceD,bsf,38,33.4,121.5,1,4,,0.0480
traceD,bsf,39,34.0,121.2,1,4,,0.0484
traceD,bsf,40,31.1,121.3,1,4,,0.0476
traceD,bsf,41,34.3,121.3,1,4,,0.0470
traceD,bsf,42,35.6,120.9,1,4,,0.0474
traceD,bsf,43,34.8,120.5,1,4,,0.0480
traceD,bsf,44,34.9,120.9,1,4,,0.0479
traceD,bsf,45,33.1,123.3,1,4,,0.0474
traceD,bsf,46,34.0,123.8,1,4,,0.0473
traceD,bsf,47,30.5,122.2,1,4,,0.0477
traceD,bsf,48,31.3,122.0,1,4,,0.0479
traceD,bsf,49,34.9,120.9,1,4,,0.0477
traceD,bsf,50,34.2,121.8,1,4,,0.0474
traceD,bsf,51,35.4,122.2,1,4,,0.0475
traceD,bsf,52,35.5,122.3,1,4,,0.0477
traceD,bsf,53,35.0,121.4,1,4,,0.0477
traceD,bsf,54,33.5,121.6,1,4,,0.0476
traceD,bsf,55,35.7,122.1,1,4,,0.0475
traceD,bsf,56,30.6,119.9,1,4,,0.0476
traceD,bsf,57,34.6,122.3,1,4,,0.0477
traceD,bsf,58,30.5,122.0,1,4,,0.0476
traceD,bsf,59,32.6,121.0,1,4,,0.0476
traceD,bsf,60,35.0,120.7,1,4,,0.0476
traceD,bsf,61,33.5,122.6,1,4,,0.0476
traceD,bsf,62,32.7,122.1,1,4,,0.0477
traceD,bsf,63,34.6,121.3,1,4,,0.0476
traceD,bsf,64,34.7,121.5,1,4,,0.0476
traceD,bsf,65,35.1,121.2,1,4,,0.0476
traceD,bsf,66,35.6,121.5,1,4,,0.0476
traceD,bsf,67,28.4,122.2,1,4,,0.0476
traceD,bsf,68,31.0,121.1,1,4,,0.0476
traceD,bsf,69,29.7,122.1,1,4,,0.0476
traceD,bsf,70,34.2,121.7,1,4,,0.0476
traceD,bsf,71,34.2,121.4,1,4,,0.0476
traceD,bsf,72,37.2,121.2,1,4,,0.0476
traceD,bsf,73,29.0,120.7,1,4,,0.0476
traceD,bsf,74,33.5,121.3,1,4,,0.0476
traceD,bsf,75,34.8,121.3,1,4,,0.0476
traceD,bsf,76,35.8,121.5,1,4,,0.0476
traceD,bsf,77,31.3,120.9,1,4,,0.0476
traceD,bsf,78,33.9,121.1,1,4,,0.0476
traceD,bsf,79,30.1,120.6,1,4,,0.0476
traceD,bsf,80,33.1,121.1,1,4,,0.0476
traceD,bsf,81,34.6,122.4,1,4,,0.0476
traceD,bsf,82,33.9,120.6,1,4,,0.0476
traceD,bsf,83,35.4,120.8,1,4,,0.0476
traceD,bsf,84,34.2,120.7,1,4,,0.0476
traceD,bsf,85,34.6,121.0,1,4,,0.0476
traceD,bsf,86,34.0,121.4,1,4,,0.0476
traceD,bsf,87,34.1,121.6,1,4,,0.0476
traceD,bsf,88,34.7,121.8,1,4,,0.0476
traceD,bsf,89,32.6,121.3,1,4,,0.0476
traceD,bsf,90,27.0,121.5,1,4,,0.0476
traceD,bsf,91,33.6,121.7,1,4,,0.0476
traceD,bsf,92,34.3,121.8,1,4,,0.0476
traceD,bsf,93,35.6,122.2,1,4,,0.0476
traceD,bsf,94,33.7,120.5,1,4,,0.0476
traceD,bsf,95,35.3,121.3,1,4,,0.0476
traceD,bsf,96,34.8,121.5,1,4,,0.0476
traceD,bsf,97,33.8,121.6,1,4,,0.0476
traceD,bsf,98,34.1,121.5,1,4,,0.0476
traceD,bsf,99,34.0,121.7,1,4,,0.0476
traceD,bsf,100,33.7,122.0,1,4,,0.0476
traceD,bsf,101,33.7,120.6,1,4,,0.0476
traceD,bsf,102,34.7,121.2,1,4,,0.0476
traceD,bsf,103,34.9,123.4,1,4,,0.0476
traceD,bsf,104,34.6,120.1,1,4,,0.0476
traceD,bsf,105,35.8,120.9,1,4,,0.0476
traceD,bsf,106,32.9,120.6,1,4,,0.0476
traceD,bsf,107,35.6,121.7,1,4,,0.0476
traceD,bsf,108,35.4,120.7,1,4,,0.0476
traceD,bsf,109,34.6,120.9,1,4,,0.0476
traceD,bsf,110,35.6,121.2,1,4,,0.0476
traceD,bsf,111,35.3,120.9,1,4,,0.0476
traceD,bsf,112,33.4,123.2,1,4,,0.0476
traceD,bsf,113,35.5,122.7,1,4,,0.0476
traceD,bsf,114,34.6,120.7,1,4,,0.0476
traceD,bsf,115,34.9,120.4,1,4,,0.0476
traceD,bsf,116,34.6,121.4,1,4,,0.0476
traceD,bsf,117,34.8,120.7,1,4,,0.0476
traceD,bsf,118,35.7,120.5,1,4,,0.0476
traceD,bsf,119,33.7,120.9,1,4,,0.0476
traceD,bsf,120,31.4,121.7,1,4,,0.0476
traceD,bsf,121,35.9,120.7,1,4,,0.0476
traceD,bsf,122,30.8,120.8,1,4,,0.0476
traceD,bsf,123,33.9,122.2,1,4,,0.0476
traceD,bsf,124,33.3,120.4,1,4,,0.0476
traceD,bsf,125,32.0,121.5,1,4,,0.0476
traceD,bsf,126,28.5,121.9,1,4,,0.0476
traceD,bsf,127,31.4,121.5,1,4,,0.0476
traceD,bsf,128,34.6,121.6,1,4,,0.0476
traceD,bsf,129,33.7,120.9,1,4,,0.0476
traceD,bsf,130,31.4,120.3,1,4,,0.0476
traceD,bsf,131,35.0,120.2,1,4,,0.0476
traceD,bsf,132,29.8,120.1,1,4,,0.0476
traceD,bsf,133,33.1,120.1,1,4,,0.0476
traceD,bsf,134,31.5,120.1,1,4,,0.0476
traceD,bsf,135,32.4,120.0,1,4,,0.0476
traceD,bsf,136,33.8,119.9,1,4,,0.0476
traceD,bsf,137,30.2,120.3,1,4,,0.0476
traceD,bsf,138,33.4,120.2,1,4,,0.0476
traceD,bsf,139,33.7,119.8,1,4,,0.0476
traceD,bsf,140,34.6,121.2,1,4,,0.0476
traceD,bsf,141,33.7,120.4,1,4,,0.0476
traceD,bsf,142,33.4,119.8,1,4,,0.0476
traceD,bsf,143,33.7,120.8,1,4,,0.0476
traceD,bsf,144,35.5,120.9,1,4,,0.0476
traceD,bsf,145,33.9,120.8,1,4,,0.0476
traceD,bsf,146,34.5,120.3,1,4,,0.0476
traceD,bsf,147,35.9,120.0,1,4,,0.0476
traceD,bsf,148,32.9,121.2,1,4,,0.0476
traceD,bsf,149,35.5,120.5,1,4,,0.0476
traceD,bsf,150,34.6,120.6,1,4,,0.0476
traceD,bsf,151,33.3,121.3,1,4,,0.0476
traceD,bsf,152,36.6,121.3,1,4,,0.0476
traceD,bsf,153,30.8,121.6,1,4,,0.0476
traceD,bsf,154,28.8,121.3,1,4,,0.0476
traceD,bsf,155,34.3,121.0,1,4,,0.0476
traceD,bsf,156,34.7,121.4,1,4,,0.0476
traceD,bsf,157,36.1,121.0,1,4,,0.0476
traceD,bsf,158,32.4,120.2,1,4,,0.0476
traceD,bsf,159,35.4,121.2,1,4,,0.0476
traceD,bsf,160,33.2,121.4,1,4,,0.0476
traceD,bsf,161,30.4,120.7,1,4,,0.0476
traceD,bsf,162,33.5,121.2,1,4,,0.0476
traceD,bsf,163,31.0,120.8,1,4,,0.0476
traceD,bsf,164,34.3,121.3,1,4,,0.0476
traceD,bsf,165,35.3,120.8,1,4,,0.0476
traceD,bsf,166,34.6,121.7,1,4,,0.0476
traceD,bsf,167,35.3,121.5,1,4,,0.0476
traceD,bsf,168,34.0,122.8,1,4,,0.0476
traceD,bsf,169,31.5,122.3,1,4,,0.0476
traceD,bsf,170,33.5,121.6,1,4,,0.0476
traceD,bsf,171,35.7,121.9,1,4,,0.0476
traceD,bsf,172,30.0,121.2,1,4,,0.0476
traceD,bsf,173,34.7,121.7,1,4,,0.0476
traceD,bsf,174,29.2,122.0,1,4,,0.0476
traceD,bsf,175,35.3,122.4,1,4,,0.0476
traceD,bsf,176,32.4,122.5,1,4,,0.0476
traceD,bsf,177,32.5,122.4,1,4,,0.0476
traceD,bsf,178,34.9,121.8,1,4,,0.0476
traceD,bsf,179,32.4,121.8,1,4,,0.0476
traceD,bsf,180,34.5,121.5,1,4,,0.0476
traceD,bsf,181,32.7,121.5,1,4,,0.0476
traceD,bsf,182,34.4,121.3,1,4,,0.0476
traceD,bsf,183,31.9,121.8,1,4,,0.0476
traceD,bsf,184,32.2,121.5,1,4,,0.0476
traceD,bsf,185,34.6,121.6,1,4,,0.0476
traceD,bsf,186,30.8,123.2,1,4,,0.0476
traceD,bsf,187,32.0,121.1,1,4,,0.0476
traceD,bsf,188,32.2,122.4,1,4,,0.0476
traceD,bsf,189,33.6,122.3,1,4,,0.0476
traceD,bsf,190,36.3,121.9,1,4,,0.0476
traceD,bsf,191,34.8,121.8,1,4,,0.0476
traceD,bsf,192,35.1,122.5,1,4,,0.0476
traceD,bsf,193,33.8,122.3,1,4,,0.0476
traceD,bsf,194,28.8,122.0,1,4,,0.0476
traceD,bsf,195,33.4,122.1,1,4,,0.0476
traceD,bsf,196,33.9,121.8,1,4,,0.0476
traceD,bsf,197,35.6,121.4,1,4,,0.0476
traceD,bsf,198,35.6,121.0,1,4,,0.0476
traceD,bsf,199,33.2,121.2,1,4,,0.0476
traceD,bsf,200,35.3,122.1,1,4,,0.0476
traceD,bsf,201,35.0,122.0,1,4,,0.0476
traceD,bsf,202,34.1,122.3,1,4,,0.0476
traceD,bsf,203,35.6,123.5,1,4,,0.0476
traceD,bsf,204,33.9,120.6,1,4,,0.0476
traceD,bsf,205,35.6,122.1,1,4,,0.0476
traceD,bsf,206,33.4,122.1,1,4,,0.0476
traceD,bsf,207,35.6,121.8,1,4,,0.0476
traceD,bsf,208,30.8,123.8,1,4,,0.0476
traceD,bsf,209,34.6,124.0,1,4,,0.0476
traceD,bsf,210,32.6,124.1,1,4,,0.0476
traceD,bsf,211,34.2,122.0,1,4,,0.0476
traceD,bsf,212,31.5,121.9,1,4,,0.0476
traceD,bsf,213,34.9,121.5,1,4,,0.0476
traceD,bsf,214,35.6,122.6,1,4,,0.0476
traceD,bsf,215,30.2,121.5,1,4,,0.0476
traceD,bsf,216,40.5,121.7,1,4,,0.0476
traceD,bsf,217,29.4,121.3,1,4,,0.0476
traceD,bsf,218,33.0,121.5,1,4,,0.0476
traceD,bsf,219,35.3,121.3,1,4,,0.0476
traceD,bsf,220,31.7,121.7,1,4,,0.0476
traceD,bsf,221,29.5,121.8,1,4,,0.0476
traceD,bsf,222,36.2,121.5,1,4,,0.0476
traceD,bsf,223,32.0,121.6,1,4,,0.0476
traceD,bsf,224,32.5,121.3,1,4,,0.0476
traceD,bsf,225,34.1,122.3,1,4,,0.0476
traceD,bsf,226,35.2,121.4,1,4,,0.0476
traceD,bsf,227,32.6,122.1,1,4,,0.0476
traceD,bsf,228,36.7,122.4,1,4,,0.0476
traceD,bsf,229,29.7,121.3,1,4,,0.0476
traceD,bsf,230,34.6,121.2,1,4,,0.0476
traceD,bsf,231,33.2,120.5,1,4,,0.0476
traceD,bsf,232,29.6,121.3,1,4,,0.0476
traceD,bsf,233,34.4,121.6,1,4,,0.0476
traceD,bsf,234,34.3,121.2,1,4,,0.0476
traceD,bsf,235,35.4,121.8,1,4,,0.0476
traceD,bsf,236,36.5,121.6,1,4,,0.0476
traceD,bsf,237,27.3,122.0,1,4,,0.0476
traceD,bsf,238,36.0,121.3,1,4,,0.0476
traceD,bsf,239,30.9,121.5,1,4,,0.0476
traceD,bsf,240,32.5,121.5,1,4,,0.0476
traceD,bsf,241,31.9,121.4,1,4,,0.0476
traceD,bsf,242,32.4,121.3,1,4,,0.0476
traceD,bsf,243,34.3,120.9,1,4,,0.0476
traceD,bsf,244,31.4,121.2,1,4,,0.0476
traceD,bsf,245,34.9,121.1,1,4,,0.0476
traceD,bsf,246,31.3,121.9,1,4,,0.0476
traceD,bsf,247,36.0,121.2,1,4,,0.0476
traceD,bsf,248,35.6,122.9,1,4,,0.0476
traceD,bsf,249,33.7,122.4,1,4,,0.0476
traceD,bsf,250,29.8,122.5,1,4,,0.0476
traceD,bsf,251,31.8,120.9,1,4,,0.0476
traceD,bsf,252,30.5,121.6,1,4,,0.0476
traceD,bsf,253,31.4,121.6,1,4,,0.0476
traceD,bsf,254,31.4,122.4,1,4,,0.0476
traceD,bsf,255,30.0,120.8,1,4,,0.0476
traceD,bsf,256,36.6,121.9,1,4,,0.0476
traceD,bsf,257,33.1,121.1,1,4,,0.0476
traceD,bsf,258,33.8,121.3,1,4,,0.0476
traceD,bsf,259,34.5,122.0,1,4,,0.0476
traceD,bsf,260,34.4,121.0,1,4,,0.0476
traceD,bsf,261,35.4,121.1,1,4,,0.0476
traceD,bsf,262,36.0,121.3,1,4,,0.0476
traceD,bsf,263,32.8,121.8,1,4,,0.0476
traceD,bsf,264,35.7,122.1,1,4,,0.0476
traceD,bsf,265,33.1,121.3,1,4,,0.0476
traceD,bsf,266,33.4,122.1,1,4,,0.0476
traceD,bsf,267,28.7,122.3,1,4,,0.0476
traceD,bsf,268,35.9,121.4,1,4,,0.0476
traceD,bsf,269,34.0,122.9,1,4,,0.0476
traceD,bsf,270,32.8,121.6,1,4,,0.0476
traceD,bsf,271,32.2,121.6,1,4,,0.0476
traceD,bsf,272,35.3,121.6,1,4,,0.0476
traceD,bsf,273,31.7,121.5,1,4,,0.0476
traceD,bsf,274,31.7,122.1,1,4,,0.0476
traceD,bsf,275,33.1,121.6,1,4,,0.0476
traceD,bsf,276,35.3,121.4,1,4,,0.0476
traceD,bsf,277,32.7,122.5,1,4,,0.0476
traceD,bsf,278,34.3,121.3,1,4,,0.0476
traceD,bsf,279,33.4,121.6,1,4,,0.0476
traceD,bsf,280,31.5,122.2,1,4,,0.0476
traceD,bsf,281,35.3,121.6,1,4,,0.0476
traceD,bsf,282,31.4,123.5,1,4,,0.0476
traceD,bsf,283,32.8,123.5,1,4,,0.0476
traceD,bsf,284,31.4,123.7,1,4,,0.0476
traceD,bsf,285,33.7,121.6,1,4,,0.0476
traceD,bsf,286,34.2,121.3,1,4,,0.0476
traceD,bsf,287,34.0,122.4,1,4,,0.0476
traceD,bsf,288,31.0,121.2,1,4,,0.0476
traceD,bsf,289,33.5,122.0,1,4,,0.0476
traceD,bsf,290,30.3,121.2,1,4,,0.0476
traceD,bsf,291,33.1,121.6,1,4,,0.0476
traceD,bsf,292,32.1,121.6,1,4,,0.0476
traceD,bsf,293,32.4,121.8,1,4,,0.0476
traceD,bsf,294,33.5,121.1,1,4,,0.0476
traceD,bsf,295,34.0,121.1,1,4,,0.0476
traceD,bsf,296,31.0,121.7,1,4,,0.0476
traceD,bsf,297,33.5,121.0,1,4,,0.0476
traceD,bsf,298,34.9,121.6,1,4,,0.0476
traceD,bsf,299,35.3,122.0,1,4,,0.0476
traceD,bsf,300,33.4,120.9,1,4,,0.0476
traceD,bsf,301,34.6,121.3,1,4,,0.0476
traceD,bsf,302,34.5,120.9,1,4,,0.0476
traceD,bsf,303,34.9,121.3,1,4,,0.0476
traceD,bsf,304,35.4,121.5,1,4,,0.0476
traceD,bsf,305,32.1,120.8,1,4,,0.0476
traceD,bsf,306,34.2,122.0,1,4,,0.0476
traceD,bsf,307,33.6,121.5,1,4,,0.0476
traceD,bsf,308,34.6,121.9,1,4,,0.0476
traceD,bsf,309,33.4,121.6,1,4,,0.0476
traceD,bsf,310,34.7,122.1,1,4,,0.0476
traceD,bsf,311,31.1,122.8,1,4,,0.0476
traceD,bsf,312,33.0,120.4,1,4,,0.0476
traceD,bsf,313,36.2,121.5,1,4,,0.0476
traceD,bsf,314,29.0,121.6,1,4,,0.0476
traceD,bsf,315,33.6,120.9,1,4,,0.0476
traceD,bsf,316,34.8,122.3,1,4,,0.0476
traceD,bsf,317,38.2,121.0,1,4,,0.0476
traceD,bsf,318,31.1,121.4,1,4,,0.0476
traceD,bsf,319,34.0,120.8,1,4,,0.0476
traceD,bsf,320,36.0,121.8,1,4,,0.0476
traceD,bsf,321,34.9,121.8,1,4,,0.0476
traceD,bsf,322,37.9,121.3,1,4,,0.0476
traceD,bsf,323,32.4,121.6,1,4,,0.0476
traceD,bsf,324,30.4,122.2,1,4,,0.0476
traceD,bsf,325,33.1,120.9,1,4,,0.0476
traceD,bsf,326,33.2,121.7,1,4,,0.0476
traceD,bsf,327,33.4,121.3,1,4,,0.0476
traceD,bsf,328,33.1,121.8,1,4,,0.0476
traceD,bsf,329,35.9,121.9,1,4,,0.0476
traceD,bsf,330,28.0,121.4,1,4,,0.0476
traceD,bsf,331,33.1,121.6,1,4,,0.0476
traceD,bsf,332,33.4,121.2,1,4,,0.0476
traceD,bsf,333,31.5,121.8,1,4,,0.0476
traceD,bsf,334,35.1,120.8,1,4,,0.0476
traceD,bsf,335,34.3,121.1,1,4,,0.0476
traceD,bsf,336,33.1,121.4,1,4,,0.0476
traceD,bsf,337,33.5,120.7,1,4,,0.0476
traceD,bsf,338,33.3,121.1,1,4,,0.0476
traceD,bsf,339,33.1,120.2,1,4,,0.0476
traceD,bsf,340,30.6,122.7,1,4,,0.0476
traceD,bsf,341,35.2,122.6,1,4,,0.0476
traceD,bsf,342,34.8,122.6,1,4,,0.0476
traceD,bsf,343,33.9,122.5,1,4,,0.0476
traceD,bsf,344,30.2,123.6,1,4,,0.0476
traceD,bsf,345,33.1,122.4,1,4,,0.0476
traceD,bsf,346,31.1,122.0,1,4,,0.0476
traceD,bsf,347,35.6,120.7,1,4,,0.0476
traceD,bsf,348,30.8,121.1,1,4,,0.0476
traceD,bsf,349,34.9,121.9,1,4,,0.0476
traceD,bsf,350,32.5,121.2,1,4,,0.0476
traceD,bsf,351,31.4,121.1,1,4,,0.0476
traceD,bsf,352,31.1,122.2,1,4,,0.0476
traceD,bsf,353,29.7,121.5,1,4,,0.0476
traceD,bsf,354,33.5,120.6,1,4,,0.0476
traceD,bsf,355,30.1,122.0,1,4,,0.0476
traceD,bsf,356,33.5,120.7,1,4,,0.0476
traceD,bsf,357,31.0,120.7,1,4,,0.0476
traceD,bsf,358,30.8,120.3,1,4,,0.0476
traceD,bsf,359,31.1,121.0,1,4,,0.0476
traceD,bsf,360,33.4,120.4,1,4,,0.0476
traceD,bsf,361,36.0,120.2,1,4,,0.0476
traceD,bsf,362,28.2,120.5,1,4,,0.0476
traceD,bsf,363,36.1,119.6,1,4,,0.0476
traceD,bsf,364,33.2,120.9,1,4,,0.0476
traceD,bsf,365,35.6,119.9,1,4,,0.0476
traceD,bsf,366,39.7,120.6,1,4,,0.0476
traceD,bsf,367,29.8,119.9,1,4,,0.0476
traceD,bsf,368,33.8,119.6,1,4,,0.0476
traceD,bsf,369,36.1,120.1,1,4,,0.0476
traceD,bsf,370,33.6,120.7,1,4,,0.0476
traceD,bsf,371,33.4,120.8,1,4,,0.0476
traceD,bsf,372,31.6,121.2,1,4,,0.0476
traceD,bsf,373,35.7,120.3,1,4,,0.0476
traceD,bsf,374,30.4,120.3,1,4,,0.0476
traceD,bsf,375,34.3,120.5,1,4,,0.0476
traceD,bsf,376,36.2,120.4,1,4,,0.0476
traceD,bsf,377,34.6,121.0,1,4,,0.0476
traceD,bsf,378,31.0,122.1,1,4,,0.0476
traceD,bsf,379,31.8,120.1,1,4,,0.0476
traceD,bsf,380,34.9,120.0,1,4,,0.0476
traceD,bsf,381,30.0,120.4,1,4,,0.0476
traceD,bsf,382,34.9,120.7,1,4,,0.0476
traceD,bsf,383,35.3,120.8,1,4,,0.0476
traceD,bsf,384,35.3,120.3,1,4,,0.0476
traceD,bsf,385,34.2,120.7,1,4,,0.0476
traceD,bsf,386,35.3,121.2,1,4,,0.0476
traceD,bsf,387,34.5,121.7,1,4,,0.0476
traceD,bsf,388,34.0,121.2,1,4,,0.0476
traceD,bsf,389,35.8,121.0,1,4,,0.0476
traceD,bsf,390,28.7,121.1,1,4,,0.0476
traceD,bsf,391,34.5,121.8,1,4,,0.0476
traceD,bsf,392,36.1,122.2,1,4,,0.0476
traceD,bsf,393,32.0,120.9,1,4,,0.0476
traceD,bsf,394,30.1,123.1,1,4,,0.0476
traceD,bsf,395,30.7,120.9,1,4,,0.0476
traceD,bsf,396,42.7,121.0,1,4,,0.0476
traceD,bsf,397,36.6,122.4,1,4,,0.0476
traceD,bsf,398,34.0,121.8,1,4,,0.0476
traceD,bsf,399,35.8,121.6,1,4,,0.0476
traceD,bsf,400,34.9,121.5,1,4,,0.0476
traceD,bsf,401,35.6,120.7,1,4,,0.0476
traceD,bsf,402,33.0,121.7,1,4,,0.0476
traceD,bsf,403,35.6,121.5,1,4,,0.0476
traceD,bsf,404,34.3,122.0,1,4,,0.0476
traceD,bsf,405,33.8,121.4,1,4,,0.0476
traceD,bsf,406,35.6,121.0,1,4,,0.0476
traceD,bsf,407,34.6,121.1,1,4,,0.0476
traceD,bsf,408,34.6,121.0,1,4,,0.0476
traceD,bsf,409,34.6,120.2,1,4,,0.0476
traceD,bsf,410,31.1,121.0,1,4,,0.0476
traceD,bsf,411,33.6,121.4,1,4,,0.0476
traceD,bsf,412,36.8,120.4,1,4,,0.0476
traceD,bsf,413,27.3,121.3,1,4,,0.0476
traceD,bsf,414,31.3,121.3,1,4,,0.0476
traceD,bsf,415,35.6,121.6,1,4,,0.0476
traceD,bsf,416,34.8,121.4,1,4,,0.0476
traceD,bsf,417,34.6,120.0,1,4,,0.0476
traceD,bsf,418,35.6,121.8,1,4,,0.0476
traceD,bsf,419,33.1,122.1,1,4,,0.0476
traceD,bsf,420,30.3,120.8,1,4,,0.0476
traceD,bsf,421,33.9,121.2,1,4,,0.0476
traceD,bsf,422,33.7,121.2,1,4,,0.0476
traceD,bsf,423,34.9,121.9,1,4,,0.0476
traceD,bsf,424,32.3,120.9,1,4,,0.0476
traceD,bsf,425,35.6,121.8,1,4,,0.0476
traceD,bsf,426,31.8,120.5,1,4,,0.0476
traceD,bsf,427,30.9,121.3,1,4,,0.0476
traceD,bsf,428,34.4,121.2,1,4,,0.0476
traceD,bsf,429,29.3,121.6,1,4,,0.0476
traceD,bsf,430,32.2,121.0,1,4,,0.0476
traceD,bsf,431,34.8,121.6,1,4,,0.0476
traceD,bsf,432,34.0,121.2,1,4,,0.0476
traceD,bsf,433,34.9,121.3,1,4,,0.0476
traceD,bsf,434,33.9,121.9,1,4,,0.0476
traceD,bsf,435,34.7,122.2,1,4,,0.0476
traceD,bsf,436,29.4,122.3,1,4,,0.0476
traceD,bsf,437,31.9,120.9,1,4,,0.0476
traceD,bsf,438,32.5,121.3,1,4,,0.0476
traceD,bsf,439,39.6,121.8,1,4,,0.0476
traceD,bsf,440,31.9,121.7,1,4,,0.0476
traceD,bsf,441,33.8,120.8,1,4,,0.0476
traceD,bsf,442,34.0,121.3,1,4,,0.0476
traceD,bsf,443,33.5,121.9,1,4,,0.0476
traceD,bsf,444,31.8,120.5,1,4,,0.0476
traceD,bsf,445,33.7,120.7,1,4,,0.0476
traceD,bsf,446,33.9,120.9,1,4,,0.0476
traceD,bsf,447,36.0,121.3,1,4,,0.0476
traceD,bsf,448,34.8,122.3,1,4,,0.0476
traceD,bsf,449,34.0,121.8,1,4,,0.0476
traceD,bsf,450,29.4,121.2,1,4,,0.0476
traceD,bsf,451,34.3,121.9,1,4,,0.0476
traceD,bsf,452,33.5,121.6,1,4,,0.0476
traceD,bsf,453,30.3,121.4,1,4,,0.0476
traceD,bsf,454,33.0,121.0,1,4,,0.0476
traceD,bsf,455,32.0,120.4,1,4,,0.0476
traceD,bsf,456,34.9,121.3,1,4,,0.0476
traceD,bsf,457,31.5,120.7,1,4,,0.0476
traceD,bsf,458,33.7,121.2,1,4,,0.0476
traceD,bsf,459,35.5,120.4,1,4,,0.0476
traceD,bsf,460,34.9,121.2,1,4,,0.0476
traceD,bsf,461,33.5,121.4,1,4,,0.0476
traceD,bsf,462,33.4,121.3,1,4,,0.0476
traceD,bsf,463,35.3,121.7,1,4,,0.0476
traceD,bsf,464,34.6,121.5,1,4,,0.0476
traceD,bsf,465,37.4,122.0,1,4,,0.0476
traceD,bsf,466,31.5,121.2,1,4,,0.0476
traceD,bsf,467,33.9,121.7,1,4,,0.0476
traceD,bsf,468,32.8,120.4,1,4,,0.0476
traceD,bsf,469,33.2,120.9,1,4,,0.0476
traceD,bsf,470,30.6,121.1,1,4,,0.0476
traceD,bsf,471,33.5,121.3,1,4,,0.0476
traceD,bsf,472,30.4,121.1,1,4,,0.0476
traceD,bsf,473,33.1,121.5,1,4,,0.0476
traceD,bsf,474,31.4,121.5,1,4,,0.0476
traceD,bsf,475,32.7,121.7,1,4,,0.0476
traceD,bsf,476,34.1,120.8,1,4,,0.0476
traceD,bsf,477,31.0,122.9,1,4,,0.0476
traceD,bsf,478,30.3,121.5,1,4,,0.0476
traceD,bsf,479,34.6,122.2,1,4,,0.0476
traceD,bsf,480,31.9,120.8,1,4,,0.0476
traceD,bsf,481,31.1,121.3,1,4,,0.0476
traceD,bsf,482,34.1,121.4,1,4,,0.0476
traceD,bsf,483,32.7,121.4,1,4,,0.0476
traceD,bsf,484,29.3,121.8,1,4,,0.0476
traceD,bsf,485,31.5,121.5,1,4,,0.0476
traceD,bsf,486,30.6,120.4,1,4,,0.0476
traceD,bsf,487,32.0,120.7,1,4,,0.0476
traceD,bsf,488,38.1,121.8,1,4,,0.0476
traceD,bsf,489,28.4,121.9,1,4,,0.0476
traceD,bsf,490,33.8,122.1,1,4,,0.0476
traceD,bsf,491,30.0,121.2,1,4,,0.0476
traceD,bsf,492,34.4,120.9,1,4,,0.0476
traceD,bsf,493,32.4,121.5,1,4,,0.0476
traceD,bsf,494,33.3,121.5,1,4,,0.0476
traceD,bsf,495,30.2,121.1,1,4,,0.0476
traceD,bsf,496,34.9,121.5,1,4,,0.0476
traceD,bsf,497,31.8,121.2,1,4,,0.0476
traceD,bsf,498,31.8,121.3,1,4,,0.0476
traceD,bsf,499,31.8,120.7,1,4,,0.0476
traceD,bsf,500,28.5,120.9,1,4,,0.0476
traceD,bsf,501,34.3,121.8,1,4,,0.0476
traceD,bsf,502,33.7,121.9,1,4,,0.0476
traceD,bsf,503,28.7,121.6,1,4,,0.0476
traceD,bsf,504,33.4,121.3,1,4,,0.0476
traceD,bsf,505,34.3,121.1,1,4,,0.0476
traceD,bsf,506,35.6,121.9,1,4,,0.0476
traceD,bsf,507,33.7,121.6,1,4,,0.0476
traceD,bsf,508,35.6,121.6,1,4,,0.0476
traceD,bsf,509,35.4,121.0,1,4,,0.0476
traceD,bsf,510,33.9,120.6,1,4,,0.0476
traceD,bsf,511,34.6,122.1,1,4,,0.0476
traceD,bsf,512,33.6,121.7,1,4,,0.0476
traceD,bsf,513,32.5,122.5,1,4,,0.0476
traceD,bsf,514,35.5,121.3,1,4,,0.0476
traceD,bsf,515,35.9,121.2,1,4,,0.0476
traceD,bsf,516,30.6,121.6,1,4,,0.0476
traceD,bsf,517,35.7,122.0,1,4,,0.0476
traceD,bsf,518,33.1,120.2,1,4,,0.0476
traceD,bsf,519,36.2,122.1,1,4,,0.0476
traceD,bsf,520,28.2,120.3,1,4,,0.0476
traceD,bsf,521,30.9,121.3,1,4,,0.0476
traceD,bsf,522,32.4,120.8,1,4,,0.0476
traceD,bsf,523,33.0,121.5,1,4,,0.0476
traceD,bsf,524,35.6,120.4,1,4,,0.0476
traceD,bsf,525,29.3,122.0,1,4,,0.0476
traceD,bsf,526,32.4,122.3,1,4,,0.0476
traceD,bsf,527,30.7,121.2,1,4,,0.0476
traceD,bsf,528,34.8,121.7,1,4,,0.0476
traceD,bsf,529,32.3,120.7,1,4,,0.0476
traceD,bsf,530,34.3,121.7,1,4,,0.0476
traceD,bsf,531,34.2,121.3,1,4,,0.0476
traceD,bsf,532,33.5,121.4,1,4,,0.0476
traceD,bsf,533,33.6,121.6,1,4,,0.0476
traceD,bsf,534,34.0,121.1,1,4,,0.0476
traceD,bsf,535,32.1,121.3,1,4,,0.0476
traceD,bsf,536,32.4,121.3,1,4,,0.0476
traceD,bsf,537,33.0,123.8,1,4,,0.0476
traceD,bsf,538,34.3,122.8,1,4,,0.0476
traceD,bsf,539,36.0,121.8,1,4,,0.0476
traceD,bsf,540,32.5,121.4,1,4,,0.0476
traceD,bsf,541,30.8,121.4,1,4,,0.0476
traceD,bsf,542,33.7,121.6,1,4,,0.0476
traceD,bsf,543,32.6,122.3,1,4,,0.0476
traceD,bsf,544,33.8,121.5,1,4,,0.0476
traceD,bsf,545,29.9,121.7,1,4,,0.0476
traceD,bsf,546,32.0,121.7,1,4,,0.0476
traceD,bsf,547,33.4,121.5,1,4,,0.0476
traceD,bsf,548,31.4,122.2,1,4,,0.0476
traceD,bsf,549,33.6,122.1,1,4,,0.0476
traceD,bsf,550,31.0,121.4,1,4,,0.0476
traceD,bsf,551,34.9,121.6,1,4,,0.0476
traceD,bsf,552,34.9,121.6,1,4,,0.0476
traceD,bsf,553,33.2,121.6,1,4,,0.0476
traceD,bsf,554,34.0,121.7,1,4,,0.0476
traceD,bsf,555,32.8,121.4,1,4,,0.0476
traceD,bsf,556,32.4,121.4,1,4,,0.0476
traceD,bsf,557,34.1,121.5,1,4,,0.0476
traceD,bsf,558,32.7,120.9,1,4,,0.0476
traceD,bsf,559,35.9,120.9,1,4,,0.0476
traceD,bsf,560,35.1,122.3,1,4,,0.0476
traceD,bsf,561,33.4,122.7,1,4,,0.0476
traceD,bsf,562,33.5,121.1,1,4,,0.0476
traceD,bsf,563,34.7,121.2,1,4,,0.0476
traceD,bsf,564,33.0,120.7,1,4,,0.0476
traceD,bsf,565,32.8,121.4,1,4,,0.0476
traceD,bsf,566,34.2,121.3,1,4,,0.0476
traceD,bsf,567,35.1,121.2,1,4,,0.0476
traceD,bsf,568,35.2,121.5,1,4,,0.0476
traceD,bsf,569,33.9,121.0,1,4,,0.0476
traceD,bsf,570,35.4,121.1,1,4,,0.0476
traceD,bsf,571,34.5,121.1,1,4,,0.0476
traceD,bsf,572,35.9,121.2,1,4,,0.0476
traceD,bsf,573,33.7,121.0,1,4,,0.0476
traceD,bsf,574,35.6,121.2,1,4,,0.0476
traceD,bsf,575,34.8,121.0,1,4,,0.0476
traceD,bsf,576,34.0,121.0,1,4,,0.0476
traceD,bsf,577,35.5,120.9,1,4,,0.0476
traceD,bsf,578,33.7,120.8,1,4,,0.0476
traceD,bsf,579,36.0,120.8,1,4,,0.0476
traceD,bsf,580,31.5,121.4,1,4,,0.0476
traceD,bsf,581,36.3,121.8,1,4,,0.0476
traceD,bsf,582,32.3,121.1,1,4,,0.0476
traceD,bsf,583,35.0,120.5,1,4,,0.0476
traceD,bsf,584,32.8,120.2,1,4,,0.0476
traceD,bsf,585,31.0,120.7,1,4,,0.0476
traceD,bsf,586,34.1,120.1,1,4,,0.0476
traceD,bsf,587,35.9,120.1,1,4,,0.0476
traceD,bsf,588,32.4,121.6,1,4,,0.0476
traceD,bsf,589,34.0,120.4,1,4,,0.0476
traceD,bsf,590,37.8,120.8,1,4,,0.0476
traceD,bsf,591,30.0,121.1,1,4,,0.0476
traceD,bsf,592,32.1,120.5,1,4,,0.0476
traceD,bsf,593,34.6,119.7,1,4,,0.0476
traceD,bsf,594,32.9,119.8,1,4,,0.0476
traceD,bsf,595,33.7,120.1,1,4,,0.0476
traceD,bsf,596,34.2,120.0,1,4,,0.0476
traceD,bsf,597,35.8,119.9,1,4,,0.0476
traceD,bsf,598,34.7,120.0,1,4,,0.0476
traceD,bsf,599,34.0,119.8,1,4,,0.0476
traceD,bsf,600,31.6,120.1,1,4,,0.0476
traceD,bsf,601,34.2,120.3,1,4,,0.0476
traceD,bsf,602,31.1,121.8,1,4,,0.0476
traceD,bsf,603,34.6,121.2,1,4,,0.0476
traceD,bsf,604,31.7,120.1,1,4,,0.0476
traceD,bsf,605,34.4,120.3,1,4,,0.0476
traceD,bsf,606,32.1,120.4,1,4,,0.0476
traceD,bsf,607,32.9,120.2,1,4,,0.0476
traceD,bsf,608,32.0,121.0,1,4,,0.0476
traceD,bsf,609,33.6,121.3,1,4,,0.0476
traceD,bsf,610,32.1,120.8,1,4,,0.0476
traceD,bsf,611,35.8,120.9,1,4,,0.0476
traceD,bsf,612,34.5,120.6,1,4,,0.0476
traceD,bsf,613,34.6,122.0,1,4,,0.0476
traceD,bsf,614,34.0,120.6,1,4,,0.0476
traceD,bsf,615,30.8,120.1,1,4,,0.0476
traceD,bsf,616,34.9,121.1,1,4,,0.0476
traceD,bsf,617,34.9,119.7,1,4,,0.0476
traceD,bsf,618,34.3,120.2,1,4,,0.0476
traceD,bsf,619,33.9,121.3,1,4,,0.0476
traceD,bsf,620,34.6,121.3,1,4,,0.0476
traceD,bsf,621,31.7,121.0,1,4,,0.0476
traceD,bsf,622,35.6,123.3,1,4,,0.0476
traceD,bsf,623,30.5,120.9,1,4,,0.0476
traceD,bsf,624,32.9,122.9,1,4,,0.0476
traceD,bsf,625,29.8,122.1,1,4,,0.0476
traceD,bsf,626,34.3,122.1,1,4,,0.0476
traceD,bsf,627,29.9,120.4,1,4,,0.0476
traceD,bsf,628,31.4,121.3,1,4,,0.0476
traceD,bsf,629,35.6,121.4,1,4,,0.0476
traceD,bsf,630,32.1,120.9,1,4,,0.0476
traceD,bsf,631,30.4,121.2,1,4,,0.0476
traceD,bsf,632,36.2,121.7,1,4,,0.0476
traceD,bsf,633,33.6,121.6,1,4,,0.0476
traceD,bsf,634,30.0,120.9,1,4,,0.0476
traceD,bsf,635,32.4,121.7,1,4,,0.0476
traceD,bsf,636,33.7,121.7,1,4,,0.0476
traceD,bsf,637,30.8,121.6,1,4,,0.0476
traceD,bsf,638,34.3,121.5,1,4,,0.0476
traceD,bsf,639,35.6,121.4,1,4,,0.0476
traceD,bsf,640,34.4,122.3,1,4,,0.0476
traceD,bsf,641,34.0,121.7,1,4,,0.0476
traceD,bsf,642,36.1,121.3,1,4,,0.0476
traceD,bsf,643,34.4,121.6,1,4,,0.0476
traceD,bsf,644,33.5,122.8,1,4,,0.0476
traceD,bsf,645,30.5,121.8,1,4,,0.0476
traceD,bsf,646,33.2,121.2,1,4,,0.0476
traceD,bsf,647,35.2,122.1,1,4,,0.0476
traceD,bsf,648,35.6,121.4,1,4,,0.0476
traceD,bsf,649,32.8,121.8,1,4,,0.0476
traceD,bsf,650,28.6,123.6,1,4,,0.0476
traceD,bsf,651,32.1,122.3,1,4,,0.0476
traceD,bsf,652,33.4,122.2,1,4,,0.0476
traceD,bsf,653,30.4,123.6,1,4,,0.0476
traceD,bsf,654,34.1,121.2,1,4,,0.0476
traceD,bsf,655,33.3,121.7,1,4,,0.0476
traceD,bsf,656,32.7,121.1,1,4,,0.0476
traceD,bsf,657,32.8,121.8,1,4,,0.0476
traceD,bsf,658,33.0,121.6,1,4,,0.0476
traceD,bsf,659,33.1,121.8,1,4,,0.0476
traceD,bsf,660,34.0,121.9,1,4,,0.0476
traceD,bsf,661,35.6,121.1,1,4,,0.0476
traceD,bsf,662,28.8,121.9,1,4,,0.0476
traceD,bsf,663,33.0,121.9,1,4,,0.0476
traceD,bsf,664,36.0,121.3,1,4,,0.0476
traceD,bsf,665,30.1,121.8,1,4,,0.0476
traceD,bsf,666,32.0,121.3,1,4,,0.0476
traceD,bsf,667,34.6,121.7,1,4,,0.0476
traceD,bsf,668,35.6,122.1,1,4,,0.0476
traceD,bsf,669,34.3,122.4,1,4,,0.0476
traceD,bsf,670,35.6,122.2,1,4,,0.0476
traceD,bsf,671,35.6,121.7,1,4,,0.0476
traceD,bsf,672,34.1,120.7,1,4,,0.0476
traceD,bsf,673,35.9,121.2,1,4,,0.0476
traceD,bsf,674,34.6,121.9,1,4,,0.0476
traceD,bsf,675,33.4,121.6,1,4,,0.0476
traceD,bsf,676,34.9,121.7,1,4,,0.0476
traceD,bsf,677,32.6,122.0,1,4,,0.0476
traceD,bsf,678,32.7,121.5,1,4,,0.0476
traceD,bsf,679,31.6,121.7,1,4,,0.0476
traceD,bsf,680,30.1,121.3,1,4,,0.0476
traceD,bsf,681,31.6,121.8,1,4,,0.0476
traceD,bsf,682,33.2,120.7,1,4,,0.0476
traceD,bsf,683,30.6,120.4,1,4,,0.0476
traceD,bsf,684,32.6,121.3,1,4,,0.0476
traceD,bsf,685,34.4,122.6,1,4,,0.0476
traceD,bsf,686,33.8,122.6,1,4,,0.0476
traceD,bsf,687,34.7,121.2,1,4,,0.0476
traceD,bsf,688,33.8,121.6,1,4,,0.0476
traceD,bsf,689,34.0,122.4,1,4,,0.0476
traceD,bsf,690,30.7,121.6,1,4,,0.0476
traceD,bsf,691,32.3,120.9,1,4,,0.0476
traceD,bsf,692,34.5,121.3,1,4,,0.0476
traceD,bsf,693,35.4,122.2,1,4,,0.0476
traceD,bsf,694,33.1,121.8,1,4,,0.0476
traceD,bsf,695,32.1,122.2,1,4,,0.0476
traceD,bsf,696,33.7,123.8,1,4,,0.0476
traceD,bsf,697,34.2,121.3,1,4,,0.0476
traceD,bsf,698,32.9,120.6,1,4,,0.0476
traceD,bsf,699,30.1,121.0,1,4,,0.0476
traceD,bsf,700,35.4,122.3,1,4,,0.0476
traceD,bsf,701,33.1,123.1,1,4,,0.0476
traceD,bsf,702,34.4,122.5,1,4,,0.0476
traceD,bsf,703,34.5,121.9,1,4,,0.0476
traceD,bsf,704,34.5,122.2,1,4,,0.0476
traceD,bsf,705,34.6,121.7,1,4,,0.0476
traceD,bsf,706,34.3,122.2,1,4,,0.0476
traceD,bsf,707,35.1,121.4,1,4,,0.0476
traceD,bsf,708,34.9,122.1,1,4,,0.0476
traceD,bsf,709,33.7,121.4,1,4,,0.0476
traceD,bsf,710,34.4,121.9,1,4,,0.0476
traceD,bsf,711,34.4,121.9,1,4,,0.0476
traceD,bsf,712,29.5,120.5,1,4,,0.0476
traceD,bsf,713,32.0,121.2,1,4,,0.0476
traceD,bsf,714,32.5,121.9,1,4,,0.0476
traceD,bsf,715,32.0,121.5,1,4,,0.0476
traceD,bsf,716,29.7,121.8,1,4,,0.0476
traceD,bsf,717,29.7,120.9,1,4,,0.0476
traceD,bsf,718,34.9,122.0,1,4,,0.0476
traceD,bsf,719,32.4,121.2,1,4,,0.0476
traceD,bsf,720,33.1,121.7,1,4,,0.0476
traceD,bsf,721,30.3,121.0,1,4,,0.0476
traceD,bsf,722,33.0,121.7,1,4,,0.0476
traceD,bsf,723,32.4,122.2,1,4,,0.0476
traceD,bsf,724,32.4,121.6,1,4,,0.0476
traceD,bsf,725,34.0,122.1,1,4,,0.0476
traceD,bsf,726,35.6,122.2,1,4,,0.0476
traceD,bsf,727,33.9,121.6,1,4,,0.0476
traceD,bsf,728,35.6,120.7,1,4,,0.0476
traceD,bsf,729,33.7,121.0,1,4,,0.0476
traceD,bsf,730,35.6,122.0,1,4,,0.0476
traceD,bsf,731,35.0,122.0,1,4,,0.0476
traceD,bsf,732,34.8,121.5,1,4,,0.0476
traceD,bsf,733,35.6,121.9,1,4,,0.0476
traceD,bsf,734,33.0,121.7,1,4,,0.0476
traceD,bsf,735,35.5,121.1,1,4,,0.0476
traceD,bsf,736,35.6,121.6,1,4,,0.0476
traceD,bsf,737,34.0,121.6,1,4,,0.0476
traceD,bsf,738,35.6,121.5,1,4,,0.0476
traceD,bsf,739,33.2,121.5,1,4,,0.0476
traceD,bsf,740,35.5,122.4,1,4,,0.0476
traceD,bsf,741,33.5,122.4,1,4,,0.0476
traceD,bsf,742,29.2,123.0,1,4,,0.0476
traceD,bsf,743,29.8,120.9,1,4,,0.0476
traceD,bsf,744,32.8,121.9,1,4,,0.0476
traceD,bsf,745,34.4,121.8,1,4,,0.0476
traceD,bsf,746,36.1,121.0,1,4,,0.0476
traceD,bsf,747,35.0,121.4,1,4,,0.0476
traceD,bsf,748,33.9,121.5,1,4,,0.0476
traceD,bsf,749,35.3,121.6,1,4,,0.0476
traceD,bsf,750,35.6,121.8,1,4,,0.0476
traceD,bsf,751,33.8,121.7,1,4,,0.0476
traceD,bsf,752,35.6,121.0,1,4,,0.0476
traceD,bsf,753,30.2,121.3,1,4,,0.0476
traceD,bsf,754,32.1,121.6,1,4,,0.0476
traceD,bsf,755,30.0,121.8,1,4,,0.0476
traceD,bsf,756,32.4,121.2,1,4,,0.0476
traceD,bsf,757,35.4,121.3,1,4,,0.0476
traceD,bsf,758,30.8,121.4,1,4,,0.0476
traceD,bsf,759,33.2,121.0,1,4,,0.0476
traceD,bsf,760,33.7,121.4,1,4,,0.0476
traceD,bsf,761,35.3,121.1,1,4,,0.0476
traceD,bsf,762,32.4,121.7,1,4,,0.0476
traceD,bsf,763,33.5,121.3,1,4,,0.0476
traceD,bsf,764,35.8,120.5,1,4,,0.0476
traceD,bsf,765,35.2,121.5,1,4,,0.0476
traceD,bsf,766,32.5,121.0,1,4,,0.0476
traceD,bsf,767,32.6,121.9,1,4,,0.0476
traceD,bsf,768,33.6,122.9,1,4,,0.0476
traceD,bsf,769,32.3,122.5,1,4,,0.0476
traceD,bsf,770,34.8,121.1,1,4,,0.0476
traceD,bsf,771,33.1,121.6,1,4,,0.0476
traceD,bsf,772,34.3,120.7,1,4,,0.0476
traceD,bsf,773,33.8,121.8,1,4,,0.0476
traceD,bsf,774,33.9,121.6,1,4,,0.0476
traceD,bsf,775,35.6,122.9,1,4,,0.0476
traceD,bsf,776,31.8,122.1,1,4,,0.0476
traceD,bsf,777,32.6,120.7,1,4,,0.0476
traceD,bsf,778,32.0,120.9,1,4,,0.0476
traceD,bsf,779,34.3,121.6,1,4,,0.0476
traceD,bsf,780,31.5,121.6,1,4,,0.0476
traceD,bsf,781,30.5,122.0,1,4,,0.0476
traceD,bsf,782,33.6,120.6,1,4,,0.0476
traceD,bsf,783,32.0,120.9,1,4,,0.0476
traceD,bsf,784,30.6,121.8,1,4,,0.0476
traceD,bsf,785,32.6,120.7,1,4,,0.0476
traceD,bsf,786,35.6,121.2,1,4,,0.0476
traceD,bsf,787,34.9,120.4,1,4,,0.0476
traceD,bsf,788,33.3,121.2,1,4,,0.0476
traceD,bsf,789,35.4,121.3,1,4,,0.0476
traceD,bsf,790,34.1,120.7,1,4,,0.0476
traceD,bsf,791,32.1,121.8,1,4,,0.0476
traceD,bsf,792,33.8,121.4,1,4,,0.0476
traceD,bsf,793,31.1,120.9,1,4,,0.0476
traceD,bsf,794,35.3,121.0,1,4,,0.0476
traceD,bsf,795,34.0,121.7,1,4,,0.0476
traceD,bsf,796,33.4,121.5,1,4,,0.0476
traceD,bsf,797,33.5,121.1,1,4,,0.0476
traceD,bsf,798,31.6,121.0,1,4,,0.0476
traceD,bsf,799,33.7,120.4,1,4,,0.0476
traceD,bsf,800,34.4,121.1,1,4,,0.0476
traceD,bsf,801,31.9,120.8,1,4,,0.0476
traceD,bsf,802,32.7,121.1,1,4,,0.0476
traceD,bsf,803,33.5,120.3,1,4,,0.0476
traceD,bsf,804,32.1,120.7,1,4,,0.0476
traceD,bsf,805,34.2,119.9,1,4,,0.0476
traceD,bsf,806,33.7,120.7,1,4,,0.0476
traceD,bsf,807,33.1,121.4,1,4,,0.0476
traceD,bsf,808,32.9,120.5,1,4,,0.0476
traceD,bsf,809,28.5,121.2,1,4,,0.0476
traceD,bsf,810,33.7,121.6,1,4,,0.0476
traceD,bsf,811,32.2,121.0,1,4,,0.0476
traceD,bsf,812,30.2,121.2,1,4,,0.0476
traceD,bsf,813,33.2,120.9,1,4,,0.0476
traceD,bsf,814,35.5,120.7,1,4,,0.0476
traceD,bsf,815,29.6,120.2,1,4,,0.0476
traceD,bsf,816,35.7,121.0,1,4,,0.0476
traceD,bsf,817,34.5,120.1,1,4,,0.0476
traceD,bsf,818,33.8,121.4,1,4,,0.0476
traceD,bsf,819,31.6,119.8,1,4,,0.0476
traceD,bsf,820,33.7,120.2,1,4,,0.0476
traceD,bsf,821,33.9,120.5,1,4,,0.0476
traceD,bsf,822,32.3,119.8,1,4,,0.0476
traceD,bsf,823,31.4,119.5,1,4,,0.0476
traceD,bsf,824,34.3,120.4,1,4,,0.0476
traceD,bsf,825,34.7,120.0,1,4,,0.0476
traceD,bsf,826,30.1,119.2,1,4,,0.0476
traceD,bsf,827,32.2,119.4,1,4,,0.0476
traceD,bsf,828,29.8,119.4,1,4,,0.0476
traceD,bsf,829,32.9,119.6,1,4,,0.0476
traceD,bsf,830,34.8,120.7,1,4,,0.0476
traceD,bsf,831,33.5,120.1,1,4,,0.0476
traceD,bsf,832,32.7,120.5,1,4,,0.0476
traceD,bsf,833,32.1,119.9,1,4,,0.0476
traceD,bsf,834,34.2,122.2,1,4,,0.0476
traceD,bsf,835,31.1,121.3,1,4,,0.0476
traceD,bsf,836,34.9,120.4,1,4,,0.0476
traceD,bsf,837,35.6,120.8,1,4,,0.0476
traceD,bsf,838,31.9,122.9,1,4,,0.0476
traceD,bsf,839,30.8,121.6,1,4,,0.0476
traceD,bsf,840,31.8,121.0,1,4,,0.0476
traceD,bsf,841,35.3,121.0,1,4,,0.0476
traceD,bsf,842,33.3,120.5,1,4,,0.0476
traceD,bsf,843,33.4,121.0,1,4,,0.0476
traceD,bsf,844,29.3,120.1,1,4,,0.0476
traceD,bsf,845,34.8,120.1,1,4,,0.0476
traceD,bsf,846,34.3,121.4,1,4,,0.0476
traceD,bsf,847,33.5,120.5,1,4,,0.0476
traceD,bsf,848,33.0,121.2,1,4,,0.0476
traceD,bsf,849,34.3,121.5,1,4,,0.0476
traceD,bsf,850,33.6,121.0,1,4,,0.0476
traceD,bsf,851,27.1,120.8,1,4,,0.0476
traceD,bsf,852,31.1,122.3,1,4,,0.0476
traceD,bsf,853,34.6,120.7,1,4,,0.0476
traceD,bsf,854,34.1,120.6,1,4,,0.0476
traceD,bsf,855,33.7,120.7,1,4,,0.0476
traceD,bsf,856,33.1,120.2,1,4,,0.0476
traceD,bsf,857,34.1,120.5,1,4,,0.0476
traceD,bsf,858,35.0,121.4,1,4,,0.0476
traceD,bsf,859,28.3,121.1,1,4,,0.0476
traceD,bsf,860,32.2,120.9,1,4,,0.0476
traceD,bsf,861,31.6,121.6,1,4,,0.0476
traceD,bsf,862,31.2,120.8,1,4,,0.0476
traceD,bsf,863,28.6,120.6,1,4,,0.0476
traceD,bsf,864,35.6,121.3,1,4,,0.0476
traceD,bsf,865,30.6,121.2,1,4,,0.0476
traceD,bsf,866,28.0,121.1,1,4,,0.0476
traceD,bsf,867,34.0,121.0,1,4,,0.0476
traceD,bsf,868,35.6,120.7,1,4,,0.0476
traceD,bsf,869,33.0,120.9,1,4,,0.0476
traceD,bsf,870,28.7,121.0,1,4,,0.0476
traceD,bsf,871,30.7,121.0,1,4,,0.0476
traceD,bsf,872,31.9,121.4,1,4,,0.0476
traceD,bsf,873,32.3,120.9,1,4,,0.0476
traceD,bsf,874,32.5,121.7,1,4,,0.0476
traceD,bsf,875,33.0,121.9,1,4,,0.0476
traceD,bsf,876,34.7,121.6,1,4,,0.0476
traceD,bsf,877,36.8,121.8,1,4,,0.0476
traceD,bsf,878,33.2,120.7,1,4,,0.0476
traceD,bsf,879,35.3,122.3,1,4,,0.0476
traceD,bsf,880,30.9,121.8,1,4,,0.0476
traceD,bsf,881,33.1,121.9,1,4,,0.0476
traceD,bsf,882,30.8,120.8,1,4,,0.0476
traceD,bsf,883,33.4,120.7,1,4,,0.0476
traceD,bsf,884,31.2,120.8,1,4,,0.0476
traceD,bsf,885,35.6,120.8,1,4,,0.0476
traceD,bsf,886,33.4,120.5,1,4,,0.0476
traceD,bsf,887,36.0,121.7,1,4,,0.0476
traceD,bsf,888,33.4,121.2,1,4,,0.0476
traceD,bsf,889,33.6,121.1,1,4,,0.0476
traceD,bsf,890,33.8,121.6,1,4,,0.0476
traceD,bsf,891,34.2,122.4,1,4,,0.0476
traceD,bsf,892,39.3,121.5,1,4,,0.0476
traceD,bsf,893,34.2,121.0,1,4,,0.0476
traceD,bsf,894,26.3,123.7,1,4,,0.0476
traceD,bsf,895,32.5,120.4,1,4,,0.0476
traceD,bsf,896,34.2,121.4,1,4,,0.0476
traceD,bsf,897,33.0,121.2,1,4,,0.0476
traceD,bsf,898,35.8,120.8,1,4,,0.0476
traceD,bsf,899,34.1,120.8,1,4,,0.0476
traceD,bsf,900,34.0,120.8,1,4,,0.0476
traceD,bsf,901,35.3,121.8,1,4,,0.0476
traceD,bsf,902,35.1,121.3,1,4,,0.0476
traceD,bsf,903,34.0,121.2,1,4,,0.0476
traceD,bsf,904,33.9,122.1,1,4,,0.0476
traceD,bsf,905,33.3,122.0,1,4,,0.0476
traceD,bsf,906,35.5,121.8,1,4,,0.0476
traceD,bsf,907,30.5,121.7,1,4,,0.0476
traceD,bsf,908,33.1,121.4,1,4,,0.0476
traceD,bsf,909,37.4,122.1,1,4,,0.0476
traceD,bsf,910,32.6,121.1,1,4,,0.0476
traceD,bsf,911,35.6,122.1,1,4,,0.0476
traceD,bsf,912,33.0,121.2,1,4,,0.0476
traceD,bsf,913,35.2,120.9,1,4,,0.0476
traceD,bsf,914,33.6,121.0,1,4,,0.0476
traceD,bsf,915,34.9,121.1,1,4,,0.0476
traceD,bsf,916,35.7,121.6,1,4,,0.0476
traceD,bsf,917,36.9,120.7,1,4,,0.0476
traceD,bsf,918,34.7,121.3,1,4,,0.0476
traceD,bsf,919,31.5,121.6,1,4,,0.0476
traceD,bsf,920,34.6,121.4,1,4,,0.0476
traceD,bsf,921,32.6,121.5,1,4,,0.0476
traceD,bsf,922,34.2,121.3,1,4,,0.0476
traceD,bsf,923,31.3,120.5,1,4,,0.0476
traceD,bsf,924,35.0,121.0,1,4,,0.0476
traceD,bsf,925,33.4,120.3,1,4,,0.0476
traceD,bsf,926,33.9,120.6,1,4,,0.0476
traceD,bsf,927,34.3,121.6,1,4,,0.0476
traceD,bsf,928,29.3,121.4,1,4,,0.0476
traceD,bsf,929,30.7,121.9,1,4,,0.0476
traceD,bsf,930,35.2,121.6,1,4,,0.0476
traceD,bsf,931,29.1,121.2,1,4,,0.0476
traceD,bsf,932,33.8,121.3,1,4,,0.0476
traceD,bsf,933,33.3,121.2,1,4,,0.0476
traceD,bsf,934,35.8,122.1,1,4,,0.0476
traceD,bsf,935,32.6,121.9,1,4,,0.0476
traceD,bsf,936,36.4,121.6,1,4,,0.0476
traceD,bsf,937,34.7,121.4,1,4,,0.0476
traceD,bsf,938,33.8,121.0,1,4,,0.0476
traceD,bsf,939,35.0,121.3,1,4,,0.0476
traceD,bsf,940,32.8,122.1,1,4,,0.0476
traceD,bsf,941,35.1,121.4,1,4,,0.0476
traceD,bsf,942,32.0,121.4,1,4,,0.0476
traceD,bsf,943,34.1,121.8,1,4,,0.0476
traceD,bsf,944,39.1,122.5,1,4,,0.0476
traceD,bsf,945,31.7,121.5,1,4,,0.0476
traceD,bsf,946,33.3,121.3,1,4,,0.0476
traceD,bsf,947,35.3,120.7,1,4,,0.0476
traceD,bsf,948,32.0,120.9,1,4,,0.0476
traceD,bsf,949,32.9,120.6,1,4,,0.0476
traceD,bsf,950,33.7,121.4,1,4,,0.0476
traceD,bsf,951,30.3,121.5,1,4,,0.0476
traceD,bsf,952,34.3,121.9,1,4,,0.0476
traceD,bsf,953,33.5,120.6,1,4,,0.0476
traceD,bsf,954,33.5,121.2,1,4,,0.0476
traceD,bsf,955,33.9,121.3,1,4,,0.0476
traceD,bsf,956,33.8,121.1,1,4,,0.0476
traceD,bsf,957,35.6,121.3,1,4,,0.0476
traceD,bsf,958,29.7,121.7,1,4,,0.0476
traceD,bsf,959,34.8,121.0,1,4,,0.0476
traceD,bsf,960,33.7,121.3,1,4,,0.0476
traceD,bsf,961,34.2,121.4,1,4,,0.0476
traceD,bsf,962,37.0,121.2,1,4,,0.0476
traceD,bsf,963,34.9,121.0,1,4,,0.0476
traceD,bsf,964,32.1,121.8,1,4,,0.0476
traceD,bsf,965,33.7,120.8,1,4,,0.0476
traceD,bsf,966,35.4,121.5,1,4,,0.0476
traceD,bsf,967,34.2,121.1,1,4,,0.0476
traceD,bsf,968,35.1,121.2,1,4,,0.0476
traceD,bsf,969,35.3,120.3,1,4,,0.0476
traceD,bsf,970,33.5,120.6,1,4,,0.0476
traceD,bsf,971,34.6,121.0,1,4,,0.0476
traceD,bsf,972,30.4,121.3,1,4,,0.0476
traceD,bsf,973,37.2,121.7,1,4,,0.0476
traceD,bsf,974,30.0,121.3,1,4,,0.0476
traceD,bsf,975,32.8,121.2,1,4,,0.0476
traceD,bsf,976,32.0,121.7,1,4,,0.0476
traceD,bsf,977,33.1,122.4,1,4,,0.0476
traceD,bsf,978,32.5,121.1,1,4,,0.0476
traceD,bsf,979,31.9,121.0,1,4,,0.0476
traceD,bsf,980,32.8,121.8,1,4,,0.0476
traceD,bsf,981,31.3,120.5,1,4,,0.0476
traceD,bsf,982,32.9,121.2,1,4,,0.0476
traceD,bsf,983,30.9,121.5,1,4,,0.0476
traceD,bsf,984,29.7,121.3,1,4,,0.0476
traceD,bsf,985,33.7,122.0,1,4,,0.0476
traceD,bsf,986,35.6,121.9,1,4,,0.0476
traceD,bsf,987,29.8,121.1,1,4,,0.0476
traceD,bsf,988,33.6,121.5,1,4,,0.0476
traceD,bsf,989,32.7,121.7,1,4,,0.0476
traceD,bsf,990,31.8,121.3,1,4,,0.0476
traceD,bsf,991,34.5,120.7,1,4,,0.0476
traceD,bsf,992,34.0,121.2,1,4,,0.0476
traceD,bsf,993,34.5,121.5,1,4,,0.0476
traceD,bsf,994,108.0,120.6,1,4,,0.0476
traceD,bsf,995,209.6,121.3,0,4,,0.0476
traceD,bsf,996,209.6,121.0,0,4,,0.0476
traceD,bsf,997,209.6,121.0,0,4,,0.0476
traceD,bsf,998,209.6,122.0,0,4,,0.0476
traceD,bsf,999,209.6,121.3,0,4,,0.0476
traceD,v3,0,35.7,1410.0,1,8,M,1.6133
traceD,v3,1,30.0,155.4,1,8,M,1.6108
traceD,v3,2,33.3,923.4,1,8,L,1.6084
traceD,v3,3,35.8,90.6,1,8,L,1.6060
traceD,v3,4,31.4,90.5,1,8,L,1.6035
traceD,v3,5,30.6,80.0,1,7,L,1.6011
traceD,v3,6,31.3,80.0,1,7,L,1.5987
traceD,v3,7,33.5,80.0,1,7,L,1.5962
traceD,v3,8,31.3,79.9,1,7,L,1.5938
traceD,v3,9,34.2,80.0,1,7,L,1.5915
traceD,v3,10,33.2,80.0,1,7,L,1.5891
traceD,v3,11,34.2,79.8,1,7,L,1.5868
traceD,v3,12,34.1,79.9,1,7,L,1.5845
traceD,v3,13,31.0,80.2,1,7,L,1.5823
traceD,v3,14,30.3,80.0,1,7,L,1.5801
traceD,v3,15,37.2,80.2,1,7,L,1.5780
traceD,v3,16,29.5,80.1,1,7,L,1.5759
traceD,v3,17,35.3,80.0,1,7,L,1.5739
traceD,v3,18,33.8,80.0,1,7,L,1.5720
traceD,v3,19,30.9,79.9,1,7,L,1.5701
traceD,v3,20,33.0,80.0,1,7,L,1.5683
traceD,v3,21,35.2,79.9,1,7,L,1.5666
traceD,v3,22,28.9,80.0,1,7,L,1.5650
traceD,v3,23,29.1,80.0,1,7,L,1.5635
traceD,v3,24,31.2,80.1,1,7,L,1.5620
traceD,v3,25,34.7,79.9,1,7,L,1.5607
traceD,v3,26,30.3,79.8,1,7,L,1.5595
traceD,v3,27,32.9,80.0,1,7,L,1.5583
traceD,v3,28,35.6,79.9,1,7,L,1.5573
traceD,v3,29,33.6,80.0,1,7,L,1.5564
traceD,v3,30,31.9,80.0,1,7,L,1.5556
traceD,v3,31,31.2,80.0,1,7,L,1.5549
traceD,v3,32,33.9,79.9,1,7,L,1.5543
traceD,v3,33,35.7,79.9,1,7,L,1.5538
traceD,v3,34,30.9,79.9,1,7,L,1.5535
traceD,v3,35,31.2,79.8,1,7,L,1.5533
traceD,v3,36,34.8,79.7,1,7,L,1.5532
traceD,v3,37,30.6,79.7,1,7,L,1.5532
traceD,v3,38,33.5,79.6,1,7,L,1.5533
traceD,v3,39,34.1,90.0,1,8,L,1.5536
traceD,v3,40,31.2,90.0,1,8,L,1.5540
traceD,v3,41,34.4,90.0,1,8,L,1.5545
traceD,v3,42,35.7,90.0,1,8,L,1.5551
traceD,v3,43,34.9,89.9,1,8,L,1.5558
traceD,v3,44,35.0,89.9,1,8,L,1.5567
traceD,v3,45,33.2,89.9,1,8,L,1.5577
traceD,v3,46,34.1,90.0,1,8,L,1.5588
traceD,v3,47,30.6,89.9,1,8,L,1.5600
traceD,v3,48,31.4,90.1,1,8,L,1.5613
traceD,v3,49,35.0,89.9,1,8,L,1.5628
traceD,v3,50,34.3,90.0,1,8,L,1.5643
traceD,v3,51,35.5,89.9,1,8,L,1.5659
traceD,v3,52,35.6,90.0,1,8,L,1.5677
traceD,v3,53,35.1,90.0,1,8,L,1.5695
traceD,v3,54,33.6,79.7,1,7,L,1.5715
traceD,v3,55,35.8,79.6,1,7,L,1.5735
traceD,v3,56,30.7,79.8,1,7,L,1.5756
traceD,v3,57,34.7,79.6,1,7,L,1.5778
traceD,v3,58,30.6,79.6,1,7,L,1.5801
traceD,v3,59,32.6,79.6,1,7,L,1.5824
traceD,v3,60,35.1,79.5,1,7,L,1.5849
traceD,v3,61,33.6,79.6,1,7,L,1.5873
traceD,v3,62,32.8,79.5,1,7,L,1.5899
traceD,v3,63,34.7,79.6,1,7,L,1.5925
traceD,v3,64,34.8,79.4,1,7,L,1.5951
traceD,v3,65,35.2,79.4,1,7,L,1.5978
traceD,v3,66,35.7,79.5,1,7,L,1.6005
traceD,v3,67,28.5,79.3,1,7,L,1.6033
traceD,v3,68,31.1,79.4,1,7,L,1.6061
traceD,v3,69,29.7,79.4,1,7,L,1.6089
traceD,v3,70,34.3,79.4,1,7,L,1.6117
traceD,v3,71,34.2,79.7,1,7,L,1.6146
traceD,v3,72,37.3,79.7,1,7,L,1.6174
traceD,v3,73,29.0,79.7,1,7,L,1.6202
traceD,v3,74,33.6,79.7,1,7,L,1.6231
traceD,v3,75,34.9,79.7,1,7,L,1.6259
traceD,v3,76,35.9,79.6,1,7,L,1.6287
traceD,v3,77,31.4,79.7,1,7,L,1.6315
traceD,v3,78,34.0,79.7,1,7,L,1.6342
traceD,v3,79,30.2,79.9,1,7,L,1.6369
traceD,v3,80,33.2,90.1,1,8,L,1.6396
traceD,v3,81,34.7,90.3,1,8,L,1.6422
traceD,v3,82,34.0,90.3,1,8,L,1.6448
traceD,v3,83,35.5,90.3,1,8,L,1.6473
traceD,v3,84,34.3,90.3,1,8,L,1.6497
traceD,v3,85,34.7,90.4,1,8,L,1.6521
traceD,v3,86,34.1,100.7,1,9,L,1.6543
traceD,v3,87,34.2,100.8,1,9,L,1.6565
traceD,v3,88,34.8,100.6,1,9,L,1.6587
traceD,v3,89,32.7,111.1,1,10,L,1.6607
traceD,v3,90,27.0,110.8,1,10,L,1.6626
traceD,v3,91,33.7,100.6,1,9,L,1.6644
traceD,v3,92,34.4,100.7,1,9,L,1.6661
traceD,v3,93,35.7,100.8,1,9,L,1.6677
traceD,v3,94,33.8,100.8,1,9,L,1.6692
traceD,v3,95,35.4,100.8,1,9,L,1.6705
traceD,v3,96,34.9,100.8,1,9,L,1.6717
traceD,v3,97,33.9,100.9,1,9,L,1.6728
traceD,v3,98,34.2,100.9,1,9,L,1.6738
traceD,v3,99,34.1,101.0,1,9,L,1.6746
traceD,v3,100,33.8,100.9,1,9,L,1.6752
traceD,v3,101,33.8,100.9,1,9,L,1.6757
traceD,v3,102,34.8,100.8,1,9,L,1.6761
traceD,v3,103,35.0,100.9,1,9,L,1.6763
traceD,v3,104,34.7,100.8,1,9,L,1.6763
traceD,v3,105,35.9,101.0,1,9,L,1.6762
traceD,v3,106,33.0,111.2,1,10,L,1.6759
traceD,v3,107,35.7,111.2,1,10,L,1.6754
traceD,v3,108,35.5,100.6,1,9,L,1.6747
traceD,v3,109,34.7,100.7,1,9,L,1.6739
traceD,v3,110,35.7,90.3,1,8,L,1.6729
traceD,v3,111,35.4,90.5,1,8,L,1.6717
traceD,v3,112,33.5,90.7,1,8,L,1.6703
traceD,v3,113,35.6,90.5,1,8,L,1.6688
traceD,v3,114,34.7,90.5,1,8,L,1.6670
traceD,v3,115,35.0,90.6,1,8,L,1.6650
traceD,v3,116,34.7,90.7,1,8,L,1.6629
traceD,v3,117,34.9,91.3,1,8,L,1.6606
traceD,v3,118,35.8,91.3,1,8,L,1.6580
traceD,v3,119,33.8,80.9,1,7,L,1.6553
traceD,v3,120,31.5,80.8,1,7,L,1.6524
traceD,v3,121,36.0,80.9,1,7,L,1.6492
traceD,v3,122,30.9,80.2,1,7,L,1.6459
traceD,v3,123,34.0,79.9,1,7,L,1.6424
traceD,v3,124,33.4,80.1,1,7,L,1.6387
traceD,v3,125,32.1,80.2,1,7,L,1.6347
traceD,v3,126,28.6,80.8,1,7,L,1.6306
traceD,v3,127,31.5,80.4,1,7,L,1.6263
traceD,v3,128,34.7,80.4,1,7,L,1.6218
traceD,v3,129,33.8,80.4,1,7,L,1.6171
traceD,v3,130,31.5,80.2,1,7,L,1.6121
traceD,v3,131,35.1,80.1,1,7,L,1.6070
traceD,v3,132,29.9,80.2,1,7,L,1.6017
traceD,v3,133,33.2,80.1,1,7,L,1.5962
traceD,v3,134,31.6,80.3,1,7,L,1.5906
traceD,v3,135,32.5,80.2,1,7,L,1.5847
traceD,v3,136,33.9,80.2,1,7,L,1.5787
traceD,v3,137,30.3,80.2,1,7,L,1.5724
traceD,v3,138,33.4,80.2,1,7,L,1.5660
traceD,v3,139,33.8,80.4,1,7,L,1.5595
traceD,v3,140,34.7,80.2,1,7,L,1.5527
traceD,v3,141,33.8,80.1,1,7,L,1.5458
traceD,v3,142,33.4,80.1,1,7,L,1.5388
traceD,v3,143,33.8,90.4,1,8,L,1.5315
traceD,v3,144,35.6,90.6,1,8,L,1.5242
traceD,v3,145,34.0,90.6,1,8,L,1.5166
traceD,v3,146,34.5,90.5,1,8,L,1.5090
traceD,v3,147,36.0,90.8,1,8,L,1.5012
traceD,v3,148,33.0,90.6,1,8,L,1.4933
traceD,v3,149,35.6,90.6,1,8,L,1.4852
traceD,v3,150,34.7,90.6,1,8,L,1.4770
traceD,v3,151,33.4,80.2,1,7,L,1.4688
traceD,v3,152,36.7,80.2,1,7,L,1.4604
traceD,v3,153,30.9,80.2,1,7,L,1.4519
traceD,v3,154,28.8,80.2,1,7,L,1.4434
traceD,v3,155,34.4,93.3,1,8,L,1.4348
traceD,v3,156,34.8,94.9,1,8,L,1.4261
traceD,v3,157,36.2,106.2,1,9,L,1.4173
traceD,v3,158,32.5,93.8,1,8,L,1.4085
traceD,v3,159,35.5,104.6,1,9,L,1.3996
traceD,v3,160,33.3,104.5,1,9,L,1.3908
traceD,v3,161,30.4,105.0,1,9,L,1.3819
traceD,v3,162,33.6,93.8,1,8,L,1.3730
traceD,v3,163,31.1,92.2,1,8,L,1.3641
traceD,v3,164,34.4,81.8,1,7,L,1.3552
traceD,v3,165,35.4,81.8,1,7,L,1.3463
traceD,v3,166,34.7,81.7,1,7,L,1.3375
traceD,v3,167,35.4,82.2,1,7,L,1.3287
traceD,v3,168,34.1,82.1,1,7,L,1.3200
traceD,v3,169,31.5,82.1,1,7,L,1.3114
traceD,v3,170,33.6,82.2,1,7,L,1.3028
traceD,v3,171,35.8,82.2,1,7,L,1.2944
traceD,v3,172,30.1,82.0,1,7,L,1.2861
traceD,v3,173,34.8,82.2,1,7,L,1.2779
traceD,v3,174,29.3,81.9,1,7,L,1.2699
traceD,v3,175,35.4,81.8,1,7,L,1.2620
traceD,v3,176,32.5,69.9,1,6,L,1.2543
traceD,v3,177,32.6,69.9,1,6,L,1.2468
traceD,v3,178,35.0,69.8,1,6,L,1.2395
traceD,v3,179,32.5,69.9,1,6,L,1.2324
traceD,v3,180,34.6,69.9,1,6,L,1.2256
traceD,v3,181,32.8,69.8,1,6,L,1.2190
traceD,v3,182,34.4,69.7,1,6,L,1.2127
traceD,v3,183,32.0,69.7,1,6,L,1.2067
traceD,v3,184,32.3,69.8,1,6,L,1.2010
traceD,v3,185,34.7,69.9,1,6,L,1.1955
traceD,v3,186,30.9,69.9,1,6,L,1.1905
traceD,v3,187,32.1,69.8,1,6,L,1.1857
traceD,v3,188,32.3,69.7,1,6,L,1.1814
traceD,v3,189,33.7,69.8,1,6,L,1.1774
traceD,v3,190,36.4,69.8,1,6,L,1.1738
traceD,v3,191,34.8,69.8,1,6,L,1.1706
traceD,v3,192,35.2,69.8,1,6,L,1.1678
traceD,v3,193,33.9,69.8,1,6,L,1.1654
traceD,v3,194,28.9,69.6,1,6,L,1.1634
traceD,v3,195,33.5,69.5,1,6,L,1.1619
traceD,v3,196,34.0,69.6,1,6,L,1.1609
traceD,v3,197,35.7,69.7,1,6,L,1.1603
traceD,v3,198,35.6,69.6,1,6,L,1.1602
traceD,v3,199,33.3,69.6,1,6,L,1.1605
traceD,v3,200,35.4,69.8,1,6,L,1.1613
traceD,v3,201,35.1,70.0,1,6,L,1.1626
traceD,v3,202,34.2,69.7,1,6,L,1.1644
traceD,v3,203,35.7,69.7,1,6,L,1.1667
traceD,v3,204,34.0,80.6,1,7,L,1.1694
traceD,v3,205,35.7,80.7,1,7,L,1.1726
traceD,v3,206,33.5,81.0,1,7,L,1.1764
traceD,v3,207,35.7,81.0,1,7,L,1.1806
traceD,v3,208,30.8,80.8,1,7,L,1.1852
traceD,v3,209,34.7,81.5,1,7,L,1.1904
traceD,v3,210,32.7,82.3,1,7,L,1.1959
traceD,v3,211,34.3,82.2,1,7,L,1.2020
traceD,v3,212,31.6,82.3,1,7,L,1.2085
traceD,v3,213,35.0,93.1,1,8,L,1.2154
traceD,v3,214,35.7,93.2,1,8,L,1.2228
traceD,v3,215,30.3,105.9,1,9,L,1.2306
traceD,v3,216,40.6,116.4,1,10,L,1.2388
traceD,v3,217,29.5,104.1,1,9,L,1.2474
traceD,v3,218,33.1,116.5,1,10,L,1.2564
traceD,v3,219,35.4,105.3,1,9,L,1.2657
traceD,v3,220,31.8,95.1,1,8,L,1.2754
traceD,v3,221,29.6,105.2,1,9,L,1.2854
traceD,v3,222,36.2,105.7,1,9,L,1.2958
traceD,v3,223,32.1,69.6,1,6,L,1.3065
traceD,v3,224,32.6,80.0,1,7,L,1.3175
traceD,v3,225,34.2,79.9,1,7,L,1.3287
traceD,v3,226,35.3,80.0,1,7,L,1.3403
traceD,v3,227,32.7,79.9,1,7,L,1.3521
traceD,v3,228,36.8,79.9,1,7,L,1.3641
traceD,v3,229,29.8,80.0,1,7,L,1.3764
traceD,v3,230,34.7,90.3,1,8,L,1.3888
traceD,v3,231,33.3,90.3,1,8,L,1.4015
traceD,v3,232,29.6,90.3,1,8,L,1.4143
traceD,v3,233,34.5,90.6,1,8,L,1.4273
traceD,v3,234,34.4,90.5,1,8,L,1.4404
traceD,v3,235,35.5,90.8,1,8,L,1.4537
traceD,v3,236,36.6,100.8,1,9,L,1.4671
traceD,v3,237,27.4,100.8,1,9,L,1.4806
traceD,v3,238,36.1,111.5,1,10,L,1.4942
traceD,v3,239,31.0,111.2,1,10,L,1.5078
traceD,v3,240,32.5,101.5,1,9,L,1.5216
traceD,v3,241,31.9,124.4,1,11,L,1.5353
traceD,v3,242,32.5,135.3,1,12,L,1.5491
traceD,v3,243,34.4,112.4,1,10,L,1.5629
traceD,v3,244,31.5,112.3,1,10,L,1.5767
traceD,v3,245,35.0,101.5,1,9,L,1.5905
traceD,v3,246,31.4,101.2,1,9,L,1.6043
traceD,v3,247,36.1,101.0,1,9,L,1.6181
traceD,v3,248,35.7,111.4,1,10,L,1.6318
traceD,v3,249,33.8,111.5,1,10,L,1.6454
traceD,v3,250,29.9,111.4,1,10,L,1.6590
traceD,v3,251,31.9,111.4,1,10,L,1.6725
traceD,v3,252,30.6,111.5,1,10,L,1.6859
traceD,v3,253,31.5,101.4,1,9,L,1.6992
traceD,v3,254,31.5,101.0,1,9,L,1.7124
traceD,v3,255,30.1,101.4,1,9,L,1.7255
traceD,v3,256,36.7,101.3,1,9,L,1.7384
traceD,v3,257,33.2,101.3,1,9,L,1.7512
traceD,v3,258,33.9,111.8,1,10,L,1.7638
traceD,v3,259,34.6,111.8,1,10,L,1.7763
traceD,v3,260,34.4,111.4,1,10,L,1.7885
traceD,v3,261,35.5,101.0,1,9,L,1.8006
traceD,v3,262,36.1,101.0,1,9,L,1.8125
traceD,v3,263,32.9,101.2,1,9,L,1.8242
traceD,v3,264,35.8,101.1,1,9,L,1.8357
traceD,v3,265,33.2,101.0,1,9,L,1.8470
traceD,v3,266,33.4,101.0,1,9,L,1.8580
traceD,v3,267,28.8,111.4,1,10,L,1.8688
traceD,v3,268,36.0,111.6,1,10,L,1.8793
traceD,v3,269,34.1,101.4,1,9,L,1.8896
traceD,v3,270,32.9,101.3,1,9,L,1.8996
traceD,v3,271,32.3,101.1,1,9,L,1.9094
traceD,v3,272,35.4,101.2,1,9,L,1.9189
traceD,v3,273,31.8,101.3,1,9,L,1.9281
traceD,v3,274,31.8,101.5,1,9,L,1.9370
traceD,v3,275,33.2,101.3,1,9,L,1.9456
traceD,v3,276,35.4,101.1,1,9,L,1.9539
traceD,v3,277,32.8,101.3,1,9,L,1.9619
traceD,v3,278,34.4,101.2,1,9,L,1.9696
traceD,v3,279,33.5,101.0,1,9,L,1.9770
traceD,v3,280,31.6,100.9,1,9,L,1.9840
traceD,v3,281,35.4,101.1,1,9,L,1.9907
traceD,v3,282,31.5,101.2,1,9,L,1.9970
traceD,v3,283,32.9,101.1,1,9,L,2.0031
traceD,v3,284,31.5,102.3,1,9,L,2.0087
traceD,v3,285,33.8,102.0,1,9,L,2.0140
traceD,v3,286,34.3,101.9,1,9,L,2.0190
traceD,v3,287,34.1,101.9,1,9,L,2.0236
traceD,v3,288,31.1,101.8,1,9,L,2.0278
traceD,v3,289,33.6,91.3,1,8,L,2.0317
traceD,v3,290,30.3,91.4,1,8,L,2.0351
traceD,v3,291,33.2,91.4,1,8,L,2.0382
traceD,v3,292,32.2,90.8,1,8,L,2.0410
traceD,v3,293,32.4,90.5,1,8,L,2.0433
traceD,v3,294,33.6,90.6,1,8,L,2.0452
traceD,v3,295,34.1,90.5,1,8,L,2.0468
traceD,v3,296,31.1,90.6,1,8,L,2.0479
traceD,v3,297,33.6,90.5,1,8,L,2.0487
traceD,v3,298,35.0,91.3,1,8,L,2.0490
traceD,v3,299,35.4,91.3,1,8,L,2.0490
traceD,v3,300,33.5,91.2,1,8,L,2.0485
traceD,v3,301,34.7,91.2,1,8,L,2.0476
traceD,v3,302,34.6,101.9,1,9,L,2.0463
traceD,v3,303,35.0,101.9,1,9,L,2.0446
traceD,v3,304,35.5,101.7,1,9,L,2.0425
traceD,v3,305,32.2,101.4,1,9,L,2.0400
traceD,v3,306,34.3,101.2,1,9,L,2.0371
traceD,v3,307,33.7,101.6,1,9,L,2.0337
traceD,v3,308,34.7,101.6,1,9,L,2.0299
traceD,v3,309,33.5,101.1,1,9,L,2.0257
traceD,v3,310,34.8,101.1,1,9,L,2.0211
traceD,v3,311,31.2,101.0,1,9,L,2.0161
traceD,v3,312,33.1,100.9,1,9,L,2.0107
traceD,v3,313,36.3,101.0,1,9,L,2.0048
traceD,v3,314,29.1,101.1,1,9,L,1.9985
traceD,v3,315,33.7,101.0,1,9,L,1.9918
traceD,v3,316,34.9,101.0,1,9,L,1.9847
traceD,v3,317,38.3,100.9,1,9,L,1.9771
traceD,v3,318,31.2,100.9,1,9,L,1.9691
traceD,v3,319,34.1,101.0,1,9,L,1.9608
traceD,v3,320,36.1,100.8,1,9,L,1.9520
traceD,v3,321,35.0,111.1,1,10,L,1.9428
traceD,v3,322,38.0,111.1,1,10,L,1.9332
traceD,v3,323,32.4,121.9,1,11,L,1.9231
traceD,v3,324,30.5,111.5,1,10,L,1.9127
traceD,v3,325,33.2,101.0,1,9,L,1.9019
traceD,v3,326,33.3,101.0,1,9,L,1.8907
traceD,v3,327,33.5,111.4,1,10,L,1.8790
traceD,v3,328,33.2,111.3,1,10,L,1.8670
traceD,v3,329,36.0,100.6,1,9,L,1.8546
traceD,v3,330,28.1,101.1,1,9,L,1.8418
traceD,v3,331,33.2,100.9,1,9,L,1.8287
traceD,v3,332,33.5,100.9,1,9,L,1.8151
traceD,v3,333,31.6,90.4,1,8,L,1.8012
traceD,v3,334,35.2,90.4,1,8,L,1.7869
traceD,v3,335,34.4,90.5,1,8,L,1.7722
traceD,v3,336,33.2,90.4,1,8,L,1.7572
traceD,v3,337,33.6,90.4,1,8,L,1.7418
traceD,v3,338,33.4,90.6,1,8,L,1.7261
traceD,v3,339,33.2,90.4,1,8,L,1.7101
traceD,v3,340,30.7,90.1,1,8,L,1.6937
traceD,v3,341,35.2,90.1,1,8,L,1.6769
traceD,v3,342,34.9,90.2,1,8,L,1.6599
traceD,v3,343,34.0,79.6,1,7,L,1.6426
traceD,v3,344,30.2,79.8,1,7,L,1.6249
traceD,v3,345,33.2,79.9,1,7,L,1.6070
traceD,v3,346,31.2,79.7,1,7,L,1.5887
traceD,v3,347,35.7,79.5,1,7,L,1.5702
traceD,v3,348,30.9,79.4,1,7,L,1.5514
traceD,v3,349,35.0,79.6,1,7,L,1.5324
traceD,v3,350,32.6,79.5,1,7,L,1.5131
traceD,v3,351,31.5,69.3,1,6,L,1.4936
traceD,v3,352,31.2,69.2,1,6,L,1.4739
traceD,v3,353,29.8,117.2,1,10,L,1.4540
traceD,v3,354,33.6,104.5,1,9,L,1.4339
traceD,v3,355,30.2,105.0,1,9,L,1.4136
traceD,v3,356,33.6,103.7,1,9,L,1.3931
traceD,v3,357,31.1,81.2,1,7,L,1.3725
traceD,v3,358,30.9,80.9,1,7,L,1.3517
traceD,v3,359,31.2,80.0,1,7,L,1.3309
traceD,v3,360,33.5,80.0,1,7,L,1.3099
traceD,v3,361,36.1,69.1,1,6,L,1.2889
traceD,v3,362,28.3,69.0,1,6,L,1.2678
traceD,v3,363,36.2,69.0,1,6,L,1.2467
traceD,v3,364,33.3,69.2,1,6,L,1.2256
traceD,v3,365,35.7,69.2,1,6,L,1.2045
traceD,v3,366,39.8,69.1,1,6,L,1.1834
traceD,v3,367,29.9,69.2,1,6,L,1.1625
traceD,v3,368,33.9,69.1,1,6,L,1.1416
traceD,v3,369,36.2,69.3,1,6,L,1.1208
traceD,v3,370,33.6,69.3,1,6,L,1.1003
traceD,v3,371,33.5,69.1,1,6,L,1.0799
traceD,v3,372,31.7,69.2,1,6,L,1.0598
traceD,v3,373,35.8,69.0,1,6,L,1.0400
traceD,v3,374,30.5,69.1,1,6,L,1.0205
traceD,v3,375,34.4,69.1,1,6,L,1.0013
traceD,v3,376,36.3,69.1,1,6,L,0.9826
traceD,v3,377,34.7,69.4,1,6,L,0.9644
traceD,v3,378,31.1,68.9,1,6,L,0.9467
traceD,v3,379,31.8,58.6,1,5,L,0.9296
traceD,v3,380,35.0,58.4,1,5,L,0.9131
traceD,v3,381,30.0,58.3,1,5,L,0.8973
traceD,v3,382,35.0,58.4,1,5,L,0.8823
traceD,v3,383,35.4,58.4,1,5,L,0.8681
traceD,v3,384,35.4,58.4,1,5,L,0.8547
traceD,v3,385,34.2,58.6,1,5,L,0.8424
traceD,v3,386,35.4,58.4,1,5,L,0.8310
traceD,v3,387,34.6,58.4,1,5,L,0.8208
traceD,v3,388,34.1,58.4,1,5,L,0.8116
traceD,v3,389,35.9,58.3,1,5,L,0.8037
traceD,v3,390,28.8,58.5,1,5,L,0.7970
traceD,v3,391,34.6,58.4,1,5,L,0.7916
traceD,v3,392,36.2,58.6,1,5,L,0.7876
traceD,v3,393,32.1,58.5,1,5,L,0.7849
traceD,v3,394,30.2,58.5,1,5,L,0.7836
traceD,v3,395,30.8,58.5,1,5,L,0.7838
traceD,v3,396,42.8,58.4,1,5,L,0.7853
traceD,v3,397,36.7,58.5,1,5,L,0.7883
traceD,v3,398,34.1,58.5,1,5,L,0.7928
traceD,v3,399,35.9,68.7,1,6,L,0.7986
traceD,v3,400,35.0,69.1,1,6,L,0.8058
traceD,v3,401,35.7,69.2,1,6,L,0.8143
traceD,v3,402,33.1,69.1,1,6,L,0.8242
traceD,v3,403,35.7,69.0,1,6,L,0.8352
traceD,v3,404,34.3,68.9,1,6,L,0.8475
traceD,v3,405,33.9,68.8,1,6,L,0.8610
traceD,v3,406,35.7,69.0,1,6,L,0.8755
traceD,v3,407,34.7,69.3,1,6,L,0.8911
traceD,v3,408,34.7,69.3,1,6,L,0.9076
traceD,v3,409,34.7,69.2,1,6,L,0.9250
traceD,v3,410,31.2,69.8,1,6,L,0.9433
traceD,v3,411,33.7,69.4,1,6,L,0.9624
traceD,v3,412,36.9,69.5,1,6,L,0.9823
traceD,v3,413,27.4,69.4,1,6,L,1.0028
traceD,v3,414,31.4,69.5,1,6,L,1.0239
traceD,v3,415,35.7,80.7,1,7,L,1.0456
traceD,v3,416,34.9,82.1,1,7,L,1.0678
traceD,v3,417,34.7,82.0,1,7,L,1.0906
traceD,v3,418,35.7,92.1,1,8,L,1.1137
traceD,v3,419,33.2,92.6,1,8,L,1.1372
traceD,v3,420,30.3,103.9,1,9,L,1.1611
traceD,v3,421,34.0,104.6,1,9,L,1.1853
traceD,v3,422,33.8,69.5,1,6,L,1.2098
traceD,v3,423,35.0,69.5,1,6,L,1.2345
traceD,v3,424,32.4,80.0,1,7,L,1.2594
traceD,v3,425,35.7,80.3,1,7,L,1.2845
traceD,v3,426,31.9,80.2,1,7,L,1.3097
traceD,v3,427,31.0,80.3,1,7,L,1.3351
traceD,v3,428,34.4,124.2,1,11,L,1.3605
traceD,v3,429,29.4,112.7,1,10,L,1.3860
traceD,v3,430,32.3,132.8,1,12,L,1.4115
traceD,v3,431,34.9,122.8,1,11,L,1.4371
traceD,v3,432,34.1,123.1,1,11,L,1.4626
traceD,v3,433,35.0,135.2,1,12,L,1.4881
traceD,v3,434,34.0,100.9,1,9,L,1.5136
traceD,v3,435,34.8,111.8,1,10,L,1.5390
traceD,v3,436,29.4,112.0,1,10,L,1.5643
traceD,v3,437,32.0,113.5,1,10,L,1.5895
traceD,v3,438,32.6,111.5,1,10,L,1.6146
traceD,v3,439,39.7,111.9,1,10,L,1.6395
traceD,v3,440,32.0,111.6,1,10,L,1.6643
traceD,v3,441,33.9,111.7,1,10,L,1.6890
traceD,v3,442,34.1,111.4,1,10,L,1.7134
traceD,v3,443,33.6,111.8,1,10,L,1.7376
traceD,v3,444,31.9,111.8,1,10,L,1.7616
traceD,v3,445,33.8,144.4,1,13,L,1.7854
traceD,v3,446,33.9,122.2,1,11,L,1.8090
traceD,v3,447,36.1,111.5,1,10,L,1.8323
traceD,v3,448,34.9,111.4,1,10,L,1.8553
traceD,v3,449,34.1,111.5,1,10,L,1.8781
traceD,v3,450,29.5,101.1,1,9,L,1.9006
traceD,v3,451,34.4,112.2,1,10,L,1.9228
traceD,v3,452,33.6,121.9,1,11,L,1.9446
traceD,v3,453,30.4,122.4,1,11,L,1.9662
traceD,v3,454,33.1,111.5,1,10,L,1.9874
traceD,v3,455,32.1,122.0,1,11,L,2.0083
traceD,v3,456,35.0,111.6,1,10,L,2.0288
traceD,v3,457,31.6,111.9,1,10,L,2.0490
traceD,v3,458,33.7,101.1,1,9,L,2.0688
traceD,v3,459,35.6,101.1,1,9,L,2.0882
traceD,v3,460,35.0,111.6,1,10,L,2.1072
traceD,v3,461,33.6,111.6,1,10,L,2.1259
traceD,v3,462,33.5,111.8,1,10,L,2.1441
traceD,v3,463,35.4,111.5,1,10,L,2.1620
traceD,v3,464,34.7,111.5,1,10,L,2.1794
traceD,v3,465,37.5,111.5,1,10,L,2.1964
traceD,v3,466,31.6,111.6,1,10,L,2.2129
traceD,v3,467,34.0,111.5,1,10,L,2.2290
traceD,v3,468,32.9,101.0,1,9,L,2.2447
traceD,v3,469,33.3,101.0,1,9,L,2.2599
traceD,v3,470,30.7,101.6,1,9,L,2.2747
traceD,v3,471,33.6,100.9,1,9,L,2.2890
traceD,v3,472,30.5,101.2,1,9,L,2.3028
traceD,v3,473,33.2,101.4,1,9,L,2.3161
traceD,v3,474,31.5,101.2,1,9,L,2.3290
traceD,v3,475,32.8,101.1,1,9,L,2.3413
traceD,v3,476,34.2,101.3,1,9,L,2.3532
traceD,v3,477,31.1,101.2,1,9,L,2.3645
traceD,v3,478,30.4,101.2,1,9,L,2.3754
traceD,v3,479,34.7,101.1,1,9,L,2.3857
traceD,v3,480,32.0,101.2,1,9,L,2.3956
traceD,v3,481,31.2,101.0,1,9,L,2.4049
traceD,v3,482,34.2,101.0,1,9,L,2.4137
traceD,v3,483,32.8,100.8,1,9,L,2.4219
traceD,v3,484,29.3,100.8,1,9,L,2.4296
traceD,v3,485,31.6,100.9,1,9,L,2.4368
traceD,v3,486,30.7,101.2,1,9,L,2.4435
traceD,v3,487,32.1,101.3,1,9,L,2.4495
traceD,v3,488,38.2,101.4,1,9,L,2.4551
traceD,v3,489,28.5,101.3,1,9,L,2.4601
traceD,v3,490,33.9,101.4,1,9,L,2.4645
traceD,v3,491,30.1,101.5,1,9,L,2.4684
traceD,v3,492,34.5,101.6,1,9,L,2.4718
traceD,v3,493,32.5,101.0,1,9,L,2.4745
traceD,v3,494,33.4,101.2,1,9,L,2.4768
traceD,v3,495,30.3,101.2,1,9,L,2.4784
traceD,v3,496,35.0,101.1,1,9,L,2.4795
traceD,v3,497,31.9,101.1,1,9,L,2.4800
traceD,v3,498,31.9,101.1,1,9,L,2.4799
traceD,v3,499,31.9,101.0,1,9,L,2.4793
traceD,v3,500,28.6,101.0,1,9,L,2.4781
traceD,v3,501,34.4,101.2,1,9,L,2.4763
traceD,v3,502,33.8,101.3,1,9,L,2.4739
traceD,v3,503,28.8,101.3,1,9,L,2.4710
traceD,v3,504,33.5,101.0,1,9,L,2.4675
traceD,v3,505,34.4,101.0,1,9,L,2.4634
traceD,v3,506,35.7,100.8,1,9,L,2.4587
traceD,v3,507,33.8,100.9,1,9,L,2.4535
traceD,v3,508,35.7,101.0,1,9,L,2.4477
traceD,v3,509,35.5,101.0,1,9,L,2.4413
traceD,v3,510,34.0,101.6,1,9,L,2.4343
traceD,v3,511,34.7,101.7,1,9,L,2.4268
traceD,v3,512,33.7,101.4,1,9,L,2.4187
traceD,v3,513,32.6,101.5,1,9,L,2.4100
traceD,v3,514,35.6,102.2,1,9,L,2.4007
traceD,v3,515,36.0,103.1,1,9,L,2.3909
traceD,v3,516,30.7,102.6,1,9,L,2.3805
traceD,v3,517,35.8,101.2,1,9,L,2.3696
traceD,v3,518,33.2,101.1,1,9,L,2.3581
traceD,v3,519,36.3,101.1,1,9,L,2.3460
traceD,v3,520,28.3,101.1,1,9,L,2.3334
traceD,v3,521,30.9,101.2,1,9,L,2.3202
traceD,v3,522,32.5,101.2,1,9,L,2.3065
traceD,v3,523,33.1,101.1,1,9,L,2.2922
traceD,v3,524,35.7,101.2,1,9,L,2.2774
traceD,v3,525,29.4,101.2,1,9,L,2.2620
traceD,v3,526,32.5,101.1,1,9,L,2.2461
traceD,v3,527,30.8,101.2,1,9,L,2.2297
traceD,v3,528,34.9,101.2,1,9,L,2.2127
traceD,v3,529,32.4,101.2,1,9,L,2.1952
traceD,v3,530,34.4,111.9,1,10,L,2.1772
traceD,v3,531,34.3,101.0,1,9,L,2.1587
traceD,v3,532,33.6,100.9,1,9,L,2.1397
traceD,v3,533,33.7,101.0,1,9,L,2.1201
traceD,v3,534,34.1,121.7,1,11,L,2.1001
traceD,v3,535,32.2,132.0,1,12,L,2.0796
traceD,v3,536,32.4,111.4,1,10,L,2.0586
traceD,v3,537,33.0,111.6,1,10,L,2.0371
traceD,v3,538,34.4,111.6,1,10,L,2.0152
traceD,v3,539,36.1,122.0,1,11,L,1.9928
traceD,v3,540,32.6,132.5,1,12,L,1.9699
traceD,v3,541,30.9,122.0,1,11,L,1.9466
traceD,v3,542,33.8,111.7,1,10,L,1.9228
traceD,v3,543,32.7,111.5,1,10,L,1.8987
traceD,v3,544,33.9,111.4,1,10,L,1.8741
traceD,v3,545,30.0,111.3,1,10,L,1.8491
traceD,v3,546,32.1,100.9,1,9,L,1.8236
traceD,v3,547,33.5,100.9,1,9,L,1.7978
traceD,v3,548,31.5,100.6,1,9,L,1.7716
traceD,v3,549,33.7,100.8,1,9,L,1.7451
traceD,v3,550,31.0,100.9,1,9,L,1.7182
traceD,v3,551,35.0,100.8,1,9,L,1.6909
traceD,v3,552,35.0,101.1,1,9,L,1.6633
traceD,v3,553,33.3,79.7,1,7,L,1.6354
traceD,v3,554,34.1,79.7,1,7,L,1.6072
traceD,v3,555,32.8,79.6,1,7,L,1.5787
traceD,v3,556,32.5,79.7,1,7,L,1.5499
traceD,v3,557,34.2,93.0,1,8,L,1.5209
traceD,v3,558,32.8,92.1,1,8,L,1.4917
traceD,v3,559,36.0,92.3,1,8,L,1.4622
traceD,v3,560,35.2,80.4,1,7,L,1.4325
traceD,v3,561,33.5,69.6,1,6,L,1.4027
traceD,v3,562,33.6,69.6,1,6,L,1.3727
traceD,v3,563,34.8,69.7,1,6,L,1.3425
traceD,v3,564,33.0,69.7,1,6,L,1.3123
traceD,v3,565,32.9,69.7,1,6,L,1.2820
traceD,v3,566,34.3,79.4,1,7,L,1.2517
traceD,v3,567,35.2,69.0,1,6,L,1.2213
traceD,v3,568,35.3,69.3,1,6,L,1.1910
traceD,v3,569,34.0,69.3,1,6,L,1.1608
traceD,v3,570,35.5,69.3,1,6,L,1.1306
traceD,v3,571,34.6,69.0,1,6,L,1.1007
traceD,v3,572,36.0,68.8,1,6,L,1.0709
traceD,v3,573,33.8,68.8,1,6,L,1.0414
traceD,v3,574,35.7,68.8,1,6,L,1.0123
traceD,v3,575,34.9,68.8,1,6,L,0.9835
traceD,v3,576,34.1,68.8,1,6,L,0.9552
traceD,v3,577,35.6,68.8,1,6,L,0.9275
traceD,v3,578,33.8,68.9,1,6,L,0.9004
traceD,v3,579,36.1,69.1,1,6,L,0.8740
traceD,v3,580,31.5,69.0,1,6,L,0.8485
traceD,v3,581,36.4,69.0,1,6,L,0.8239
traceD,v3,582,32.4,69.0,1,6,L,0.8004
traceD,v3,583,35.1,69.0,1,6,L,0.7782
traceD,v3,584,32.9,68.9,1,6,L,0.7572
traceD,v3,585,31.1,69.0,1,6,L,0.7378
traceD,v3,586,34.2,69.0,1,6,L,0.7201
traceD,v3,587,36.0,69.0,1,6,L,0.7042
traceD,v3,588,32.5,69.0,1,6,L,0.6902
traceD,v3,589,34.1,69.0,1,6,L,0.6783
traceD,v3,590,37.9,69.0,1,6,L,0.6688
traceD,v3,591,30.1,69.0,1,6,L,0.6616
traceD,v3,592,32.2,69.0,1,6,L,0.6568
traceD,v3,593,34.7,68.9,1,6,L,0.6546
traceD,v3,594,33.0,69.1,1,6,L,0.6551
traceD,v3,595,33.8,69.0,1,6,L,0.6581
traceD,v3,596,34.3,68.9,1,6,L,0.6637
traceD,v3,597,35.8,69.0,1,6,L,0.6718
traceD,v3,598,34.8,69.0,1,6,L,0.6823
traceD,v3,599,34.1,68.9,1,6,L,0.6952
traceD,v3,600,31.7,69.0,1,6,L,0.7103
traceD,v3,601,34.3,69.0,1,6,L,0.7274
traceD,v3,602,31.2,69.0,1,6,L,0.7465
traceD,v3,603,34.7,69.1,1,6,L,0.7673
traceD,v3,604,31.8,69.0,1,6,L,0.7897
traceD,v3,605,34.5,69.0,1,6,L,0.8136
traceD,v3,606,32.2,69.0,1,6,L,0.8389
traceD,v3,607,33.0,69.0,1,6,L,0.8654
traceD,v3,608,32.1,69.5,1,6,L,0.8929
traceD,v3,609,33.7,69.4,1,6,L,0.9214
traceD,v3,610,32.2,69.3,1,6,L,0.9508
traceD,v3,611,35.9,69.4,1,6,L,0.9810
traceD,v3,612,34.6,69.4,1,6,L,1.0118
traceD,v3,613,34.7,69.4,1,6,L,1.0432
traceD,v3,614,34.1,81.8,1,7,L,1.0752
traceD,v3,615,30.9,91.6,1,8,L,1.1076
traceD,v3,616,35.0,92.8,1,8,L,1.1404
traceD,v3,617,35.0,93.2,1,8,L,1.1735
traceD,v3,618,34.4,80.1,1,7,L,1.2070
traceD,v3,619,34.0,104.0,1,9,L,1.2406
traceD,v3,620,34.7,101.8,1,9,L,1.2745
traceD,v3,621,31.8,123.6,1,11,L,1.3085
traceD,v3,622,35.7,100.9,1,9,L,1.3426
traceD,v3,623,30.5,111.3,1,10,L,1.3768
traceD,v3,624,33.0,121.8,1,11,L,1.4110
traceD,v3,625,29.9,121.8,1,11,L,1.4453
traceD,v3,626,34.4,111.5,1,10,L,1.4795
traceD,v3,627,30.0,111.3,1,10,L,1.5137
traceD,v3,628,31.5,111.4,1,10,L,1.5478
traceD,v3,629,35.7,111.4,1,10,L,1.5818
traceD,v3,630,32.2,111.4,1,10,L,1.6157
traceD,v3,631,30.5,100.9,1,9,L,1.6495
traceD,v3,632,36.3,111.3,1,10,L,1.6831
traceD,v3,633,33.7,122.1,1,11,L,1.7165
traceD,v3,634,30.1,112.3,1,10,L,1.7498
traceD,v3,635,32.5,111.5,1,10,L,1.7828
traceD,v3,636,33.8,111.3,1,10,L,1.8156
traceD,v3,637,30.9,132.1,1,12,L,1.8481
traceD,v3,638,34.4,121.7,1,11,L,1.8804
traceD,v3,639,35.7,122.1,1,11,L,1.9124
traceD,v3,640,34.5,111.1,1,10,L,1.9441
traceD,v3,641,34.1,110.9,1,10,L,1.9755
traceD,v3,642,36.2,111.3,1,10,L,2.0065
traceD,v3,643,34.5,110.8,1,10,L,2.0373
traceD,v3,644,33.6,111.3,1,10,L,2.0677
traceD,v3,645,30.6,121.7,1,11,L,2.0977
traceD,v3,646,33.3,143.2,1,13,L,2.1274
traceD,v3,647,35.3,132.2,1,12,L,2.1566
traceD,v3,648,35.7,121.6,1,11,L,2.1855
traceD,v3,649,32.9,121.4,1,11,L,2.2140
traceD,v3,650,28.7,122.2,1,11,L,2.2420
traceD,v3,651,32.2,111.0,1,10,L,2.2696
traceD,v3,652,33.4,110.8,1,10,L,2.2968
traceD,v3,653,30.4,110.9,1,10,L,2.3236
traceD,v3,654,34.2,110.7,1,10,L,2.3498
traceD,v3,655,33.4,110.8,1,10,L,2.3756
traceD,v3,656,32.8,100.2,1,9,L,2.4010
traceD,v3,657,32.9,100.2,1,9,L,2.4258
traceD,v3,658,33.0,100.1,1,9,L,2.4502
traceD,v3,659,33.2,100.3,1,9,L,2.4740
traceD,v3,660,34.1,100.2,1,9,L,2.4973
traceD,v3,661,35.7,100.4,1,9,L,2.5201
traceD,v3,662,28.9,99.9,1,9,L,2.5424
traceD,v3,663,33.0,100.2,1,9,L,2.5642
traceD,v3,664,36.1,100.0,1,9,L,2.5854
traceD,v3,665,30.2,100.1,1,9,L,2.6060
traceD,v3,666,32.1,99.9,1,9,L,2.6261
traceD,v3,667,34.7,110.4,1,10,L,2.6457
traceD,v3,668,35.7,110.2,1,10,L,2.6646
traceD,v3,669,34.4,110.9,1,10,L,2.6830
traceD,v3,670,35.7,110.8,1,10,L,2.7008
traceD,v3,671,35.7,110.7,1,10,L,2.7180
traceD,v3,672,34.2,110.5,1,10,L,2.7346
traceD,v3,673,36.0,110.5,1,10,L,2.7506
traceD,v3,674,34.7,110.5,1,10,L,2.7660
traceD,v3,675,33.5,120.8,1,11,L,2.7808
traceD,v3,676,35.0,131.1,1,12,L,2.7949
traceD,v3,677,32.7,120.9,1,11,L,2.8085
traceD,v3,678,32.8,120.9,1,11,L,2.8214
traceD,v3,679,31.7,120.9,1,11,L,2.8337
traceD,v3,680,30.2,121.0,1,11,L,2.8453
traceD,v3,681,31.7,131.4,1,12,L,2.8563
traceD,v3,682,33.3,121.2,1,11,L,2.8667
traceD,v3,683,30.7,121.0,1,11,L,2.8764
traceD,v3,684,32.7,110.7,1,10,L,2.8854
traceD,v3,685,34.5,110.7,1,10,L,2.8938
traceD,v3,686,33.9,131.3,1,12,L,2.9016
traceD,v3,687,34.8,121.2,1,11,L,2.9086
traceD,v3,688,33.9,121.2,1,11,L,2.9151
traceD,v3,689,34.1,121.1,1,11,L,2.9208
traceD,v3,690,30.8,121.2,1,11,L,2.9259
traceD,v3,691,32.3,121.1,1,11,L,2.9303
traceD,v3,692,34.5,121.7,1,11,L,2.9340
traceD,v3,693,35.4,121.5,1,11,L,2.9370
traceD,v3,694,33.2,121.6,1,11,L,2.9394
traceD,v3,695,32.2,121.4,1,11,L,2.9411
traceD,v3,696,33.7,121.3,1,11,L,2.9421
traceD,v3,697,34.3,131.8,1,12,L,2.9425
traceD,v3,698,33.0,111.1,1,10,L,2.9421
traceD,v3,699,30.2,111.0,1,10,L,2.9411
traceD,v3,700,35.5,111.0,1,10,L,2.9394
traceD,v3,701,33.2,111.0,1,10,L,2.9370
traceD,v3,702,34.5,111.0,1,10,L,2.9339
traceD,v3,703,34.6,110.9,1,10,L,2.9301
traceD,v3,704,34.6,121.4,1,11,L,2.9257
traceD,v3,705,34.7,121.4,1,11,L,2.9205
traceD,v3,706,34.4,121.6,1,11,L,2.9147
traceD,v3,707,35.2,121.7,1,11,L,2.9082
traceD,v3,708,35.0,121.5,1,11,L,2.9011
traceD,v3,709,33.8,121.4,1,11,L,2.8932
traceD,v3,710,34.5,121.5,1,11,L,2.8847
traceD,v3,711,34.5,121.4,1,11,L,2.8755
traceD,v3,712,29.6,111.1,1,10,L,2.8656
traceD,v3,713,32.1,111.1,1,10,L,2.8551
traceD,v3,714,32.6,111.0,1,10,L,2.8439
traceD,v3,715,32.1,111.1,1,10,L,2.8320
traceD,v3,716,29.7,111.0,1,10,L,2.8195
traceD,v3,717,29.7,111.0,1,10,L,2.8063
traceD,v3,718,35.0,111.0,1,10,L,2.7925
traceD,v3,719,32.5,111.1,1,10,L,2.7780
traceD,v3,720,33.2,111.0,1,10,L,2.7629
traceD,v3,721,30.4,111.1,1,10,L,2.7471
traceD,v3,722,33.1,111.1,1,10,L,2.7308
traceD,v3,723,32.5,100.8,1,9,L,2.7137
traceD,v3,724,32.5,101.1,1,9,L,2.6961
traceD,v3,725,34.1,100.9,1,9,L,2.6778
traceD,v3,726,35.7,101.0,1,9,L,2.6589
traceD,v3,727,34.0,101.0,1,9,L,2.6394
traceD,v3,728,35.7,101.0,1,9,L,2.6193
traceD,v3,729,33.7,101.0,1,9,L,2.5986
traceD,v3,730,35.7,101.0,1,9,L,2.5773
traceD,v3,731,35.0,101.0,1,9,L,2.5555
traceD,v3,732,34.9,101.0,1,9,L,2.5330
traceD,v3,733,35.7,101.0,1,9,L,2.5100
traceD,v3,734,33.1,101.0,1,9,L,2.4865
traceD,v3,735,35.6,101.0,1,9,L,2.4624
traceD,v3,736,35.7,100.9,1,9,L,2.4377
traceD,v3,737,34.1,100.9,1,9,L,2.4125
traceD,v3,738,35.7,111.4,1,10,L,2.3868
traceD,v3,739,33.3,111.3,1,10,L,2.3606
traceD,v3,740,35.6,123.3,1,11,L,2.3339
traceD,v3,741,33.6,132.4,1,12,L,2.3067
traceD,v3,742,29.3,132.3,1,12,L,2.2790
traceD,v3,743,29.9,143.1,1,13,L,2.2509
traceD,v3,744,32.9,122.8,1,11,L,2.2223
traceD,v3,745,34.4,111.6,1,10,L,2.1932
traceD,v3,746,36.2,111.6,1,10,L,2.1637
traceD,v3,747,35.1,111.7,1,10,L,2.1339
traceD,v3,748,34.0,111.6,1,10,L,2.1036
traceD,v3,749,35.3,122.0,1,11,L,2.0729
traceD,v3,750,35.7,122.0,1,11,L,2.0419
traceD,v3,751,33.8,132.8,1,12,L,2.0105
traceD,v3,752,35.7,122.3,1,11,L,1.9787
traceD,v3,753,30.3,122.8,1,11,L,1.9467
traceD,v3,754,32.2,112.2,1,10,L,1.9144
traceD,v3,755,30.1,112.4,1,10,L,1.8818
traceD,v3,756,32.5,111.8,1,10,L,1.8489
traceD,v3,757,35.5,101.3,1,9,L,1.8158
traceD,v3,758,30.9,102.4,1,9,L,1.7825
traceD,v3,759,33.3,101.2,1,9,L,1.7491
traceD,v3,760,33.8,101.2,1,9,L,1.7155
traceD,v3,761,35.4,91.2,1,8,L,1.6817
traceD,v3,762,32.5,81.3,1,7,L,1.6479
traceD,v3,763,33.6,91.9,1,8,L,1.6140
traceD,v3,764,35.9,80.6,1,7,L,1.5801
traceD,v3,765,35.3,80.6,1,7,L,1.5462
traceD,v3,766,32.6,80.1,1,7,L,1.5124
traceD,v3,767,32.7,80.0,1,7,L,1.4787
traceD,v3,768,33.7,80.0,1,7,L,1.4451
traceD,v3,769,32.4,80.1,1,7,L,1.4118
traceD,v3,770,34.9,80.0,1,7,L,1.3787
traceD,v3,771,33.2,80.0,1,7,L,1.3459
traceD,v3,772,34.4,80.0,1,7,L,1.3134
traceD,v3,773,33.9,80.3,1,7,L,1.2815
traceD,v3,774,34.0,79.8,1,7,L,1.2500
traceD,v3,775,35.7,79.5,1,7,L,1.2192
traceD,v3,776,31.9,79.5,1,7,L,1.1891
traceD,v3,777,32.7,79.3,1,7,L,1.1597
traceD,v3,778,32.0,79.3,1,7,L,1.1312
traceD,v3,779,34.4,79.2,1,7,L,1.1037
traceD,v3,780,31.5,79.3,1,7,L,1.0774
traceD,v3,781,30.6,79.6,1,7,L,1.0522
traceD,v3,782,33.7,79.6,1,7,L,1.0284
traceD,v3,783,32.1,79.5,1,7,L,1.0060
traceD,v3,784,30.7,79.5,1,7,L,0.9853
traceD,v3,785,32.7,79.7,1,7,L,0.9663
traceD,v3,786,35.7,79.3,1,7,L,0.9492
traceD,v3,787,35.0,79.4,1,7,L,0.9341
traceD,v3,788,33.4,79.4,1,7,L,0.9212
traceD,v3,789,35.5,79.5,1,7,L,0.9105
traceD,v3,790,34.2,79.5,1,7,L,0.9021
traceD,v3,791,32.2,79.5,1,7,L,0.8962
traceD,v3,792,33.9,79.5,1,7,L,0.8928
traceD,v3,793,31.2,79.5,1,7,L,0.8920
traceD,v3,794,35.4,79.6,1,7,L,0.8937
traceD,v3,795,34.1,79.5,1,7,L,0.8980
traceD,v3,796,33.5,79.5,1,7,L,0.9048
traceD,v3,797,33.6,79.6,1,7,L,0.9141
traceD,v3,798,31.7,79.6,1,7,L,0.9258
traceD,v3,799,33.8,79.8,1,7,L,0.9399
traceD,v3,800,34.5,79.4,1,7,L,0.9561
traceD,v3,801,32.0,79.6,1,7,L,0.9745
traceD,v3,802,32.8,79.5,1,7,L,0.9948
traceD,v3,803,33.6,79.4,1,7,L,1.0170
traceD,v3,804,32.2,80.1,1,7,L,1.0409
traceD,v3,805,34.3,80.1,1,7,L,1.0664
traceD,v3,806,33.8,80.1,1,7,L,1.0934
traceD,v3,807,33.2,80.1,1,7,L,1.1217
traceD,v3,808,33.0,80.1,1,7,L,1.1513
traceD,v3,809,28.6,80.7,1,7,L,1.1819
traceD,v3,810,33.8,80.7,1,7,L,1.2136
traceD,v3,811,32.3,92.9,1,8,L,1.2461
traceD,v3,812,30.3,93.0,1,8,L,1.2795
traceD,v3,813,33.2,101.3,1,9,L,1.3136
traceD,v3,814,35.5,101.3,1,9,L,1.3484
traceD,v3,815,29.7,101.2,1,9,L,1.3838
traceD,v3,816,35.8,111.6,1,10,L,1.4196
traceD,v3,817,34.6,122.1,1,11,L,1.4559
traceD,v3,818,33.9,122.0,1,11,L,1.4926
traceD,v3,819,31.7,132.6,1,12,L,1.5296
traceD,v3,820,33.8,132.9,1,12,L,1.5668
traceD,v3,821,34.0,122.9,1,11,L,1.6043
traceD,v3,822,32.4,133.5,1,12,L,1.6420
traceD,v3,823,31.5,112.3,1,10,L,1.6798
traceD,v3,824,34.4,112.3,1,10,L,1.7177
traceD,v3,825,34.8,112.4,1,10,L,1.7556
traceD,v3,826,30.2,111.8,1,10,L,1.7936
traceD,v3,827,32.3,112.0,1,10,L,1.8315
traceD,v3,828,29.9,111.4,1,10,L,1.8695
traceD,v3,829,33.0,111.3,1,10,L,1.9073
traceD,v3,830,34.9,121.6,1,11,L,1.9450
traceD,v3,831,33.5,111.3,1,10,L,1.9827
traceD,v3,832,32.8,111.4,1,10,L,2.0201
traceD,v3,833,32.2,121.6,1,11,L,2.0574
traceD,v3,834,34.3,132.0,1,12,L,2.0945
traceD,v3,835,31.2,142.3,1,13,L,2.1313
traceD,v3,836,35.0,142.6,1,13,L,2.1679
traceD,v3,837,35.7,132.5,1,12,L,2.2043
traceD,v3,838,32.0,121.5,1,11,L,2.2404
traceD,v3,839,30.8,132.5,1,12,L,2.2761
traceD,v3,840,31.8,132.1,1,12,L,2.3116
traceD,v3,841,35.4,122.0,1,11,L,2.3467
traceD,v3,842,33.4,132.0,1,12,L,2.3814
traceD,v3,843,33.5,121.6,1,11,L,2.4158
traceD,v3,844,29.3,121.5,1,11,L,2.4498
traceD,v3,845,34.9,121.4,1,11,L,2.4834
traceD,v3,846,34.4,110.8,1,10,L,2.5166
traceD,v3,847,33.6,110.8,1,10,L,2.5494
traceD,v3,848,33.1,111.0,1,10,L,2.5817
traceD,v3,849,34.4,110.7,1,10,L,2.6135
traceD,v3,850,33.7,121.7,1,11,L,2.6449
traceD,v3,851,27.2,121.5,1,11,L,2.6758
traceD,v3,852,31.2,121.3,1,11,L,2.7062
traceD,v3,853,34.7,131.9,1,12,L,2.7362
traceD,v3,854,34.2,132.3,1,12,L,2.7655
traceD,v3,855,33.8,142.5,1,13,L,2.7944
traceD,v3,856,33.2,132.2,1,12,L,2.8227
traceD,v3,857,34.2,121.5,1,11,L,2.8505
traceD,v3,858,35.1,121.5,1,11,L,2.8777
traceD,v3,859,28.4,121.5,1,11,L,2.9044
traceD,v3,860,32.3,121.5,1,11,L,2.9304
traceD,v3,861,31.6,121.5,1,11,L,2.9559
traceD,v3,862,31.3,121.5,1,11,L,2.9808
traceD,v3,863,28.7,121.3,1,11,L,3.0051
traceD,v3,864,35.7,121.5,1,11,L,3.0287
traceD,v3,865,30.7,121.5,1,11,L,3.0518
traceD,v3,866,28.1,131.9,1,12,L,3.0742
traceD,v3,867,34.1,131.8,1,12,L,3.0959
traceD,v3,868,35.7,131.9,1,12,L,3.1171
traceD,v3,869,33.1,142.2,1,13,L,3.1375
traceD,v3,870,28.8,142.3,1,13,L,3.1573
traceD,v3,871,30.7,142.2,1,13,L,3.1765
traceD,v3,872,32.0,142.2,1,13,L,3.1950
traceD,v3,873,32.4,131.8,1,12,L,3.2127
traceD,v3,874,32.6,152.5,1,14,L,3.2298
traceD,v3,875,33.1,152.5,1,14,L,3.2463
traceD,v3,876,34.8,152.6,1,14,L,3.2620
traceD,v3,877,36.9,152.5,1,14,L,3.2770
traceD,v3,878,33.3,152.6,1,14,L,3.2913
traceD,v3,879,35.4,152.5,1,14,L,3.3049
traceD,v3,880,31.0,152.5,1,14,L,3.3177
traceD,v3,881,33.2,152.3,1,14,L,3.3299
traceD,v3,882,30.9,142.1,1,13,L,3.3413
traceD,v3,883,33.5,142.0,1,13,L,3.3520
traceD,v3,884,31.3,131.7,1,12,L,3.3620
traceD,v3,885,35.7,152.3,1,14,L,3.3712
traceD,v3,886,33.5,142.1,1,13,L,3.3797
traceD,v3,887,36.1,142.0,1,13,L,3.3874
traceD,v3,888,33.5,142.0,1,13,L,3.3944
traceD,v3,889,33.7,142.2,1,13,L,3.4007
traceD,v3,890,33.9,132.0,1,12,L,3.4062
traceD,v3,891,34.3,131.9,1,12,L,3.4109
traceD,v3,892,39.4,131.7,1,12,L,3.4149
traceD,v3,893,34.3,131.5,1,12,L,3.4181
traceD,v3,894,26.4,131.5,1,12,L,3.4206
traceD,v3,895,32.5,131.3,1,12,L,3.4223
traceD,v3,896,34.3,131.6,1,12,L,3.4233
traceD,v3,897,33.1,131.4,1,12,L,3.4235
traceD,v3,898,35.9,131.3,1,12,L,3.4230
traceD,v3,899,34.2,131.3,1,12,L,3.4216
traceD,v3,900,34.1,131.3,1,12,L,3.4196
traceD,v3,901,35.4,131.3,1,12,L,3.4167
traceD,v3,902,35.2,131.2,1,12,L,3.4131
traceD,v3,903,34.1,131.3,1,12,L,3.4088
traceD,v3,904,34.0,131.1,1,12,L,3.4037
traceD,v3,905,33.4,131.3,1,12,L,3.3978
traceD,v3,906,35.6,131.1,1,12,L,3.3912
traceD,v3,907,30.6,131.4,1,12,L,3.3839
traceD,v3,908,33.2,142.7,1,13,L,3.3758
traceD,v3,909,37.5,132.0,1,12,L,3.3669
traceD,v3,910,32.7,142.3,1,13,L,3.3573
traceD,v3,911,35.7,142.9,1,13,L,3.3470
traceD,v3,912,33.1,132.0,1,12,L,3.3359
traceD,v3,913,35.3,143.0,1,13,L,3.3241
traceD,v3,914,33.6,141.4,1,13,L,3.3116
traceD,v3,915,35.0,141.2,1,13,L,3.2983
traceD,v3,916,35.8,131.0,1,12,L,3.2843
traceD,v3,917,37.0,141.2,1,13,L,3.2697
traceD,v3,918,34.8,141.2,1,13,L,3.2543
traceD,v3,919,31.6,141.3,1,13,L,3.2382
traceD,v3,920,34.7,141.7,1,13,L,3.2214
traceD,v3,921,32.7,131.3,1,12,L,3.2039
traceD,v3,922,34.3,131.4,1,12,L,3.1857
traceD,v3,923,31.4,131.4,1,12,L,3.1669
traceD,v3,924,35.1,120.8,1,11,L,3.1473
traceD,v3,925,33.5,131.2,1,12,L,3.1272
traceD,v3,926,33.9,131.3,1,12,L,3.1063
traceD,v3,927,34.4,141.6,1,13,L,3.0848
traceD,v3,928,29.4,121.2,1,11,L,3.0627
traceD,v3,929,30.8,121.1,1,11,L,3.0399
traceD,v3,930,35.2,121.1,1,11,L,3.0166
traceD,v3,931,29.2,111.0,1,10,L,2.9926
traceD,v3,932,33.8,121.2,1,11,L,2.9680
traceD,v3,933,33.4,121.1,1,11,L,2.9428
traceD,v3,934,35.9,131.5,1,12,L,2.9171
traceD,v3,935,32.7,121.1,1,11,L,2.8907
traceD,v3,936,36.5,110.9,1,10,L,2.8639
traceD,v3,937,34.8,110.8,1,10,L,2.8364
traceD,v3,938,33.9,110.9,1,10,L,2.8085
traceD,v3,939,35.1,111.1,1,10,L,2.7800
traceD,v3,940,32.9,110.9,1,10,L,2.7511
traceD,v3,941,35.2,100.6,1,9,L,2.7216
traceD,v3,942,32.1,110.9,1,10,L,2.6917
traceD,v3,943,34.2,100.6,1,9,L,2.6613
traceD,v3,944,39.2,110.8,1,10,L,2.6305
traceD,v3,945,31.8,111.0,1,10,L,2.5992
traceD,v3,946,33.4,121.8,1,11,L,2.5676
traceD,v3,947,35.4,131.8,1,12,L,2.5356
traceD,v3,948,32.1,132.1,1,12,L,2.5032
traceD,v3,949,33.0,142.3,1,13,L,2.4704
traceD,v3,950,33.8,131.9,1,12,L,2.4374
traceD,v3,951,30.4,121.8,1,11,L,2.4040
traceD,v3,952,34.4,111.2,1,10,L,2.3704
traceD,v3,953,33.6,121.7,1,11,L,2.3365
traceD,v3,954,33.6,121.7,1,11,L,2.3024
traceD,v3,955,34.0,121.6,1,11,L,2.2681
traceD,v3,956,33.9,122.4,1,11,L,2.2337
traceD,v3,957,35.7,122.5,1,11,L,2.1991
traceD,v3,958,29.7,122.6,1,11,L,2.1644
traceD,v3,959,34.9,133.0,1,12,L,2.1296
traceD,v3,960,33.8,143.3,1,13,L,2.0948
traceD,v3,961,34.3,143.3,1,13,L,2.0600
traceD,v3,962,37.1,133.1,1,12,L,2.0252
traceD,v3,963,35.0,132.5,1,12,L,1.9906
traceD,v3,964,32.2,122.1,1,11,L,1.9560
traceD,v3,965,33.7,111.2,1,10,L,1.9216
traceD,v3,966,35.5,111.4,1,10,L,1.8875
traceD,v3,967,34.3,102.1,1,9,L,1.8536
traceD,v3,968,35.2,103.3,1,9,L,1.8201
traceD,v3,969,35.4,90.2,1,8,L,1.7870
traceD,v3,970,33.6,103.5,1,9,L,1.7543
traceD,v3,971,34.7,92.3,1,8,L,1.7221
traceD,v3,972,30.5,81.8,1,7,L,1.6905
traceD,v3,973,37.3,81.1,1,7,L,1.6596
traceD,v3,974,30.1,80.0,1,7,L,1.6294
traceD,v3,975,32.9,69.6,1,6,L,1.6001
traceD,v3,976,32.1,69.7,1,6,L,1.5716
traceD,v3,977,33.2,69.4,1,6,L,1.5441
traceD,v3,978,32.6,69.5,1,6,L,1.5176
traceD,v3,979,32.0,69.5,1,6,L,1.4924
traceD,v3,980,32.9,69.5,1,6,L,1.4683
traceD,v3,981,31.4,69.5,1,6,L,1.4457
traceD,v3,982,33.0,69.6,1,6,L,1.4244
traceD,v3,983,31.0,69.2,1,6,L,1.4047
traceD,v3,984,29.8,69.0,1,6,L,1.3866
traceD,v3,985,33.8,69.2,1,6,L,1.3703
traceD,v3,986,35.7,69.2,1,6,L,1.3557
traceD,v3,987,29.9,69.1,1,6,L,1.3431
traceD,v3,988,33.7,69.5,1,6,L,1.3324
traceD,v3,989,32.8,69.4,1,6,L,1.3237
traceD,v3,990,31.9,69.0,1,6,L,1.3172
traceD,v3,991,34.6,69.3,1,6,L,1.3127
traceD,v3,992,34.1,69.1,1,6,L,1.3105
traceD,v3,993,34.6,69.3,1,6,L,1.3104
traceD,v3,994,108.3,1887.4,1,7,H,1.3126
traceD,v3,995,210.2,202.1,0,7,H,1.2829
traceD,v3,996,210.2,227.3,1,8,H,1.1675
traceD,v3,997,210.2,223.7,1,11,M,0.9511
traceD,v3,998,210.2,212.4,1,11,M,0.5994
traceD,v3,999,210.2,198.3,0,17,L,0.1619
traceE,fixed20,0,198.5,1910.3,1,7,,1.6133
traceE,fixed20,1,106.2,236.9,1,8,,1.6108
traceE,fixed20,2,203.5,235.1,1,8,,1.6084
traceE,fixed20,3,145.6,230.7,1,8,,1.6060
traceE,fixed20,4,152.5,231.9,1,8,,1.6035
traceE,fixed20,5,197.7,231.7,1,8,,1.6011
traceE,fixed20,6,101.3,231.9,1,8,,1.5987
traceE,fixed20,7,106.3,232.4,1,8,,1.5962
traceE,fixed20,8,138.5,232.8,1,8,,1.5938
traceE,fixed20,9,104.4,233.0,1,8,,1.5915
traceE,fixed20,10,157.0,232.1,1,8,,1.5891
traceE,fixed20,11,185.8,233.0,1,8,,1.5868
traceE,fixed20,12,104.0,234.0,1,8,,1.5845
traceE,fixed20,13,209.9,234.4,1,8,,1.5823
traceE,fixed20,14,131.1,231.9,1,8,,1.5801
traceE,fixed20,15,101.2,233.8,1,8,,1.5780
traceE,fixed20,16,105.3,232.4,1,8,,1.5759
traceE,fixed20,17,186.3,232.4,1,8,,1.5739
traceE,fixed20,18,104.0,232.6,1,8,,1.5720
traceE,fixed20,19,193.0,233.1,1,8,,1.5701
traceE,fixed20,20,160.9,232.6,1,8,,1.5683
traceE,fixed20,21,131.3,232.8,1,8,,1.5666
traceE,fixed20,22,210.0,231.8,1,8,,1.5650
traceE,fixed20,23,111.8,232.8,1,8,,1.5635
traceE,fixed20,24,179.2,234.3,1,8,,1.5620
traceE,fixed20,25,161.1,238.7,1,8,,1.5607
traceE,fixed20,26,106.1,235.2,1,8,,1.5595
traceE,fixed20,27,102.9,233.0,1,8,,1.5583
traceE,fixed20,28,210.0,233.9,1,8,,1.5573
traceE,fixed20,29,130.1,234.2,1,8,,1.5564
traceE,fixed20,30,155.3,232.6,1,8,,1.5556
traceE,fixed20,31,180.5,232.6,1,8,,1.5549
traceE,fixed20,32,103.5,233.1,1,8,,1.5543
traceE,fixed20,33,107.3,234.4,1,8,,1.5538
traceE,fixed20,34,193.4,234.4,1,8,,1.5535
traceE,fixed20,35,150.4,233.5,1,8,,1.5533
traceE,fixed20,36,143.6,233.8,1,8,,1.5532
traceE,fixed20,37,199.5,233.7,1,8,,1.5532
traceE,fixed20,38,106.9,233.4,1,8,,1.5533
traceE,fixed20,39,104.1,232.7,1,8,,1.5536
traceE,fixed20,40,104.7,232.6,1,8,,1.5540
traceE,fixed20,41,107.0,233.6,1,8,,1.5545
traceE,fixed20,42,105.0,233.2,1,8,,1.5551
traceE,fixed20,43,103.3,232.9,1,8,,1.5558
traceE,fixed20,44,105.5,234.3,1,8,,1.5567
traceE,fixed20,45,167.1,231.7,1,8,,1.5577
traceE,fixed20,46,168.5,232.6,1,8,,1.5588
traceE,fixed20,47,114.1,234.4,1,8,,1.5600
traceE,fixed20,48,210.0,233.1,1,8,,1.5613
traceE,fixed20,49,122.0,233.4,1,8,,1.5628
traceE,fixed20,50,103.2,233.3,1,8,,1.5643
traceE,fixed20,51,106.8,232.8,1,8,,1.5659
traceE,fixed20,52,111.7,233.4,1,8,,1.5677
traceE,fixed20,53,210.0,233.7,1,8,,1.5695
traceE,fixed20,54,118.1,234.0,1,8,,1.5715
traceE,fixed20,55,168.8,233.6,1,8,,1.5735
traceE,fixed20,56,170.2,235.7,1,8,,1.5756
traceE,fixed20,57,107.0,233.6,1,8,,1.5778
traceE,fixed20,58,103.4,232.8,1,8,,1.5801
traceE,fixed20,59,106.4,233.4,1,8,,1.5824
traceE,fixed20,60,165.9,233.1,1,8,,1.5849
traceE,fixed20,61,169.7,233.5,1,8,,1.5873
traceE,fixed20,62,114.5,233.5,1,8,,1.5899
traceE,fixed20,63,210.0,236.8,1,8,,1.5925
traceE,fixed20,64,123.0,232.1,1,8,,1.5951
traceE,fixed20,65,162.9,233.5,1,8,,1.5978
traceE,fixed20,66,173.8,237.3,1,8,,1.6005
traceE,fixed20,67,111.8,233.0,1,8,,1.6033
traceE,fixed20,68,210.0,234.4,1,8,,1.6061
traceE,fixed20,69,122.6,234.0,1,8,,1.6089
traceE,fixed20,70,166.8,233.2,1,8,,1.6117
traceE,fixed20,71,174.2,233.7,1,8,,1.6146
traceE,fixed20,72,105.0,234.0,1,8,,1.6174
traceE,fixed20,73,105.7,233.8,1,8,,1.6202
traceE,fixed20,74,103.9,233.2,1,8,,1.6231
traceE,fixed20,75,161.4,232.6,1,8,,1.6259
traceE,fixed20,76,173.4,233.3,1,8,,1.6287
traceE,fixed20,77,102.6,232.8,1,8,,1.6315
traceE,fixed20,78,106.4,235.2,1,8,,1.6342
traceE,fixed20,79,197.4,233.6,1,8,,1.6369
traceE,fixed20,80,148.8,232.7,1,8,,1.6396
traceE,fixed20,81,143.4,232.7,1,8,,1.6422
traceE,fixed20,82,203.7,233.1,1,8,,1.6448
traceE,fixed20,83,103.0,232.5,1,8,,1.6473
traceE,fixed20,84,192.2,233.6,1,8,,1.6497
traceE,fixed20,85,149.9,232.7,1,8,,1.6521
traceE,fixed20,86,143.3,234.9,1,8,,1.6543
traceE,fixed20,87,203.7,236.4,1,8,,1.6565
traceE,fixed20,88,104.7,233.9,1,8,,1.6587
traceE,fixed20,89,191.1,233.8,1,8,,1.6607
traceE,fixed20,90,151.8,233.0,1,8,,1.6626
traceE,fixed20,91,140.5,234.0,1,8,,1.6644
traceE,fixed20,92,203.7,231.8,1,8,,1.6661
traceE,fixed20,93,105.3,234.5,1,8,,1.6677
traceE,fixed20,94,105.9,233.5,1,8,,1.6692
traceE,fixed20,95,161.3,232.9,1,8,,1.6705
traceE,fixed20,96,172.5,233.0,1,8,,1.6717
traceE,fixed20,97,113.6,233.0,1,8,,1.6728
traceE,fixed20,98,210.0,233.7,1,8,,1.6738
traceE,fixed20,99,122.5,233.8,1,8,,1.6746
traceE,fixed20,100,104.1,233.5,1,8,,1.6752
traceE,fixed20,101,104.9,233.1,1,8,,1.6757
traceE,fixed20,102,106.5,232.1,1,8,,1.6761
traceE,fixed20,103,104.9,231.4,1,8,,1.6763
traceE,fixed20,104,197.4,236.4,1,8,,1.6763
traceE,fixed20,105,144.8,233.1,1,8,,1.6762
traceE,fixed20,106,106.9,232.6,1,8,,1.6759
traceE,fixed20,107,104.5,231.9,1,8,,1.6754
traceE,fixed20,108,103.9,232.4,1,8,,1.6747
traceE,fixed20,109,203.7,232.7,1,8,,1.6739
traceE,fixed20,110,143.8,231.9,1,8,,1.6729
traceE,fixed20,111,148.6,232.2,1,8,,1.6717
traceE,fixed20,112,191.7,232.0,1,8,,1.6703
traceE,fixed20,113,106.4,231.5,1,8,,1.6688
traceE,fixed20,114,106.2,231.2,1,8,,1.6670
traceE,fixed20,115,172.2,231.4,1,8,,1.6650
traceE,fixed20,116,167.3,230.4,1,8,,1.6629
traceE,fixed20,117,119.2,230.5,1,8,,1.6606
traceE,fixed20,118,210.0,231.9,1,8,,1.6580
traceE,fixed20,119,116.7,232.5,1,8,,1.6553
traceE,fixed20,120,172.5,230.2,1,8,,1.6524
traceE,fixed20,121,168.2,233.3,1,8,,1.6492
traceE,fixed20,122,103.2,231.0,1,8,,1.6459
traceE,fixed20,123,105.1,232.4,1,8,,1.6424
traceE,fixed20,124,104.7,231.8,1,8,,1.6387
traceE,fixed20,125,106.6,232.1,1,8,,1.6347
traceE,fixed20,126,149.4,232.5,1,8,,1.6306
traceE,fixed20,127,191.1,232.2,1,8,,1.6263
traceE,fixed20,128,103.0,231.5,1,8,,1.6218
traceE,fixed20,129,203.6,232.2,1,8,,1.6171
traceE,fixed20,130,139.4,231.9,1,8,,1.6121
traceE,fixed20,131,153.8,231.8,1,8,,1.6070
traceE,fixed20,132,191.3,232.1,1,8,,1.6017
traceE,fixed20,133,106.8,231.8,1,8,,1.5962
traceE,fixed20,134,205.3,235.3,1,8,,1.5906
traceE,fixed20,135,139.7,235.5,1,8,,1.5847
traceE,fixed20,136,148.7,236.2,1,8,,1.5787
traceE,fixed20,137,191.4,234.7,1,8,,1.5724
traceE,fixed20,138,105.0,231.6,1,8,,1.5660
traceE,fixed20,139,107.4,232.8,1,8,,1.5595
traceE,fixed20,140,103.3,232.9,1,8,,1.5527
traceE,fixed20,141,155.6,233.7,1,8,,1.5458
traceE,fixed20,142,185.3,232.6,1,8,,1.5388
traceE,fixed20,143,107.8,235.4,1,8,,1.5315
traceE,fixed20,144,103.1,232.0,1,8,,1.5242
traceE,fixed20,145,179.6,233.7,1,8,,1.5166
traceE,fixed20,146,159.6,233.1,1,8,,1.5090
traceE,fixed20,147,104.6,232.6,1,8,,1.5012
traceE,fixed20,148,107.5,233.9,1,8,,1.4933
traceE,fixed20,149,203.7,232.7,1,8,,1.4852
traceE,fixed20,150,135.7,233.7,1,8,,1.4770
traceE,fixed20,151,106.0,233.0,1,8,,1.4688
traceE,fixed20,152,125.5,231.8,1,8,,1.4604
traceE,fixed20,153,210.0,235.7,1,8,,1.4519
traceE,fixed20,154,111.3,236.1,1,8,,1.4434
traceE,fixed20,155,180.1,234.1,1,8,,1.4348
traceE,fixed20,156,163.3,232.8,1,8,,1.4261
traceE,fixed20,157,127.6,233.3,1,8,,1.4173
traceE,fixed20,158,210.0,207.5,0,7,,1.4030
traceE,fixed20,159,112.2,238.1,1,8,,1.3281
traceE,fixed20,160,104.1,237.8,1,8,,1.1580
traceE,fixed20,161,105.0,236.0,1,8,,0.9466
traceE,fixed20,162,123.3,238.6,1,8,,0.8401
traceE,fixed20,163,210.0,213.4,1,7,,1.0435
traceE,fixed20,164,111.3,235.7,1,8,,1.5697
traceE,fixed20,165,105.3,238.0,1,8,,2.3075
traceE,fixed20,166,103.2,238.2,1,8,,3.1936
traceE,fixed20,167,127.4,236.6,1,8,,4.2251
traceE,fixed20,168,210.0,213.8,1,7,,5.3720
traceE,fixed20,169,113.1,235.6,1,8,,6.6536
traceE,fixed20,170,178.7,213.3,1,7,,8.0514
traceE,fixed20,171,168.8,236.1,1,8,,9.5669
traceE,fixed20,172,101.5,237.5,1,8,,11.1996
traceE,fixed20,173,106.7,240.1,1,8,,12.9419
traceE,fixed20,174,203.7,238.8,1,8,,14.8088
traceE,fixed20,175,140.8,214.9,1,7,,16.7830
traceE,fixed20,176,149.5,235.8,1,8,,18.8824
traceE,fixed20,177,191.5,213.3,1,7,,21.0964
traceE,fixed20,178,104.0,235.6,1,8,,23.4235
traceE,fixed20,179,105.7,237.7,1,8,,25.8669
traceE,fixed20,180,179.8,237.9,1,8,,28.4169
traceE,fixed20,181,162.3,236.1,1,8,,31.0892
traceE,fixed20,182,104.4,237.0,1,8,,33.8680
traceE,fixed20,183,105.9,237.2,1,8,,36.7677
traceE,fixed20,184,106.4,237.2,1,8,,39.7824
traceE,fixed20,185,105.2,235.6,1,8,,42.9068
traceE,fixed20,186,157.5,235.7,1,8,,46.1471
traceE,fixed20,187,184.8,235.8,1,8,,49.4913
traceE,fixed20,188,102.7,235.2,1,8,,52.9552
traceE,fixed20,189,210.0,235.3,1,8,,56.5248
traceE,fixed20,190,131.2,235.1,1,8,,60.2107
traceE,fixed20,191,156.6,235.7,1,8,,64.0116
traceE,fixed20,192,183.5,236.4,1,8,,67.9184
traceE,fixed20,193,106.3,235.9,1,8,,71.9399
traceE,fixed20,194,205.4,235.9,1,8,,76.0626
traceE,fixed20,195,130.8,234.8,1,8,,80.3016
traceE,fixed20,196,153.7,235.8,1,8,,84.6451
traceE,fixed20,197,184.6,236.1,1,8,,89.0998
traceE,fixed20,198,102.6,236.1,1,8,,93.6687
traceE,fixed20,199,105.1,236.9,1,8,,98.3398
traceE,fixed20,200,185.9,235.4,1,8,,103.1232
traceE,fixed20,201,162.4,235.5,1,8,,108.0052
traceE,fixed20,202,100.2,234.9,1,8,,112.9989
traceE,fixed20,203,106.1,235.9,1,8,,118.0959
traceE,fixed20,204,210.0,235.4,1,8,,123.2985
traceE,fixed20,205,130.3,235.1,1,8,,128.6137
traceE,fixed20,206,155.4,234.9,1,8,,134.0272
traceE,fixed20,207,186.5,235.3,1,8,,139.5496
traceE,fixed20,208,101.8,237.5,1,8,,145.1679
traceE,fixed20,209,105.7,235.2,1,8,,150.8927
traceE,fixed20,210,186.0,235.6,1,8,,156.7192
traceE,fixed20,211,158.6,235.8,1,8,,162.6453
traceE,fixed20,212,132.6,237.0,1,8,,168.6814
traceE,fixed20,213,209.9,235.6,1,8,,174.8121
traceE,fixed20,214,108.8,235.9,1,8,,181.0473
traceE,fixed20,215,186.3,235.5,1,8,,187.3758
traceE,fixed20,216,155.6,235.6,1,8,,193.8046
traceE,fixed20,217,106.7,236.5,1,8,,200.3331
traceE,fixed20,218,104.6,235.7,1,8,,206.9553
traceE,fixed20,219,103.4,235.1,1,8,,213.6837
traceE,fixed20,220,108.5,235.6,1,8,,220.5030
traceE,fixed20,221,105.3,235.4,1,8,,227.4216
traceE,fixed20,222,100.8,234.4,1,8,,234.4307
traceE,fixed20,223,107.5,234.1,1,8,,241.5337
traceE,fixed20,224,103.6,234.8,1,8,,248.7336
traceE,fixed20,225,186.7,235.0,1,8,,256.0211
traceE,fixed20,226,159.0,235.6,1,8,,263.4102
traceE,fixed20,227,107.8,234.5,1,8,,270.8867
traceE,fixed20,228,104.4,235.7,1,8,,278.4563
traceE,fixed20,229,103.6,235.5,1,8,,286.1136
traceE,fixed20,230,105.4,235.5,1,8,,293.8578
traceE,fixed20,231,105.3,234.0,1,8,,301.6955
traceE,fixed20,232,133.0,234.6,1,8,,309.6151
traceE,fixed20,233,209.9,238.0,1,8,,317.6305
traceE,fixed20,234,105.5,232.5,1,8,,325.7297
traceE,fixed20,235,103.2,235.1,1,7,,333.9154
traceE,fixed20,236,160.2,233.2,1,8,,342.1855
traceE,fixed20,237,180.2,234.2,1,8,,350.5355
traceE,fixed20,238,105.1,237.5,1,8,,358.9747
traceE,fixed20,239,210.0,233.9,1,8,,367.4903
traceE,fixed20,240,127.0,233.6,1,8,,376.0951
traceE,fixed20,241,106.9,233.1,1,8,,384.7801
traceE,fixed20,242,137.8,235.0,1,8,,393.5444
traceE,fixed20,243,203.7,235.3,1,8,,402.3895
traceE,fixed20,244,107.0,235.3,1,8,,411.3075
traceE,fixed20,245,193.6,235.2,1,8,,420.3095
traceE,fixed20,246,148.0,234.5,1,8,,429.3827
traceE,fixed20,247,108.8,216.2,1,7,,438.5376
traceE,fixed20,248,101.3,235.2,1,8,,447.7691
traceE,fixed20,249,105.3,234.1,1,8,,457.0726
traceE,fixed20,250,107.3,235.2,1,8,,466.4523
traceE,fixed20,251,102.9,236.7,1,8,,475.8985
traceE,fixed20,252,103.4,234.0,1,8,,485.4225
traceE,fixed20,253,115.5,235.6,1,8,,495.0127
traceE,fixed20,254,210.0,235.1,1,8,,504.6767
traceE,fixed20,255,120.5,235.5,1,8,,514.4131
traceE,fixed20,256,166.1,236.3,1,8,,524.2143
traceE,fixed20,257,167.5,234.8,1,8,,534.0867
traceE,fixed20,258,113.5,235.5,1,8,,544.0190
traceE,fixed20,259,210.0,235.1,1,8,,554.0225
traceE,fixed20,260,119.2,235.9,1,8,,564.0873
traceE,fixed20,261,166.1,235.4,1,8,,574.2175
traceE,fixed20,262,169.0,235.8,1,8,,584.4157
traceE,fixed20,263,118.0,235.8,1,8,,594.6714
traceE,fixed20,264,210.0,236.7,1,8,,604.9926
traceE,fixed20,265,102.4,234.1,1,8,,615.3678
traceE,fixed20,266,102.4,235.1,1,8,,625.8065
traceE,fixed20,267,126.2,235.4,1,8,,636.3019
traceE,fixed20,268,210.0,235.0,1,8,,646.8541
traceE,fixed20,269,126.4,234.9,1,8,,657.4693
traceE,fixed20,270,129.5,235.3,1,8,,668.1352
traceE,fixed20,271,210.0,234.9,1,8,,678.8601
traceE,fixed20,272,143.1,235.8,1,8,,689.6333
traceE,fixed20,273,104.0,236.8,1,8,,700.4619
traceE,fixed20,274,102.4,235.3,1,8,,711.3425
traceE,fixed20,275,159.5,235.6,1,8,,722.2715
traceE,fixed20,276,210.0,234.9,1,8,,733.2579
traceE,fixed20,277,104.8,237.0,1,8,,744.2883
traceE,fixed20,278,105.0,234.5,1,8,,755.3708
traceE,fixed20,279,106.5,235.1,1,8,,766.4961
traceE,fixed20,280,102.9,235.5,1,8,,777.6686
traceE,fixed20,281,137.4,237.4,1,8,,788.8881
traceE,fixed20,282,210.0,239.0,1,8,,800.1478
traceE,fixed20,283,129.9,238.2,1,8,,811.4585
traceE,fixed20,284,103.0,235.0,1,8,,822.8073
traceE,fixed20,285,104.9,235.9,1,8,,834.2005
traceE,fixed20,286,180.0,236.9,1,8,,845.6314
traceE,fixed20,287,203.7,236.6,1,8,,857.1008
traceE,fixed20,288,101.5,235.2,1,8,,868.6122
traceE,fixed20,289,106.5,235.1,1,8,,880.1560
traceE,fixed20,290,105.0,236.3,1,8,,891.7440
traceE,fixed20,291,107.1,235.0,1,8,,903.3643
traceE,fixed20,292,147.9,234.4,1,8,,915.0211
traceE,fixed20,293,209.9,236.5,1,8,,926.7105
traceE,fixed20,294,126.3,238.5,1,8,,938.4301
traceE,fixed20,295,136.5,235.1,1,8,,950.1861
traceE,fixed20,296,209.5,235.7,1,8,,961.9672
traceE,fixed20,297,133.5,236.7,1,8,,973.7850
traceE,fixed20,298,104.9,235.6,1,8,,985.6300
traceE,fixed20,299,104.8,224.4,1,8,,997.5032
traceE,fixed20,300,166.4,236.2,1,8,,1009.4041
traceE,fixed20,301,198.5,235.9,1,8,,1021.3269
traceE,fixed20,302,105.2,234.7,1,8,,1033.2802
traceE,fixed20,303,155.2,234.5,1,8,,1045.2520
traceE,fixed20,304,210.0,234.1,1,8,,1057.2526
traceE,fixed20,305,109.9,233.8,1,8,,1069.2754
traceE,fixed20,306,143.3,235.9,1,8,,1081.3181
traceE,fixed20,307,209.9,235.3,1,8,,1093.3836
traceE,fixed20,308,122.7,236.4,1,8,,1105.4632
traceE,fixed20,309,126.5,236.2,1,8,,1117.5671
traceE,fixed20,310,210.0,235.9,1,8,,1129.6833
traceE,fixed20,311,135.6,235.6,1,8,,1141.8201
traceE,fixed20,312,114.6,235.4,1,8,,1153.9744
traceE,fixed20,313,210.0,235.2,1,8,,1166.1406
traceE,fixed20,314,150.4,235.7,1,8,,1178.3243
traceE,fixed20,315,106.9,236.6,1,8,,1190.5150
traceE,fixed20,316,203.7,238.1,1,8,,1202.7233
traceE,fixed20,317,163.5,235.1,1,8,,1214.9384
traceE,fixed20,318,104.4,239.6,1,8,,1227.1659
traceE,fixed20,319,105.7,237.4,1,8,,1239.4062
traceE,fixed20,320,107.6,235.2,1,8,,1251.6508
traceE,fixed20,321,102.5,239.1,1,8,,1263.9074
traceE,fixed20,322,189.3,235.9,1,8,,1276.1645
traceE,fixed20,323,185.2,235.9,1,8,,1288.4322
traceE,fixed20,324,102.4,234.9,1,8,,1300.7019
traceE,fixed20,325,106.2,235.7,1,8,,1312.9758
traceE,fixed20,326,119.5,233.3,1,8,,1325.2577
traceE,fixed20,327,210.0,235.9,1,8,,1337.5370
traceE,fixed20,328,156.1,235.6,1,8,,1349.8225
traceE,fixed20,329,103.8,237.2,1,8,,1362.1027
traceE,fixed20,330,103.9,236.0,1,8,,1374.3864
traceE,fixed20,331,108.8,236.7,1,8,,1386.6676
traceE,fixed20,332,102.9,236.1,1,8,,1398.9452
traceE,fixed20,333,205.1,235.5,1,8,,1411.2259
traceE,fixed20,334,174.4,237.9,1,8,,1423.4978
traceE,fixed20,335,106.6,237.0,1,8,,1435.7699
traceE,fixed20,336,105.6,236.0,1,8,,1448.0316
traceE,fixed20,337,104.6,235.8,1,8,,1460.2897
traceE,fixed20,338,105.5,234.2,1,8,,1472.5413
traceE,fixed20,339,102.8,234.6,1,8,,1484.7817
traceE,fixed20,340,106.4,234.7,1,8,,1497.0205
traceE,fixed20,341,104.5,236.0,1,8,,1509.2448
traceE,fixed20,342,104.1,238.6,1,8,,1521.4633
traceE,fixed20,343,108.4,235.3,1,8,,1533.6671
traceE,fixed20,344,203.7,237.7,1,8,,1545.8601
traceE,fixed20,345,161.2,235.3,1,8,,1558.0430
traceE,fixed20,346,106.1,235.6,1,8,,1570.2078
traceE,fixed20,347,191.9,234.5,1,8,,1582.3661
traceE,fixed20,348,174.0,235.1,1,8,,1594.5052
traceE,fixed20,349,107.3,233.4,1,8,,1606.6324
traceE,fixed20,350,179.2,233.9,1,8,,1618.7411
traceE,fixed20,351,191.1,234.1,1,8,,1630.8322
traceE,fixed20,352,104.0,234.3,1,8,,1642.9097
traceE,fixed20,353,167.1,233.9,1,8,,1654.9631
traceE,fixed20,354,203.7,232.6,1,8,,1667.0050
traceE,fixed20,355,104.0,232.2,1,8,,1679.0238
traceE,fixed20,356,106.8,232.3,1,8,,1691.0247
traceE,fixed20,357,100.3,233.6,1,8,,1703.0040
traceE,fixed20,358,203.7,234.2,1,8,,1714.9594
traceE,fixed20,359,140.4,235.2,1,8,,1726.8977
traceE,fixed20,360,106.4,234.8,1,8,,1738.8069
traceE,fixed20,361,104.7,235.2,1,8,,1750.6996
traceE,fixed20,362,104.3,234.4,1,8,,1762.5661
traceE,fixed20,363,105.3,234.5,1,8,,1774.4089
traceE,fixed20,364,103.4,235.0,1,8,,1786.2276
traceE,fixed20,365,105.2,234.3,1,8,,1798.0166
traceE,fixed20,366,106.3,234.3,1,8,,1809.7852
traceE,fixed20,367,104.8,234.6,1,8,,1821.5207
traceE,fixed20,368,207.9,235.5,1,8,,1833.2349
traceE,fixed20,369,138.4,234.9,1,8,,1844.9205
traceE,fixed20,370,155.3,235.5,1,8,,1856.5769
traceE,fixed20,371,191.2,234.9,1,8,,1868.2071
traceE,fixed20,372,104.6,235.3,1,8,,1879.8027
traceE,fixed20,373,206.4,234.8,1,8,,1891.3749
traceE,fixed20,374,137.4,234.4,1,8,,1902.9109
traceE,fixed20,375,154.0,236.6,1,8,,1914.4208
traceE,fixed20,376,192.3,234.7,1,8,,1925.9006
traceE,fixed20,377,106.2,237.7,1,8,,1937.3464
traceE,fixed20,378,105.4,234.8,1,8,,1948.7641
traceE,fixed20,379,174.9,235.5,1,8,,1960.1434
traceE,fixed20,380,157.2,237.3,1,8,,1971.4963
traceE,fixed20,381,108.2,234.3,1,8,,1982.8108
traceE,fixed20,382,103.1,235.3,1,8,,1994.0951
traceE,fixed20,383,209.9,236.5,1,8,,2005.3483
traceE,fixed20,384,136.2,235.9,1,8,,2016.5634
traceE,fixed20,385,107.8,237.1,1,8,,2027.7488
traceE,fixed20,386,123.6,237.0,1,8,,2038.8930
traceE,fixed20,387,209.9,235.5,1,8,,2050.0082
traceE,fixed20,388,106.1,235.2,1,8,,2061.0838
traceE,fixed20,389,105.7,238.6,1,8,,2072.1255
traceE,fixed20,390,107.1,237.2,1,8,,2083.1355
traceE,fixed20,391,101.5,239.2,1,8,,2094.1045
traceE,fixed20,392,106.8,235.9,1,8,,2105.0426
traceE,fixed20,393,104.3,235.5,1,8,,2115.9375
traceE,fixed20,394,105.7,238.7,1,8,,2126.8012
traceE,fixed20,395,154.0,235.8,1,8,,2137.6252
traceE,fixed20,396,191.3,238.0,1,8,,2148.4120
traceE,fixed20,397,103.7,239.2,1,8,,2159.1673
traceE,fixed20,398,210.0,239.6,1,8,,2169.8795
traceE,fixed20,399,137.8,237.4,1,8,,2180.5600
traceE,fixed20,400,104.2,235.6,1,8,,2191.1966
traceE,fixed20,401,104.9,236.9,1,8,,2201.8001
traceE,fixed20,402,107.4,234.9,1,8,,2212.3646
traceE,fixed20,403,105.2,239.3,1,8,,2222.8896
traceE,fixed20,404,103.0,235.8,1,8,,2233.3835
traceE,fixed20,405,160.7,236.4,1,8,,2243.8336
traceE,fixed20,406,186.1,235.7,1,8,,2254.2515
traceE,fixed20,407,106.7,236.0,1,8,,2264.6258
traceE,fixed20,408,210.0,238.2,1,8,,2274.9657
traceE,fixed20,409,136.3,235.5,1,8,,2285.2683
traceE,fixed20,410,160.1,236.4,1,8,,2295.5297
traceE,fixed20,411,191.1,236.1,1,8,,2305.7613
traceE,fixed20,412,105.5,238.0,1,8,,2315.9493
traceE,fixed20,413,102.0,237.1,1,8,,2326.1052
traceE,fixed20,414,105.5,236.1,1,8,,2336.2189
traceE,fixed20,415,105.5,230.2,1,8,,2346.2973
traceE,fixed20,416,129.9,238.3,1,8,,2356.3410
traceE,fixed20,417,203.7,236.9,1,8,,2366.3430
traceE,fixed20,418,106.9,237.4,1,8,,2376.3168
traceE,fixed20,419,104.7,238.8,1,8,,2386.2486
traceE,fixed20,420,160.6,235.6,1,8,,2396.1487
traceE,fixed20,421,186.5,236.0,1,8,,2406.0092
traceE,fixed20,422,104.6,235.9,1,8,,2415.8344
traceE,fixed20,423,104.4,238.2,1,8,,2425.6279
traceE,fixed20,424,104.3,236.4,1,8,,2435.3804
traceE,fixed20,425,108.2,238.6,1,8,,2445.1070
traceE,fixed20,426,104.5,239.3,1,8,,2454.7942
traceE,fixed20,427,102.4,237.7,1,8,,2464.4508
traceE,fixed20,428,106.4,236.1,1,8,,2474.0716
traceE,fixed20,429,191.1,236.9,1,8,,2483.6576
traceE,fixed20,430,144.9,235.5,1,8,,2493.2158
traceE,fixed20,431,104.9,235.1,1,8,,2502.7348
traceE,fixed20,432,116.3,237.7,1,8,,2512.2308
traceE,fixed20,433,210.0,235.1,1,8,,2521.6913
traceE,fixed20,434,124.6,235.1,1,8,,2531.1228
traceE,fixed20,435,171.5,235.5,1,8,,2540.5233
traceE,fixed20,436,175.5,233.5,1,8,,2549.8903
traceE,fixed20,437,119.2,234.7,1,8,,2559.2343
traceE,fixed20,438,210.0,234.9,1,8,,2568.5420
traceE,fixed20,439,126.6,235.5,1,8,,2577.8301
traceE,fixed20,440,170.9,234.6,1,8,,2587.0880
traceE,fixed20,441,179.3,235.0,1,8,,2596.3190
traceE,fixed20,442,116.5,235.2,1,8,,2605.5246
traceE,fixed20,443,210.0,234.9,1,8,,2614.6993
traceE,fixed20,444,122.6,238.5,1,8,,2623.8563
traceE,fixed20,445,172.2,234.5,1,8,,2632.9811
traceE,fixed20,446,179.2,235.9,1,8,,2642.0902
traceE,fixed20,447,103.3,234.5,1,8,,2651.1755
traceE,fixed20,448,104.9,233.8,1,8,,2660.2369
traceE,fixed20,449,191.2,233.9,1,8,,2669.2793
traceE,fixed20,450,146.1,234.9,1,8,,2678.2944
traceE,fixed20,451,107.6,235.9,1,8,,2687.2977
traceE,fixed20,452,103.8,234.5,1,8,,2696.2742
traceE,fixed20,453,104.5,235.0,1,8,,2705.2394
traceE,fixed20,454,191.0,233.4,1,8,,2714.1882
traceE,fixed20,455,143.0,237.5,1,8,,2723.1169
traceE,fixed20,456,136.6,223.4,1,8,,2732.0339
traceE,fixed20,457,197.4,235.5,1,8,,2740.9281
traceE,fixed20,458,105.8,234.0,1,8,,2749.8169
traceE,fixed20,459,104.5,227.4,1,8,,2758.6857
traceE,fixed20,460,104.7,235.1,1,8,,2767.5480
traceE,fixed20,461,136.5,235.0,1,8,,2776.4021
traceE,fixed20,462,197.3,233.9,1,8,,2785.2411
traceE,fixed20,463,103.4,233.7,1,8,,2794.0761
traceE,fixed20,464,103.4,234.0,1,8,,2802.8940
traceE,fixed20,465,105.3,233.8,1,8,,2811.7133
traceE,fixed20,466,107.2,236.8,1,8,,2820.5204
traceE,fixed20,467,119.9,233.0,1,8,,2829.3264
traceE,fixed20,468,210.0,233.3,1,8,,2838.1333
traceE,fixed20,469,124.7,232.5,1,8,,2846.9309
traceE,fixed20,470,172.0,233.9,1,8,,2855.7327
traceE,fixed20,471,175.1,235.4,1,8,,2864.5243
traceE,fixed20,472,107.0,232.9,1,8,,2873.3243
traceE,fixed20,473,103.1,232.5,1,8,,2882.1212
traceE,fixed20,474,105.4,231.4,1,8,,2890.9225
traceE,fixed20,475,103.9,233.6,1,8,,2899.7346
traceE,fixed20,476,143.4,233.0,1,8,,2908.5442
traceE,fixed20,477,191.0,233.0,1,8,,2917.3667
traceE,fixed20,478,104.0,233.7,1,8,,2926.1867
traceE,fixed20,479,104.1,233.1,1,8,,2935.0224
traceE,fixed20,480,174.3,233.8,1,8,,2943.8650
traceE,fixed20,481,174.4,234.4,1,8,,2952.7178
traceE,fixed20,482,123.5,234.5,1,8,,2961.5921
traceE,fixed20,483,210.0,233.9,1,8,,2970.4714
traceE,fixed20,484,125.8,232.9,1,8,,2979.3723
traceE,fixed20,485,103.3,235.4,1,8,,2988.2798
traceE,fixed20,486,107.6,234.0,1,8,,2997.2100
traceE,fixed20,487,125.4,235.7,1,8,,3006.1580
traceE,fixed20,488,210.0,236.4,1,8,,3015.1227
traceE,fixed20,489,120.3,233.7,1,8,,3024.1194
traceE,fixed20,490,177.1,233.9,1,8,,3033.1298
traceE,fixed20,491,173.7,234.9,1,8,,3042.1705
traceE,fixed20,492,123.1,236.2,1,8,,3051.2276
traceE,fixed20,493,210.0,236.7,1,8,,3060.3146
traceE,fixed20,494,120.6,234.4,1,8,,3069.4306
traceE,fixed20,495,173.4,233.8,1,8,,3078.5701
traceE,fixed20,496,173.5,234.6,1,8,,3087.7525
traceE,fixed20,497,126.2,234.3,1,8,,3096.9578
traceE,fixed20,498,210.0,234.5,1,8,,3106.2020
traceE,fixed20,499,121.8,234.9,1,8,,3115.4732
traceE,fixed20,500,182.0,235.1,1,8,,3124.7811
traceE,fixed20,501,168.2,235.5,1,8,,3134.1297
traceE,fixed20,502,127.1,234.8,1,8,,3143.5091
traceE,fixed20,503,210.0,237.9,1,8,,3152.9418
traceE,fixed20,504,118.0,237.5,1,8,,3162.4076
traceE,fixed20,505,103.5,235.3,1,8,,3171.9201
traceE,fixed20,506,149.8,234.6,1,8,,3181.4711
traceE,fixed20,507,184.7,234.7,1,8,,3191.0652
traceE,fixed20,508,105.9,234.6,1,8,,3200.7118
traceE,fixed20,509,197.3,236.7,1,8,,3210.3967
traceE,fixed20,510,131.1,235.1,1,8,,3220.1448
traceE,fixed20,511,145.6,234.9,1,8,,3229.9367
traceE,fixed20,512,184.8,234.4,1,8,,3239.7828
traceE,fixed20,513,103.2,235.4,1,8,,3249.6788
traceE,fixed20,514,197.3,234.1,1,8,,3259.6243
traceE,fixed20,515,134.9,234.7,1,8,,3269.6338
traceE,fixed20,516,103.5,234.1,1,8,,3279.6894
traceE,fixed20,517,103.0,233.6,1,8,,3289.8172
traceE,fixed20,518,106.3,234.3,1,8,,3299.9999
traceE,fixed20,519,197.4,234.2,1,8,,3310.2435
traceE,fixed20,520,197.4,235.1,1,8,,3320.5485
traceE,fixed20,521,104.3,233.9,1,8,,3330.9091
traceE,fixed20,522,103.5,235.8,1,8,,3341.3445
traceE,fixed20,523,103.8,236.8,1,8,,3351.8341
traceE,fixed20,524,135.9,234.9,1,8,,3362.4037
traceE,fixed20,525,197.5,236.0,1,8,,3373.0393
traceE,fixed20,526,104.2,235.5,1,8,,3383.7420
traceE,fixed20,527,186.4,234.9,1,8,,3394.5172
traceE,fixed20,528,147.0,234.5,1,8,,3405.3539
traceE,fixed20,529,103.7,234.8,1,8,,3416.2749
traceE,fixed20,530,120.4,234.9,1,8,,3427.2586
traceE,fixed20,531,209.9,236.7,1,8,,3438.3286
traceE,fixed20,532,129.5,234.7,1,8,,3449.4758
traceE,fixed20,533,169.4,235.0,1,8,,3460.6955
traceE,fixed20,534,181.0,234.8,1,8,,3471.9979
traceE,fixed20,535,117.3,237.9,1,8,,3483.3674
traceE,fixed20,536,210.0,238.7,1,8,,3494.8296
traceE,fixed20,537,125.3,234.9,1,8,,3506.3629
traceE,fixed20,538,175.0,234.9,1,8,,3517.9874
traceE,fixed20,539,180.2,235.5,1,8,,3529.6996
traceE,fixed20,540,121.8,236.0,1,8,,3541.4891
traceE,fixed20,541,209.9,235.1,1,8,,3553.3704
traceE,fixed20,542,157.6,234.7,1,8,,3565.3245
traceE,fixed20,543,110.4,234.0,1,8,,3577.3776
traceE,fixed20,544,209.6,234.5,1,8,,3589.5102
traceE,fixed20,545,167.9,234.0,1,8,,3601.7373
traceE,fixed20,546,104.8,235.5,1,8,,3614.0620
traceE,fixed20,547,203.7,235.3,1,8,,3626.4680
traceE,fixed20,548,185.9,236.2,1,8,,3638.9736
traceE,fixed20,549,105.9,236.5,1,8,,3651.5572
traceE,fixed20,550,187.2,235.3,1,8,,3664.2445
traceE,fixed20,551,197.3,236.2,1,8,,3677.0193
traceE,fixed20,552,107.2,238.7,1,8,,3689.8904
traceE,fixed20,553,173.6,234.7,1,8,,3702.8678
traceE,fixed20,554,209.3,235.0,1,8,,3715.9302
traceE,fixed20,555,110.9,235.7,1,8,,3729.0979
traceE,fixed20,556,103.3,236.3,1,8,,3742.3487
traceE,fixed20,557,107.2,235.8,1,8,,3755.7058
traceE,fixed20,558,102.7,238.0,1,8,,3769.1579
traceE,fixed20,559,105.0,239.4,1,8,,3782.7070
traceE,fixed20,560,108.1,213.3,1,7,,3796.3693
traceE,fixed20,561,101.4,225.1,1,8,,3810.1198
traceE,fixed20,562,136.3,236.3,1,8,,3823.9795
traceE,fixed20,563,210.0,235.7,1,8,,3837.9271
traceE,fixed20,564,149.5,234.8,1,8,,3851.9816
traceE,fixed20,565,120.8,237.3,1,8,,3866.1377
traceE,fixed20,566,210.0,234.8,1,8,,3880.3903
traceE,fixed20,567,161.6,235.0,1,8,,3894.7613
traceE,fixed20,568,105.6,225.8,1,7,,3909.2234
traceE,fixed20,569,210.0,225.2,1,8,,3923.7963
traceE,fixed20,570,172.8,235.9,1,8,,3938.4616
traceE,fixed20,571,107.2,235.4,1,8,,3953.2325
traceE,fixed20,572,102.5,223.0,1,8,,3968.1105
traceE,fixed20,573,128.0,224.1,1,8,,3983.0837
traceE,fixed20,574,209.9,227.6,1,8,,3998.1783
traceE,fixed20,575,129.0,236.0,1,8,,4013.3664
traceE,fixed20,576,104.5,227.7,1,8,,4028.6650
traceE,fixed20,577,103.6,237.5,1,8,,4044.0599
traceE,fixed20,578,178.5,223.0,1,8,,4059.5575
traceE,fixed20,579,210.0,234.1,1,8,,4075.1663
traceE,fixed20,580,107.4,234.6,1,8,,4090.8684
traceE,fixed20,581,159.8,224.7,1,7,,4106.6926
traceE,fixed20,582,209.9,224.1,1,8,,4122.6126
traceE,fixed20,583,120.0,224.3,1,7,,4138.6405
traceE,fixed20,584,107.3,234.2,1,8,,4154.7679
traceE,fixed20,585,104.8,233.1,1,8,,4170.9939
traceE,fixed20,586,179.8,233.5,1,8,,4187.3335
traceE,fixed20,587,179.1,234.7,1,8,,4203.7641
traceE,fixed20,588,104.8,223.3,1,8,,4220.3153
traceE,fixed20,589,172.1,234.5,1,8,,4236.9639
traceE,fixed20,590,192.8,235.3,1,7,,4253.7164
traceE,fixed20,591,102.2,233.8,1,8,,4270.5705
traceE,fixed20,592,107.3,234.6,1,8,,4287.5182
traceE,fixed20,593,104.9,222.2,1,8,,4304.5799
traceE,fixed20,594,105.1,233.8,1,8,,4321.7302
traceE,fixed20,595,104.5,221.1,1,8,,4338.9973
traceE,fixed20,596,105.7,234.7,1,8,,4356.3630
traceE,fixed20,597,101.9,225.5,1,8,,4373.8272
traceE,fixed20,598,135.3,234.5,1,8,,4391.3938
traceE,fixed20,599,210.0,233.2,1,8,,4409.0484
traceE,fixed20,600,123.9,234.7,1,8,,4426.8156
traceE,fixed20,601,117.8,235.1,1,8,,4444.6688
traceE,fixed20,602,210.0,235.3,1,8,,4462.6330
traceE,fixed20,603,139.5,234.3,1,8,,4480.6964
traceE,fixed20,604,102.6,234.6,1,8,,4498.8518
traceE,fixed20,605,210.0,234.6,1,8,,4517.1090
traceE,fixed20,606,155.5,237.8,1,8,,4535.4486
traceE,fixed20,607,103.7,224.8,1,8,,4553.8971
traceE,fixed20,608,197.4,234.3,1,8,,4572.4292
traceE,fixed20,609,167.8,234.6,1,8,,4591.0647
traceE,fixed20,610,102.5,236.2,1,8,,4609.7991
traceE,fixed20,611,181.9,234.7,1,8,,4628.6184
traceE,fixed20,612,181.2,235.3,1,8,,4647.5375
traceE,fixed20,613,104.1,235.8,1,8,,4666.5332
traceE,fixed20,614,166.2,227.7,1,8,,4685.6323
traceE,fixed20,615,192.7,235.9,1,8,,4704.8126
traceE,fixed20,616,103.7,238.1,1,7,,4724.0873
traceE,fixed20,617,105.8,238.8,1,8,,4743.4596
traceE,fixed20,618,104.1,234.9,1,8,,4762.9097
traceE,fixed20,619,180.2,224.3,1,8,,4782.4557
traceE,fixed20,620,178.4,234.0,1,8,,4802.0730
traceE,fixed20,621,103.2,224.3,1,8,,4821.7862
traceE,fixed20,622,166.6,234.3,1,8,,4841.5783
traceE,fixed20,623,182.1,224.8,1,7,,4861.4548
traceE,fixed20,624,121.4,235.0,1,8,,4881.4266
traceE,fixed20,625,210.0,236.2,1,8,,4901.4690
traceE,fixed20,626,133.2,235.7,1,8,,4921.6018
traceE,fixed20,627,103.2,236.2,1,8,,4941.8010
traceE,fixed20,628,210.0,227.8,1,8,,4962.0873
traceE,fixed20,629,147.2,236.3,1,8,,4982.4498
traceE,fixed20,630,103.7,236.8,1,7,,5002.8865
traceE,fixed20,631,105.7,235.8,1,8,,5023.4146
traceE,fixed20,632,106.0,236.5,1,8,,5044.0066
traceE,fixed20,633,103.8,235.5,1,8,,5064.6822
traceE,fixed20,634,106.1,238.0,1,8,,5085.4195
traceE,fixed20,635,210.0,235.6,1,8,,5106.2339
traceE,fixed20,636,179.3,223.5,1,8,,5127.1216
traceE,fixed20,637,105.4,235.4,1,8,,5148.0731
traceE,fixed20,638,197.3,234.7,1,8,,5169.1110
traceE,fixed20,639,191.7,236.4,1,8,,5190.2066
traceE,fixed20,640,106.0,234.5,1,8,,5211.3774
traceE,fixed20,641,105.1,223.4,1,8,,5232.6059
traceE,fixed20,642,112.8,234.7,1,8,,5253.9008
traceE,fixed20,643,210.0,234.8,1,8,,5275.2654
traceE,fixed20,644,138.5,234.2,1,8,,5296.6839
traceE,fixed20,645,161.4,236.9,1,8,,5318.1823
traceE,fixed20,646,191.3,238.9,1,8,,5339.7330
traceE,fixed20,647,107.4,236.5,1,8,,5361.3496
traceE,fixed20,648,101.3,235.8,1,8,,5383.0199
traceE,fixed20,649,106.8,234.8,1,8,,5404.7456
traceE,fixed20,650,104.5,236.9,1,8,,5426.5369
traceE,fixed20,651,122.7,237.1,1,8,,5448.3729
traceE,fixed20,652,210.0,236.0,1,8,,5470.2811
traceE,fixed20,653,160.7,234.7,1,8,,5492.2367
traceE,fixed20,654,110.6,236.3,1,8,,5514.2482
traceE,fixed20,655,209.9,235.4,1,8,,5536.3096
traceE,fixed20,656,179.5,236.4,1,8,,5558.4155
traceE,fixed20,657,103.0,236.1,1,8,,5580.5820
traceE,fixed20,658,106.2,236.3,1,8,,5602.7851
traceE,fixed20,659,102.9,236.1,1,8,,5625.0515
traceE,fixed20,660,149.3,235.0,1,8,,5647.3612
traceE,fixed20,661,209.9,236.9,1,8,,5669.7163
traceE,fixed20,662,137.5,236.1,1,7,,5692.1174
traceE,fixed20,663,136.9,236.7,1,8,,5714.5527
traceE,fixed20,664,190.8,235.0,1,8,,5737.0429
traceE,fixed20,665,106.7,234.1,1,8,,5759.5625
traceE,fixed20,666,105.4,235.8,1,8,,5782.1357
traceE,fixed20,667,172.2,235.7,1,8,,5804.7484
traceE,fixed20,668,179.4,235.3,1,8,,5827.3963
traceE,fixed20,669,106.5,236.0,1,8,,5850.0860
traceE,fixed20,670,162.1,234.9,1,8,,5872.8005
traceE,fixed20,671,192.8,235.0,1,8,,5895.5633
traceE,fixed20,672,104.9,235.5,1,8,,5918.3495
traceE,fixed20,673,105.2,235.3,1,8,,5941.1789
traceE,fixed20,674,102.0,235.2,1,8,,5964.0445
traceE,fixed20,675,105.1,224.6,1,8,,5986.9354
traceE,fixed20,676,105.4,235.0,1,8,,6009.8635
traceE,fixed20,677,108.3,234.4,1,8,,6032.8082
traceE,fixed20,678,149.7,234.0,1,8,,6055.7938
traceE,fixed20,679,203.7,235.8,1,8,,6078.7979
traceE,fixed20,680,106.1,224.9,1,8,,6101.8348
traceE,fixed20,681,105.8,235.0,1,8,,6124.9044
traceE,fixed20,682,159.4,238.3,1,8,,6147.9904
traceE,fixed20,683,209.8,234.4,1,8,,6171.1086
traceE,fixed20,684,129.4,234.7,1,8,,6194.2363
traceE,fixed20,685,144.2,236.0,1,8,,6217.3968
traceE,fixed20,686,178.5,235.8,1,8,,6240.5721
traceE,fixed20,687,106.5,234.1,1,8,,6263.7697
traceE,fixed20,688,197.4,233.4,1,8,,6286.9967
traceE,fixed20,689,128.4,234.3,1,8,,6310.2321
traceE,fixed20,690,106.3,233.6,1,8,,6333.4942
traceE,fixed20,691,103.7,235.4,1,8,,6356.7601
traceE,fixed20,692,106.6,234.1,1,8,,6380.0504
traceE,fixed20,693,138.7,234.2,1,8,,6403.3526
traceE,fixed20,694,210.0,224.1,1,8,,6426.6670
traceE,fixed20,695,149.2,234.2,1,8,,6450.0074
traceE,fixed20,696,124.5,234.4,1,8,,6473.3495
traceE,fixed20,697,197.8,233.9,1,8,,6496.7123
traceE,fixed20,698,106.0,234.7,1,8,,6520.0746
traceE,fixed20,699,179.9,234.4,1,8,,6543.4526
traceE,fixed20,700,210.0,235.5,1,8,,6566.8402
traceE,fixed20,701,106.4,232.8,1,8,,6590.2308
traceE,fixed20,702,106.7,232.1,1,8,,6613.6438
traceE,fixed20,703,105.1,234.1,1,8,,6637.0532
traceE,fixed20,704,103.7,233.8,1,8,,6660.4769
traceE,fixed20,705,154.6,223.6,1,7,,6683.8970
traceE,fixed20,706,210.0,232.9,1,8,,6707.3243
traceE,fixed20,707,129.4,233.0,1,8,,6730.7592
traceE,fixed20,708,106.9,233.9,1,8,,6754.1893
traceE,fixed20,709,103.0,231.6,1,8,,6777.6377
traceE,fixed20,710,172.6,220.7,1,8,,6801.0785
traceE,fixed20,711,186.7,223.2,1,8,,6824.5272
traceE,fixed20,712,105.5,232.7,1,8,,6847.9702
traceE,fixed20,713,159.1,235.4,1,8,,6871.4123
traceE,fixed20,714,200.4,220.9,1,8,,6894.8604
traceE,fixed20,715,103.5,232.7,1,8,,6918.2972
traceE,fixed20,716,103.9,233.1,1,8,,6941.7477
traceE,fixed20,717,106.9,232.4,1,8,,6965.1884
traceE,fixed20,718,209.9,235.9,1,8,,6988.6301
traceE,fixed20,719,184.8,232.0,1,8,,7012.0653
traceE,fixed20,720,103.5,234.6,1,8,,7035.4922
traceE,fixed20,721,105.3,235.9,1,9,,7058.9235
traceE,fixed20,722,102.6,220.8,1,8,,7082.3382
traceE,fixed20,723,106.4,234.0,1,8,,7105.7622
traceE,fixed20,724,184.8,233.1,1,8,,7129.1752
traceE,fixed20,725,203.8,236.3,1,8,,7152.5829
traceE,fixed20,726,107.2,234.9,1,8,,7175.9836
traceE,fixed20,727,172.2,233.4,1,8,,7199.3696
traceE,fixed20,728,154.7,235.8,1,9,,7222.7586
traceE,fixed20,729,118.8,233.1,1,8,,7246.1275
traceE,fixed20,730,210.0,236.6,1,8,,7269.5007
traceE,fixed20,731,107.2,234.4,1,8,,7292.8630
traceE,fixed20,732,167.3,237.5,1,8,,7316.2142
traceE,fixed20,733,209.9,235.0,1,8,,7339.5585
traceE,fixed20,734,118.5,235.5,1,8,,7362.8829
traceE,fixed20,735,103.5,236.3,1,8,,7386.2087
traceE,fixed20,736,108.3,234.1,1,8,,7409.5123
traceE,fixed20,737,184.8,236.2,1,8,,7432.8156
traceE,fixed20,738,172.2,233.8,1,8,,7456.1089
traceE,fixed20,739,105.5,233.9,1,8,,7479.3859
traceE,fixed20,740,173.4,235.0,1,8,,7502.6565
traceE,fixed20,741,184.8,234.2,1,8,,7525.9034
traceE,fixed20,742,105.3,233.6,1,8,,7549.1500
traceE,fixed20,743,102.9,233.4,1,8,,7572.3740
traceE,fixed20,744,119.1,235.3,1,8,,7595.5931
traceE,fixed20,745,210.0,224.1,1,8,,7618.8036
traceE,fixed20,746,166.7,234.8,1,8,,7641.9941
traceE,fixed20,747,104.1,236.6,1,8,,7665.1785
traceE,fixed20,748,105.2,235.4,1,8,,7688.3370
traceE,fixed20,749,105.5,238.5,1,8,,7711.4935
traceE,fixed20,750,104.6,235.7,1,8,,7734.6282
traceE,fixed20,751,198.4,239.2,1,8,,7757.7537
traceE,fixed20,752,191.7,236.2,1,8,,7780.8728
traceE,fixed20,753,106.0,235.6,1,8,,7803.9692
traceE,fixed20,754,104.6,235.0,1,8,,7827.0601
traceE,fixed20,755,105.0,234.7,1,8,,7850.1243
traceE,fixed20,756,102.9,235.7,1,8,,7873.1846
traceE,fixed20,757,171.6,225.5,1,8,,7896.2254
traceE,fixed20,758,210.0,235.8,1,8,,7919.2531
traceE,fixed20,759,117.4,234.9,1,8,,7942.2770
traceE,fixed20,760,103.5,234.3,1,8,,7965.2768
traceE,fixed20,761,106.4,233.6,1,8,,7988.2718
traceE,fixed20,762,181.3,234.5,1,8,,8011.2406
traceE,fixed20,763,178.2,237.1,1,8,,8034.2037
traceE,fixed20,764,104.8,234.5,1,8,,8057.1507
traceE,fixed20,765,102.3,235.3,1,8,,8080.0815
traceE,fixed20,766,103.1,235.6,1,8,,8103.0113
traceE,fixed20,767,106.3,235.3,1,8,,8125.9170
traceE,fixed20,768,153.8,234.7,1,8,,8148.8184
traceE,fixed20,769,203.7,235.9,1,8,,8171.6958
traceE,fixed20,770,102.5,223.9,1,8,,8194.5658
traceE,fixed20,771,107.3,235.1,1,8,,8217.4236
traceE,fixed20,772,104.1,234.4,1,8,,8240.2633
traceE,fixed20,773,203.6,235.4,1,8,,8263.1049
traceE,fixed20,774,185.7,235.1,1,8,,8285.9240
traceE,fixed20,775,105.6,234.5,1,8,,8308.7391
traceE,fixed20,776,191.0,234.7,1,8,,8331.5336
traceE,fixed20,777,197.5,222.9,1,8,,8354.3193
traceE,fixed20,778,104.9,235.4,1,8,,8377.0975
traceE,fixed20,779,107.1,236.1,1,8,,8399.8567
traceE,fixed20,780,102.8,235.8,1,8,,8422.6206
traceE,fixed20,781,105.3,234.9,1,8,,8445.3649
traceE,fixed20,782,165.9,235.3,1,8,,8468.1056
traceE,fixed20,783,210.0,235.7,1,8,,8490.8304
traceE,fixed20,784,118.4,224.5,1,8,,8513.5453
traceE,fixed20,785,153.5,234.7,1,8,,8536.2578
traceE,fixed20,786,210.0,235.0,1,8,,8558.9516
traceE,fixed20,787,129.4,235.2,1,8,,8581.6530
traceE,fixed20,788,137.9,235.4,1,8,,8604.3389
traceE,fixed20,789,210.0,230.6,1,7,,8627.0217
traceE,fixed20,790,144.9,235.6,1,8,,8649.6941
traceE,fixed20,791,104.5,240.5,1,9,,8672.3561
traceE,fixed20,792,103.7,237.1,1,8,,8695.0211
traceE,fixed20,793,156.9,234.7,1,8,,8717.6690
traceE,fixed20,794,203.7,225.2,1,8,,8740.3271
traceE,fixed20,795,107.5,228.0,1,8,,8762.9751
traceE,fixed20,796,104.1,224.6,1,8,,8785.6207
traceE,fixed20,797,105.3,236.3,1,8,,8808.2620
traceE,fixed20,798,107.1,225.0,1,8,,8830.8934
traceE,fixed20,799,103.4,234.6,1,8,,8853.5329
traceE,fixed20,800,101.7,234.9,1,8,,8876.1585
traceE,fixed20,801,191.0,237.2,1,8,,8898.7966
traceE,fixed20,802,197.8,235.5,1,8,,8921.4310
traceE,fixed20,803,105.1,235.9,1,8,,8944.0639
traceE,fixed20,804,105.7,225.8,1,7,,8966.6992
traceE,fixed20,805,105.7,223.3,1,8,,8989.3258
traceE,fixed20,806,210.0,235.3,1,8,,9011.9659
traceE,fixed20,807,149.0,234.7,1,8,,9034.5961
traceE,fixed20,808,105.2,234.4,1,8,,9057.2410
traceE,fixed20,809,107.2,234.3,1,8,,9079.8896
traceE,fixed20,810,150.8,235.6,1,8,,9102.5380
traceE,fixed20,811,209.9,224.8,1,7,,9125.1956
traceE,fixed20,812,131.0,238.4,1,9,,9147.8468
traceE,fixed20,813,136.6,222.9,1,8,,9170.5165
traceE,fixed20,814,210.0,234.7,1,8,,9193.1818
traceE,fixed20,815,144.7,234.0,1,8,,9215.8638
traceE,fixed20,816,106.6,234.7,1,8,,9238.5571
traceE,fixed20,817,104.2,235.1,1,8,,9261.2524
traceE,fixed20,818,161.1,237.0,1,9,,9283.9637
traceE,fixed20,819,197.4,235.0,1,9,,9306.6719
traceE,fixed20,820,106.5,232.4,1,8,,9329.4032
traceE,fixed20,821,105.3,234.7,1,8,,9352.1366
traceE,fixed20,822,105.3,234.9,1,8,,9374.8886
traceE,fixed20,823,104.7,236.7,1,9,,9397.6600
traceE,fixed20,824,102.6,232.8,1,8,,9420.4363
traceE,fixed20,825,107.5,233.7,1,8,,9443.2351
traceE,fixed20,826,104.2,221.8,1,8,,9466.0352
traceE,fixed20,827,127.3,235.0,1,8,,9488.8626
traceE,fixed20,828,210.0,233.9,1,8,,9511.6995
traceE,fixed20,829,125.6,232.7,1,8,,9534.5567
traceE,fixed20,830,112.8,226.1,1,7,,9557.4417
traceE,fixed20,831,210.0,230.8,1,8,,9580.3352
traceE,fixed20,832,143.6,234.4,1,8,,9603.2575
traceE,fixed20,833,102.1,225.3,1,8,,9626.1864
traceE,fixed20,834,206.0,236.7,1,8,,9649.1463
traceE,fixed20,835,154.8,223.9,1,7,,9672.1238
traceE,fixed20,836,104.9,233.7,1,8,,9695.1235
traceE,fixed20,837,191.1,233.4,1,8,,9718.1592
traceE,fixed20,838,170.6,234.1,1,8,,9741.2079
traceE,fixed20,839,104.2,233.9,1,8,,9764.2911
traceE,fixed20,840,174.2,224.1,1,7,,9787.3872
traceE,fixed20,841,185.7,234.6,1,8,,9810.5174
traceE,fixed20,842,103.7,223.5,1,7,,9833.6739
traceE,fixed20,843,161.9,234.8,1,8,,9856.8546
traceE,fixed20,844,199.0,234.0,1,8,,9880.0793
traceE,fixed20,845,103.7,233.9,1,8,,9903.3222
traceE,fixed20,846,104.0,235.8,1,8,,9926.6047
traceE,fixed20,847,104.9,223.8,1,8,,9949.9073
traceE,fixed20,848,106.0,235.6,1,8,,9973.2467
traceE,fixed20,849,103.2,233.8,1,8,,9996.6211
traceE,fixed20,850,153.6,233.4,1,8,,10020.0223
traceE,fixed20,851,210.0,234.5,1,8,,10043.4747
traceE,fixed20,852,132.7,235.6,1,8,,10066.9515
traceE,fixed20,853,143.1,236.2,1,8,,10090.4722
traceE,fixed20,854,210.0,228.2,1,7,,10114.0209
traceE,fixed20,855,146.3,235.7,1,8,,10137.6086
traceE,fixed20,856,125.1,237.3,1,8,,10161.2401
traceE,fixed20,857,210.0,234.6,1,8,,10184.9012
traceE,fixed20,858,156.6,235.0,1,8,,10208.6202
traceE,fixed20,859,105.2,234.8,1,8,,10232.3705
traceE,fixed20,860,105.4,235.4,1,8,,10256.1682
traceE,fixed20,861,104.6,234.5,1,8,,10280.0024
traceE,fixed20,862,105.2,234.7,1,8,,10303.8773
traceE,fixed20,863,210.0,235.0,1,8,,10327.8046
traceE,fixed20,864,178.9,234.5,1,8,,10351.7650
traceE,fixed20,865,105.0,234.5,1,8,,10375.7889
traceE,fixed20,866,104.4,234.8,1,8,,10399.8515
traceE,fixed20,867,104.6,240.0,1,8,,10423.9645
traceE,fixed20,868,105.4,236.0,1,8,,10448.1225
traceE,fixed20,869,184.8,236.2,1,8,,10472.3229
traceE,fixed20,870,203.7,234.7,1,8,,10496.5837
traceE,fixed20,871,104.5,235.9,1,8,,10520.8817
traceE,fixed20,872,103.8,237.3,1,8,,10545.2476
traceE,fixed20,873,106.0,224.1,1,8,,10569.6603
traceE,fixed20,874,105.4,235.3,1,8,,10594.1256
traceE,fixed20,875,157.0,235.5,1,8,,10618.6443
traceE,fixed20,876,210.0,233.8,1,8,,10643.2073
traceE,fixed20,877,123.9,236.9,1,8,,10667.8378
traceE,fixed20,878,142.5,235.7,1,8,,10692.5100
traceE,fixed20,879,209.9,234.2,1,8,,10717.2535
traceE,fixed20,880,140.3,225.2,1,8,,10742.0521
traceE,fixed20,881,130.0,235.5,1,8,,10766.9051
traceE,fixed20,882,209.9,216.9,1,7,,10791.8194
traceE,fixed20,883,152.1,236.3,1,8,,10816.7802
traceE,fixed20,884,119.8,234.6,1,8,,10841.8143
traceE,fixed20,885,210.0,225.4,1,8,,10866.8955
traceE,fixed20,886,163.9,235.8,1,8,,10892.0500
traceE,fixed20,887,103.8,226.3,1,8,,10917.2679
traceE,fixed20,888,103.7,235.4,1,8,,10942.5418
traceE,fixed20,889,144.4,215.3,1,7,,10967.8842
traceE,fixed20,890,210.0,216.2,1,7,,10993.2756
traceE,fixed20,891,113.3,235.8,1,8,,11018.7448
traceE,fixed20,892,128.5,234.2,1,8,,11044.2670
traceE,fixed20,893,210.0,234.4,1,8,,11069.8633
traceE,fixed20,894,131.2,215.2,1,7,,11095.5311
traceE,fixed20,895,104.6,234.3,1,8,,11121.2564
traceE,fixed20,896,103.1,235.2,1,8,,11147.0564
traceE,fixed20,897,104.2,225.4,1,8,,11172.9081
traceE,fixed20,898,108.8,234.7,1,8,,11198.8409
traceE,fixed20,899,203.6,229.0,1,8,,11224.8329
traceE,fixed20,900,155.2,224.7,1,8,,11250.8989
traceE,fixed20,901,105.3,228.4,1,8,,11277.0439
traceE,fixed20,902,105.3,218.1,1,7,,11303.2478
traceE,fixed20,903,144.1,213.3,1,7,,11329.5315
traceE,fixed20,904,210.0,232.3,1,8,,11355.8701
traceE,fixed20,905,139.7,240.6,1,8,,11382.2916
traceE,fixed20,906,129.1,226.6,1,8,,11408.7785
traceE,fixed20,907,210.0,235.3,1,8,,11435.3386
traceE,fixed20,908,151.4,237.7,1,8,,11461.9842
traceE,fixed20,909,104.6,217.0,1,7,,11488.6905
traceE,fixed20,910,103.7,234.9,1,8,,11515.4802
traceE,fixed20,911,108.5,235.7,1,8,,11542.3286
traceE,fixed20,912,101.4,236.4,1,8,,11569.2599
traceE,fixed20,913,108.3,229.9,1,8,,11596.2630
traceE,fixed20,914,103.4,234.6,1,8,,11623.3379
traceE,fixed20,915,105.1,225.2,1,7,,11650.5037
traceE,fixed20,916,203.6,227.4,1,8,,11677.7321
traceE,fixed20,917,179.4,225.4,1,8,,11705.0461
traceE,fixed20,918,109.2,225.7,1,7,,11732.4227
traceE,fixed20,919,188.2,235.8,1,8,,11759.8813
traceE,fixed20,920,197.4,235.3,1,8,,11787.4174
traceE,fixed20,921,104.6,227.7,1,8,,11815.0236
traceE,fixed20,922,178.5,236.0,1,8,,11842.7248
traceE,fixed20,923,210.0,235.0,1,8,,11870.4909
traceE,fixed20,924,105.7,225.5,1,8,,11898.3431
traceE,fixed20,925,161.8,235.5,1,8,,11926.2622
traceE,fixed20,926,210.0,223.0,1,8,,11954.2609
traceE,fixed20,927,118.1,238.8,1,8,,11982.3425
traceE,fixed20,928,150.0,226.6,1,8,,12010.4923
traceE,fixed20,929,210.0,235.1,1,8,,12038.7396
traceE,fixed20,930,132.5,234.8,1,8,,12067.0544
traceE,fixed20,931,136.7,222.4,1,8,,12095.4543
traceE,fixed20,932,209.9,235.9,1,8,,12123.9254
traceE,fixed20,933,147.8,224.0,1,8,,12152.4729
traceE,fixed20,934,122.9,234.9,1,8,,12181.1076
traceE,fixed20,935,210.0,225.2,1,8,,12209.8089
traceE,fixed20,936,161.0,223.1,1,8,,12238.6083
traceE,fixed20,937,105.1,223.7,1,8,,12267.4782
traceE,fixed20,938,105.3,227.7,1,8,,12296.4309
traceE,fixed20,939,102.4,236.5,1,8,,12325.4587
traceE,fixed20,940,106.7,233.9,1,8,,12354.5592
traceE,fixed20,941,204.8,233.8,1,8,,12383.7500
traceE,fixed20,942,179.3,222.5,1,8,,12413.0059
traceE,fixed20,943,106.7,227.5,1,8,,12442.3591
traceE,fixed20,944,103.3,237.6,1,8,,12471.7857
traceE,fixed20,945,106.8,225.1,1,8,,12501.2916
traceE,fixed20,946,105.0,235.6,1,8,,12530.8760
traceE,fixed20,947,184.9,233.0,1,8,,12560.5292
traceE,fixed20,948,203.6,233.4,1,8,,12590.2742
traceE,fixed20,949,105.5,236.1,1,8,,12620.0835
traceE,fixed20,950,174.8,233.4,1,8,,12649.9872
traceE,fixed20,951,209.9,237.3,1,8,,12679.9673
traceE,fixed20,952,110.0,231.8,1,8,,12710.0225
traceE,fixed20,953,105.0,232.4,1,8,,12740.1587
traceE,fixed20,954,105.8,232.3,1,8,,12770.3598
traceE,fixed20,955,105.3,233.3,1,8,,12800.6527
traceE,fixed20,956,105.5,235.3,1,8,,12831.0094
traceE,fixed20,957,103.6,221.9,1,8,,12861.4561
traceE,fixed20,958,103.2,235.5,1,8,,12891.9819
traceE,fixed20,959,106.6,233.0,1,8,,12922.5781
traceE,fixed20,960,104.8,234.9,1,8,,12953.2567
traceE,fixed20,961,171.6,234.3,1,8,,12983.9965
traceE,fixed20,962,192.7,234.1,1,8,,13014.8265
traceE,fixed20,963,105.5,225.4,1,8,,13045.7201
traceE,fixed20,964,154.8,224.2,1,7,,13076.6981
traceE,fixed20,965,207.4,236.8,1,8,,13107.7572
traceE,fixed20,966,104.9,234.0,1,8,,13138.8819
traceE,fixed20,967,105.0,235.1,1,8,,13170.0892
traceE,fixed20,968,105.2,235.0,1,8,,13201.3543
traceE,fixed20,969,105.8,222.9,1,8,,13232.7063
traceE,fixed20,970,131.8,236.8,1,8,,13264.1222
traceE,fixed20,971,210.0,225.4,1,8,,13295.6157
traceE,fixed20,972,123.3,235.2,1,8,,13327.1917
traceE,fixed20,973,106.2,235.0,1,8,,13358.8284
traceE,fixed20,974,104.7,234.6,1,8,,13390.5465
traceE,fixed20,975,177.9,234.7,1,8,,13422.3196
traceE,fixed20,976,203.9,237.7,1,9,,13454.1747
traceE,fixed20,977,105.8,233.2,1,8,,13486.0942
traceE,fixed20,978,105.3,222.0,1,8,,13518.0837
traceE,fixed20,979,105.2,233.7,1,8,,13550.1561
traceE,fixed20,980,106.0,233.6,1,8,,13582.2848
traceE,fixed20,981,103.1,236.4,1,8,,13614.4921
traceE,fixed20,982,106.1,236.4,1,8,,13646.7523
traceE,fixed20,983,192.7,224.8,1,8,,13679.0881
traceE,fixed20,984,168.6,235.4,1,8,,13711.4887
traceE,fixed20,985,106.2,235.3,1,8,,13743.9516
traceE,fixed20,986,106.2,235.3,1,8,,13776.4965
traceE,fixed20,987,102.9,238.0,1,8,,13809.0938
traceE,fixed20,988,105.0,235.2,1,8,,13841.7654
traceE,fixed20,989,164.9,227.0,1,8,,13874.4883
traceE,fixed20,990,197.3,224.6,1,8,,13907.2795
traceE,fixed20,991,107.6,236.9,1,8,,13940.1354
traceE,fixed20,992,150.4,234.3,1,8,,13973.0460
traceE,fixed20,993,210.0,224.2,1,8,,14006.0365
traceE,fixed20,994,107.7,234.7,1,8,,14039.0760
traceE,fixed20,995,104.6,235.7,1,8,,14072.1843
traceE,fixed20,996,106.5,225.4,1,8,,14105.3427
traceE,fixed20,997,102.8,215.9,1,7,,14138.5612
traceE,fixed20,998,104.9,227.3,1,8,,14171.8440
traceE,fixed20,999,105.6,235.1,1,8,,14205.1742
traceE,bsf,0,198.3,1903.7,1,7,,1.6012
traceE,bsf,1,106.1,230.2,1,8,,1.5013
traceE,bsf,2,203.2,233.1,1,8,,1.2939
traceE,bsf,3,145.4,232.1,1,8,,1.0112
traceE,bsf,4,152.3,232.9,1,8,,0.7134
traceE,bsf,5,197.5,232.1,1,8,,0.4993
traceE,bsf,6,101.2,229.8,1,8,,0.3690
traceE,bsf,7,106.2,200.3,1,7,,0.2613
traceE,bsf,8,138.3,229.7,1,8,,0.1727
traceE,bsf,9,104.2,226.9,1,8,,0.1234
traceE,bsf,10,156.8,229.0,1,8,,0.0942
traceE,bsf,11,185.6,148.6,0,5,,0.0760
traceE,bsf,12,103.9,232.4,1,8,,0.0638
traceE,bsf,13,209.7,148.3,0,5,,0.0523
traceE,bsf,14,130.9,227.2,1,8,,0.0486
traceE,bsf,15,101.1,173.7,1,6,,0.0572
traceE,bsf,16,105.2,174.4,1,6,,0.0631
traceE,bsf,17,186.1,175.4,0,6,,0.0560
traceE,bsf,18,103.8,174.0,1,6,,0.0476
traceE,bsf,19,192.7,225.6,1,8,,0.0488
traceE,bsf,20,160.7,149.0,0,5,,0.0544
traceE,bsf,21,131.2,147.9,1,5,,0.0533
traceE,bsf,22,209.7,147.7,0,5,,0.0465
traceE,bsf,23,111.6,174.0,1,6,,0.0438
traceE,bsf,24,179.0,148.7,0,5,,0.0478
traceE,bsf,25,160.9,148.8,0,5,,0.0510
traceE,bsf,26,106.0,148.2,1,5,,0.0487
traceE,bsf,27,102.8,148.5,1,5,,0.0452
traceE,bsf,28,209.7,147.9,0,5,,0.0458
traceE,bsf,29,130.0,121.6,0,4,,0.0490
traceE,bsf,30,155.2,121.0,0,4,,0.0496
traceE,bsf,31,180.3,120.9,0,4,,0.0473
traceE,bsf,32,103.4,122.4,1,4,,0.0459
traceE,bsf,33,107.2,121.9,1,4,,0.0474
traceE,bsf,34,193.1,120.9,0,4,,0.0489
traceE,bsf,35,150.3,121.5,0,4,,0.0483
traceE,bsf,36,143.4,122.0,0,4,,0.0468
traceE,bsf,37,199.2,121.6,0,4,,0.0468
traceE,bsf,38,106.8,121.8,1,4,,0.0480
traceE,bsf,39,104.0,121.4,1,4,,0.0484
traceE,bsf,40,104.6,121.6,1,4,,0.0476
traceE,bsf,41,106.8,121.7,1,4,,0.0470
traceE,bsf,42,104.9,122.3,1,4,,0.0474
traceE,bsf,43,103.2,121.8,1,4,,0.0480
traceE,bsf,44,105.4,121.4,1,4,,0.0479
traceE,bsf,45,166.9,122.3,0,4,,0.0474
traceE,bsf,46,168.3,121.0,0,4,,0.0473
traceE,bsf,47,113.9,120.6,1,4,,0.0477
traceE,bsf,48,209.7,121.1,0,4,,0.0479
traceE,bsf,49,121.9,121.5,0,4,,0.0477
traceE,bsf,50,103.1,121.4,1,4,,0.0474
traceE,bsf,51,106.7,122.1,1,4,,0.0475
traceE,bsf,52,111.6,120.9,1,4,,0.0477
traceE,bsf,53,209.7,121.6,0,4,,0.0477
traceE,bsf,54,118.0,122.6,1,4,,0.0476
traceE,bsf,55,168.6,122.2,0,4,,0.0475
traceE,bsf,56,170.0,122.0,0,4,,0.0476
traceE,bsf,57,106.9,121.0,1,4,,0.0477
traceE,bsf,58,103.3,121.0,1,4,,0.0476
traceE,bsf,59,106.2,122.6,1,4,,0.0476
traceE,bsf,60,165.7,121.8,0,4,,0.0476
traceE,bsf,61,169.5,123.3,0,4,,0.0476
traceE,bsf,62,114.4,122.5,1,4,,0.0477
traceE,bsf,63,209.7,121.5,0,4,,0.0476
traceE,bsf,64,122.9,121.7,0,4,,0.0476
traceE,bsf,65,162.7,121.5,0,4,,0.0476
traceE,bsf,66,173.6,122.8,0,4,,0.0476
traceE,bsf,67,111.6,121.5,1,4,,0.0476
traceE,bsf,68,209.7,121.4,0,4,,0.0476
traceE,bsf,69,122.5,121.4,0,4,,0.0476
traceE,bsf,70,166.6,122.3,0,4,,0.0476
traceE,bsf,71,174.0,121.7,0,4,,0.0476
traceE,bsf,72,104.8,121.6,1,4,,0.0476
traceE,bsf,73,105.6,121.4,1,4,,0.0476
traceE,bsf,74,103.7,121.6,1,4,,0.0476
traceE,bsf,75,161.2,121.3,0,4,,0.0476
traceE,bsf,76,173.2,121.3,0,4,,0.0476
traceE,bsf,77,102.5,120.9,1,4,,0.0476
traceE,bsf,78,106.3,121.2,1,4,,0.0476
traceE,bsf,79,197.1,121.4,0,4,,0.0476
traceE,bsf,80,148.6,121.2,0,4,,0.0476
traceE,bsf,81,143.2,120.9,0,4,,0.0476
traceE,bsf,82,203.5,121.5,0,4,,0.0476
traceE,bsf,83,102.9,122.6,1,4,,0.0476
traceE,bsf,84,192.0,121.2,0,4,,0.0476
traceE,bsf,85,149.7,121.9,0,4,,0.0476
traceE,bsf,86,143.1,121.5,0,4,,0.0476
traceE,bsf,87,203.4,122.5,0,4,,0.0476
traceE,bsf,88,104.6,120.1,1,4,,0.0476
traceE,bsf,89,190.8,122.0,0,4,,0.0476
traceE,bsf,90,151.6,121.9,0,4,,0.0476
traceE,bsf,91,140.3,120.6,0,4,,0.0476
traceE,bsf,92,203.5,121.2,0,4,,0.0476
traceE,bsf,93,105.1,122.8,1,4,,0.0476
traceE,bsf,94,105.8,121.8,1,4,,0.0476
traceE,bsf,95,161.1,122.3,0,4,,0.0476
traceE,bsf,96,172.3,121.5,0,4,,0.0476
traceE,bsf,97,113.5,121.9,1,4,,0.0476
traceE,bsf,98,209.7,121.7,0,4,,0.0476
traceE,bsf,99,122.4,122.2,0,4,,0.0476
traceE,bsf,100,104.0,121.5,1,4,,0.0476
traceE,bsf,101,104.8,120.6,1,4,,0.0476
traceE,bsf,102,106.4,120.3,1,4,,0.0476
traceE,bsf,103,104.8,120.5,1,4,,0.0476
traceE,bsf,104,197.2,121.8,0,4,,0.0476
traceE,bsf,105,144.6,120.7,0,4,,0.0476
traceE,bsf,106,106.8,121.1,1,4,,0.0476
traceE,bsf,107,104.4,120.0,1,4,,0.0476
traceE,bsf,108,103.7,121.7,1,4,,0.0476
traceE,bsf,109,203.5,120.6,0,4,,0.0476
traceE,bsf,110,143.6,120.4,0,4,,0.0476
traceE,bsf,111,148.4,122.1,0,4,,0.0476
traceE,bsf,112,191.5,120.3,0,4,,0.0476
traceE,bsf,113,106.3,121.6,1,4,,0.0476
traceE,bsf,114,106.0,122.0,1,4,,0.0476
traceE,bsf,115,172.0,119.9,0,4,,0.0476
traceE,bsf,116,167.1,120.0,0,4,,0.0476
traceE,bsf,117,119.0,120.6,1,4,,0.0476
traceE,bsf,118,209.7,120.7,0,4,,0.0476
traceE,bsf,119,116.6,121.3,1,4,,0.0476
traceE,bsf,120,172.2,120.6,0,4,,0.0476
traceE,bsf,121,168.0,120.1,0,4,,0.0476
traceE,bsf,122,103.1,120.7,1,4,,0.0476
traceE,bsf,123,105.0,121.2,1,4,,0.0476
traceE,bsf,124,104.6,120.9,1,4,,0.0476
traceE,bsf,125,106.5,121.2,1,4,,0.0476
traceE,bsf,126,149.3,121.3,0,4,,0.0476
traceE,bsf,127,190.9,121.5,0,4,,0.0476
traceE,bsf,128,102.9,121.3,1,4,,0.0476
traceE,bsf,129,203.4,120.7,0,4,,0.0476
traceE,bsf,130,139.3,121.9,0,4,,0.0476
traceE,bsf,131,153.6,121.4,0,4,,0.0476
traceE,bsf,132,191.0,121.2,0,4,,0.0476
traceE,bsf,133,106.7,121.5,1,4,,0.0476
traceE,bsf,134,205.1,121.6,0,4,,0.0476
traceE,bsf,135,139.5,122.7,0,4,,0.0476
traceE,bsf,136,148.5,122.9,0,4,,0.0476
traceE,bsf,137,191.2,121.4,0,4,,0.0476
traceE,bsf,138,104.9,121.0,1,4,,0.0476
traceE,bsf,139,107.3,120.9,1,4,,0.0476
traceE,bsf,140,103.2,122.3,1,4,,0.0476
traceE,bsf,141,155.4,122.1,0,4,,0.0476
traceE,bsf,142,185.1,122.6,0,4,,0.0476
traceE,bsf,143,107.7,121.1,1,4,,0.0476
traceE,bsf,144,103.0,121.9,1,4,,0.0476
traceE,bsf,145,179.3,121.5,0,4,,0.0476
traceE,bsf,146,159.4,121.2,0,4,,0.0476
traceE,bsf,147,104.5,121.5,1,4,,0.0476
traceE,bsf,148,107.4,121.3,1,4,,0.0476
traceE,bsf,149,203.5,121.4,0,4,,0.0476
traceE,bsf,150,135.6,122.2,0,4,,0.0476
traceE,bsf,151,105.9,121.2,1,4,,0.0476
traceE,bsf,152,125.3,122.3,0,4,,0.0476
traceE,bsf,153,209.7,121.1,0,4,,0.0476
traceE,bsf,154,111.2,121.7,1,4,,0.0476
traceE,bsf,155,179.9,121.8,0,4,,0.0476
traceE,bsf,156,163.1,121.9,0,4,,0.0476
traceE,bsf,157,127.5,120.7,0,4,,0.0476
traceE,bsf,158,209.7,121.4,0,4,,0.0476
traceE,bsf,159,112.1,121.3,1,4,,0.0476
traceE,bsf,160,103.9,121.9,1,4,,0.0476
traceE,bsf,161,104.9,122.3,1,4,,0.0476
traceE,bsf,162,123.2,121.3,0,4,,0.0476
traceE,bsf,163,209.7,121.7,0,4,,0.0476
traceE,bsf,164,111.2,121.7,1,4,,0.0476
traceE,bsf,165,105.1,121.7,1,4,,0.0476
traceE,bsf,166,103.1,121.3,1,4,,0.0476
traceE,bsf,167,127.2,121.5,0,4,,0.0476
traceE,bsf,168,209.7,122.7,0,4,,0.0476
traceE,bsf,169,112.9,121.8,1,4,,0.0476
traceE,bsf,170,178.5,121.2,0,4,,0.0476
traceE,bsf,171,168.6,121.2,0,4,,0.0476
traceE,bsf,172,101.3,120.6,1,4,,0.0476
traceE,bsf,173,106.5,121.2,1,4,,0.0476
traceE,bsf,174,203.4,120.9,0,4,,0.0476
traceE,bsf,175,140.7,121.1,0,4,,0.0476
traceE,bsf,176,149.3,121.7,0,4,,0.0476
traceE,bsf,177,191.3,121.5,0,4,,0.0476
traceE,bsf,178,103.8,122.6,1,4,,0.0476
traceE,bsf,179,105.6,121.6,1,4,,0.0476
traceE,bsf,180,179.5,123.1,0,4,,0.0476
traceE,bsf,181,162.1,123.8,0,4,,0.0476
traceE,bsf,182,104.3,123.4,1,4,,0.0476
traceE,bsf,183,105.7,121.3,1,4,,0.0476
traceE,bsf,184,106.3,121.2,1,4,,0.0476
traceE,bsf,185,105.0,123.0,1,4,,0.0476
traceE,bsf,186,157.3,124.1,0,4,,0.0476
traceE,bsf,187,184.6,120.9,0,4,,0.0476
traceE,bsf,188,102.5,121.6,1,4,,0.0476
traceE,bsf,189,209.7,121.6,0,4,,0.0476
traceE,bsf,190,131.0,122.6,0,4,,0.0476
traceE,bsf,191,156.4,123.1,0,4,,0.0476
traceE,bsf,192,183.3,122.7,0,4,,0.0476
traceE,bsf,193,106.2,122.8,1,4,,0.0476
traceE,bsf,194,205.1,122.5,0,4,,0.0476
traceE,bsf,195,130.7,122.4,0,4,,0.0476
traceE,bsf,196,153.5,123.7,0,4,,0.0476
traceE,bsf,197,184.4,123.6,0,4,,0.0476
traceE,bsf,198,102.5,121.7,1,4,,0.0476
traceE,bsf,199,105.0,122.1,1,4,,0.0476
traceE,bsf,200,185.7,121.6,0,4,,0.0476
traceE,bsf,201,162.2,122.1,0,4,,0.0476
traceE,bsf,202,100.1,121.5,1,4,,0.0476
traceE,bsf,203,106.0,121.9,1,4,,0.0476
traceE,bsf,204,209.7,120.8,0,4,,0.0476
traceE,bsf,205,130.2,121.5,0,4,,0.0476
traceE,bsf,206,155.2,121.6,0,4,,0.0476
traceE,bsf,207,186.3,122.4,0,4,,0.0476
traceE,bsf,208,101.6,121.6,1,4,,0.0476
traceE,bsf,209,105.6,122.6,1,4,,0.0476
traceE,bsf,210,185.7,123.6,0,4,,0.0476
traceE,bsf,211,158.4,122.5,0,4,,0.0476
traceE,bsf,212,132.5,123.0,0,4,,0.0476
traceE,bsf,213,209.7,121.9,0,4,,0.0476
traceE,bsf,214,108.7,121.4,1,4,,0.0476
traceE,bsf,215,186.0,122.0,0,4,,0.0476
traceE,bsf,216,155.4,122.2,0,4,,0.0476
traceE,bsf,217,106.6,121.9,1,4,,0.0476
traceE,bsf,218,104.4,122.6,1,4,,0.0476
traceE,bsf,219,103.3,123.6,1,4,,0.0476
traceE,bsf,220,108.4,121.9,1,4,,0.0476
traceE,bsf,221,105.2,122.2,1,4,,0.0476
traceE,bsf,222,100.7,120.6,1,4,,0.0476
traceE,bsf,223,107.4,121.5,1,4,,0.0476
traceE,bsf,224,103.4,121.0,1,4,,0.0476
traceE,bsf,225,186.4,121.6,0,4,,0.0476
traceE,bsf,226,158.9,121.2,0,4,,0.0476
traceE,bsf,227,107.7,121.2,1,4,,0.0476
traceE,bsf,228,104.3,120.6,1,4,,0.0476
traceE,bsf,229,103.5,121.5,1,4,,0.0476
traceE,bsf,230,105.2,122.1,1,4,,0.0476
traceE,bsf,231,105.1,121.6,1,4,,0.0476
traceE,bsf,232,132.8,122.2,0,4,,0.0476
traceE,bsf,233,209.6,122.4,0,4,,0.0476
traceE,bsf,234,105.4,121.7,1,4,,0.0476
traceE,bsf,235,103.1,122.0,1,4,,0.0476
traceE,bsf,236,160.0,121.5,0,4,,0.0476
traceE,bsf,237,180.0,121.1,0,4,,0.0476
traceE,bsf,238,105.0,121.5,1,4,,0.0476
traceE,bsf,239,209.7,121.7,0,4,,0.0476
traceE,bsf,240,126.9,121.8,0,4,,0.0476
traceE,bsf,241,106.8,121.0,1,4,,0.0476
traceE,bsf,242,137.6,123.0,0,4,,0.0476
traceE,bsf,243,203.4,121.7,0,4,,0.0476
traceE,bsf,244,106.8,121.7,1,4,,0.0476
traceE,bsf,245,193.3,121.3,0,4,,0.0476
traceE,bsf,246,147.8,121.6,0,4,,0.0476
traceE,bsf,247,108.6,121.5,1,4,,0.0476
traceE,bsf,248,101.1,121.6,1,4,,0.0476
traceE,bsf,249,105.2,122.0,1,4,,0.0476
traceE,bsf,250,107.1,120.8,1,4,,0.0476
traceE,bsf,251,102.8,121.7,1,4,,0.0476
traceE,bsf,252,103.3,121.9,1,4,,0.0476
traceE,bsf,253,115.3,121.5,1,4,,0.0476
traceE,bsf,254,209.7,121.5,0,4,,0.0476
traceE,bsf,255,120.3,121.4,1,4,,0.0476
traceE,bsf,256,165.9,121.3,0,4,,0.0476
traceE,bsf,257,167.3,121.2,0,4,,0.0476
traceE,bsf,258,113.4,122.3,1,4,,0.0476
traceE,bsf,259,209.7,121.6,0,4,,0.0476
traceE,bsf,260,119.0,121.0,1,4,,0.0476
traceE,bsf,261,165.8,122.4,0,4,,0.0476
traceE,bsf,262,168.8,121.6,0,4,,0.0476
traceE,bsf,263,117.8,121.5,1,4,,0.0476
traceE,bsf,264,209.7,121.1,0,4,,0.0476
traceE,bsf,265,102.3,121.3,1,4,,0.0476
traceE,bsf,266,102.3,121.8,1,4,,0.0476
traceE,bsf,267,126.0,121.2,0,4,,0.0476
traceE,bsf,268,209.7,121.4,0,4,,0.0476
traceE,bsf,269,126.2,121.4,0,4,,0.0476
traceE,bsf,270,129.3,122.2,0,4,,0.0476
traceE,bsf,271,209.7,122.8,0,4,,0.0476
traceE,bsf,272,143.0,122.0,0,4,,0.0476
traceE,bsf,273,103.9,123.5,1,4,,0.0476
traceE,bsf,274,102.3,124.0,1,4,,0.0476
traceE,bsf,275,159.3,122.6,0,4,,0.0476
traceE,bsf,276,209.7,122.3,0,4,,0.0476
traceE,bsf,277,104.7,121.4,1,4,,0.0476
traceE,bsf,278,104.8,121.9,1,4,,0.0476
traceE,bsf,279,106.4,121.4,1,4,,0.0476
traceE,bsf,280,102.7,121.6,1,4,,0.0476
traceE,bsf,281,137.3,121.5,0,4,,0.0476
traceE,bsf,282,209.7,121.7,0,4,,0.0476
traceE,bsf,283,129.7,122.0,0,4,,0.0476
traceE,bsf,284,102.8,122.5,1,4,,0.0476
traceE,bsf,285,104.8,121.2,1,4,,0.0476
traceE,bsf,286,179.8,121.0,0,4,,0.0476
traceE,bsf,287,203.4,121.6,0,4,,0.0476
traceE,bsf,288,101.4,121.7,1,4,,0.0476
traceE,bsf,289,106.4,121.2,1,4,,0.0476
traceE,bsf,290,104.9,121.3,1,4,,0.0476
traceE,bsf,291,106.9,122.6,1,4,,0.0476
traceE,bsf,292,147.8,121.2,0,4,,0.0476
traceE,bsf,293,209.7,121.6,0,4,,0.0476
traceE,bsf,294,126.1,121.8,0,4,,0.0476
traceE,bsf,295,136.3,121.9,0,4,,0.0476
traceE,bsf,296,209.3,122.0,0,4,,0.0476
traceE,bsf,297,133.3,121.8,0,4,,0.0476
traceE,bsf,298,104.7,121.2,1,4,,0.0476
traceE,bsf,299,104.7,122.1,1,4,,0.0476
traceE,bsf,300,166.2,121.7,0,4,,0.0476
traceE,bsf,301,198.2,121.4,0,4,,0.0476
traceE,bsf,302,105.1,121.5,1,4,,0.0476
traceE,bsf,303,155.0,121.6,0,4,,0.0476
traceE,bsf,304,209.7,120.8,0,4,,0.0476
traceE,bsf,305,109.7,121.5,1,4,,0.0476
traceE,bsf,306,143.1,120.4,0,4,,0.0476
traceE,bsf,307,209.7,121.8,0,4,,0.0476
traceE,bsf,308,122.5,122.1,0,4,,0.0476
traceE,bsf,309,126.3,121.9,0,4,,0.0476
traceE,bsf,310,209.7,121.8,0,4,,0.0476
traceE,bsf,311,135.5,121.9,0,4,,0.0476
traceE,bsf,312,114.5,121.2,1,4,,0.0476
traceE,bsf,313,209.7,122.0,0,4,,0.0476
traceE,bsf,314,150.2,121.6,0,4,,0.0476
traceE,bsf,315,106.7,121.8,1,4,,0.0476
traceE,bsf,316,203.4,122.9,0,4,,0.0476
traceE,bsf,317,163.3,122.0,0,4,,0.0476
traceE,bsf,318,104.3,121.0,1,4,,0.0476
traceE,bsf,319,105.6,121.7,1,4,,0.0476
traceE,bsf,320,107.5,121.1,1,4,,0.0476
traceE,bsf,321,102.4,120.9,1,4,,0.0476
traceE,bsf,322,189.1,120.4,0,4,,0.0476
traceE,bsf,323,185.0,121.2,0,4,,0.0476
traceE,bsf,324,102.3,121.3,1,4,,0.0476
traceE,bsf,325,106.0,121.3,1,4,,0.0476
traceE,bsf,326,119.3,120.3,1,4,,0.0476
traceE,bsf,327,209.7,121.1,0,4,,0.0476
traceE,bsf,328,155.9,120.7,0,4,,0.0476
traceE,bsf,329,103.7,119.9,1,4,,0.0476
traceE,bsf,330,103.8,121.1,1,4,,0.0476
traceE,bsf,331,108.7,120.6,1,4,,0.0476
traceE,bsf,332,102.7,120.7,1,4,,0.0476
traceE,bsf,333,204.9,120.3,0,4,,0.0476
traceE,bsf,334,174.2,119.9,0,4,,0.0476
traceE,bsf,335,106.5,120.6,1,4,,0.0476
traceE,bsf,336,105.4,119.6,1,4,,0.0476
traceE,bsf,337,104.5,121.0,1,4,,0.0476
traceE,bsf,338,105.3,121.0,1,4,,0.0476
traceE,bsf,339,102.6,120.4,1,4,,0.0476
traceE,bsf,340,106.2,121.1,1,4,,0.0476
traceE,bsf,341,104.4,120.9,1,4,,0.0476
traceE,bsf,342,104.0,120.4,1,4,,0.0476
traceE,bsf,343,108.3,120.2,1,4,,0.0476
traceE,bsf,344,203.4,120.8,0,4,,0.0476
traceE,bsf,345,161.0,120.4,0,4,,0.0476
traceE,bsf,346,106.0,121.3,1,4,,0.0476
traceE,bsf,347,191.7,121.2,0,4,,0.0476
traceE,bsf,348,173.8,121.0,0,4,,0.0476
traceE,bsf,349,107.1,120.3,1,4,,0.0476
traceE,bsf,350,179.0,121.9,0,4,,0.0476
traceE,bsf,351,190.8,120.5,0,4,,0.0476
traceE,bsf,352,103.9,121.3,1,4,,0.0476
traceE,bsf,353,166.9,120.6,0,4,,0.0476
traceE,bsf,354,203.4,121.2,0,4,,0.0476
traceE,bsf,355,103.9,121.6,1,4,,0.0476
traceE,bsf,356,106.6,121.1,1,4,,0.0476
traceE,bsf,357,100.2,122.4,1,4,,0.0476
traceE,bsf,358,203.4,121.4,0,4,,0.0476
traceE,bsf,359,140.2,122.0,0,4,,0.0476
traceE,bsf,360,106.3,121.4,1,4,,0.0476
traceE,bsf,361,104.5,121.1,1,4,,0.0476
traceE,bsf,362,104.2,121.2,1,4,,0.0476
traceE,bsf,363,105.2,122.0,1,4,,0.0476
traceE,bsf,364,103.3,121.4,1,4,,0.0476
traceE,bsf,365,105.1,122.1,1,4,,0.0476
traceE,bsf,366,106.2,121.6,1,4,,0.0476
traceE,bsf,367,104.7,121.3,1,4,,0.0476
traceE,bsf,368,207.6,120.7,0,4,,0.0476
traceE,bsf,369,138.2,121.1,0,4,,0.0476
traceE,bsf,370,155.1,121.5,0,4,,0.0476
traceE,bsf,371,190.9,122.4,0,4,,0.0476
traceE,bsf,372,104.4,121.4,1,4,,0.0476
traceE,bsf,373,206.1,121.8,0,4,,0.0476
traceE,bsf,374,137.3,121.9,0,4,,0.0476
traceE,bsf,375,153.9,122.0,0,4,,0.0476
traceE,bsf,376,192.0,121.7,0,4,,0.0476
traceE,bsf,377,106.1,121.6,1,4,,0.0476
traceE,bsf,378,105.3,121.9,1,4,,0.0476
traceE,bsf,379,174.7,122.3,0,4,,0.0476
traceE,bsf,380,157.0,121.3,0,4,,0.0476
traceE,bsf,381,108.1,122.1,1,4,,0.0476
traceE,bsf,382,103.0,122.1,1,4,,0.0476
traceE,bsf,383,209.7,121.5,0,4,,0.0476
traceE,bsf,384,136.0,121.8,0,4,,0.0476
traceE,bsf,385,107.6,121.6,1,4,,0.0476
traceE,bsf,386,123.4,121.6,0,4,,0.0476
traceE,bsf,387,209.7,121.6,0,4,,0.0476
traceE,bsf,388,105.9,121.7,1,4,,0.0476
traceE,bsf,389,105.6,122.0,1,4,,0.0476
traceE,bsf,390,107.0,122.6,1,4,,0.0476
traceE,bsf,391,101.3,121.7,1,4,,0.0476
traceE,bsf,392,106.7,121.2,1,4,,0.0476
traceE,bsf,393,104.2,121.8,1,4,,0.0476
traceE,bsf,394,105.6,121.7,1,4,,0.0476
traceE,bsf,395,153.8,121.9,0,4,,0.0476
traceE,bsf,396,191.0,121.8,0,4,,0.0476
traceE,bsf,397,103.6,121.5,1,4,,0.0476
traceE,bsf,398,209.7,121.3,0,4,,0.0476
traceE,bsf,399,137.6,123.5,0,4,,0.0476
traceE,bsf,400,104.1,121.5,1,4,,0.0476
traceE,bsf,401,104.8,121.5,1,4,,0.0476
traceE,bsf,402,107.3,121.5,1,4,,0.0476
traceE,bsf,403,105.1,122.0,1,4,,0.0476
traceE,bsf,404,102.8,120.8,1,4,,0.0476
traceE,bsf,405,160.5,122.2,0,4,,0.0476
traceE,bsf,406,185.8,123.0,0,4,,0.0476
traceE,bsf,407,106.6,121.5,1,4,,0.0476
traceE,bsf,408,209.7,122.1,0,4,,0.0476
traceE,bsf,409,136.1,121.6,0,4,,0.0476
traceE,bsf,410,159.9,121.8,0,4,,0.0476
traceE,bsf,411,190.8,121.4,0,4,,0.0476
traceE,bsf,412,105.3,122.0,1,4,,0.0476
traceE,bsf,413,101.9,121.7,1,4,,0.0476
traceE,bsf,414,105.4,122.3,1,4,,0.0476
traceE,bsf,415,105.4,120.7,1,4,,0.0476
traceE,bsf,416,129.8,121.7,0,4,,0.0476
traceE,bsf,417,203.5,121.7,0,4,,0.0476
traceE,bsf,418,106.8,121.6,1,4,,0.0476
traceE,bsf,419,104.6,121.2,1,4,,0.0476
traceE,bsf,420,160.4,122.1,0,4,,0.0476
traceE,bsf,421,186.3,121.6,0,4,,0.0476
traceE,bsf,422,104.5,121.6,1,4,,0.0476
traceE,bsf,423,104.3,121.2,1,4,,0.0476
traceE,bsf,424,104.2,121.7,1,4,,0.0476
traceE,bsf,425,108.1,121.8,1,4,,0.0476
traceE,bsf,426,104.4,122.0,1,4,,0.0476
traceE,bsf,427,102.3,121.1,1,4,,0.0476
traceE,bsf,428,106.2,122.3,1,4,,0.0476
traceE,bsf,429,190.9,121.3,0,4,,0.0476
traceE,bsf,430,144.7,121.7,0,4,,0.0476
traceE,bsf,431,104.8,121.9,1,4,,0.0476
traceE,bsf,432,116.2,121.8,1,4,,0.0476
traceE,bsf,433,209.7,121.6,0,4,,0.0476
traceE,bsf,434,124.4,121.3,0,4,,0.0476
traceE,bsf,435,171.3,122.1,0,4,,0.0476
traceE,bsf,436,175.3,121.6,0,4,,0.0476
traceE,bsf,437,119.0,121.4,1,4,,0.0476
traceE,bsf,438,209.7,122.5,0,4,,0.0476
traceE,bsf,439,126.4,121.8,0,4,,0.0476
traceE,bsf,440,170.7,123.1,0,4,,0.0476
traceE,bsf,441,179.1,122.6,0,4,,0.0476
traceE,bsf,442,116.4,122.0,1,4,,0.0476
traceE,bsf,443,209.7,122.6,0,4,,0.0476
traceE,bsf,444,122.5,121.9,0,4,,0.0476
traceE,bsf,445,172.0,121.9,0,4,,0.0476
traceE,bsf,446,179.0,121.8,0,4,,0.0476
traceE,bsf,447,103.1,121.9,1,4,,0.0476
traceE,bsf,448,104.7,121.9,1,4,,0.0476
traceE,bsf,449,190.9,121.2,0,4,,0.0476
traceE,bsf,450,146.0,121.6,0,4,,0.0476
traceE,bsf,451,107.5,121.2,1,4,,0.0476
traceE,bsf,452,103.6,121.5,1,4,,0.0476
traceE,bsf,453,104.4,122.2,1,4,,0.0476
traceE,bsf,454,190.8,121.5,0,4,,0.0476
traceE,bsf,455,142.8,122.0,0,4,,0.0476
traceE,bsf,456,136.5,122.1,0,4,,0.0476
traceE,bsf,457,197.1,121.2,0,4,,0.0476
traceE,bsf,458,105.6,121.2,1,4,,0.0476
traceE,bsf,459,104.4,121.6,1,4,,0.0476
traceE,bsf,460,104.6,121.9,1,4,,0.0476
traceE,bsf,461,136.3,121.4,0,4,,0.0476
traceE,bsf,462,197.1,121.6,0,4,,0.0476
traceE,bsf,463,103.3,122.3,1,4,,0.0476
traceE,bsf,464,103.3,121.6,1,4,,0.0476
traceE,bsf,465,105.2,121.6,1,4,,0.0476
traceE,bsf,466,107.0,122.0,1,4,,0.0476
traceE,bsf,467,119.7,121.7,1,4,,0.0476
traceE,bsf,468,209.7,121.6,0,4,,0.0476
traceE,bsf,469,124.6,121.0,0,4,,0.0476
traceE,bsf,470,171.8,123.0,0,4,,0.0476
traceE,bsf,471,174.9,122.0,0,4,,0.0476
traceE,bsf,472,106.8,123.5,1,4,,0.0476
traceE,bsf,473,103.0,119.9,1,4,,0.0476
traceE,bsf,474,105.3,122.4,1,4,,0.0476
traceE,bsf,475,103.8,122.3,1,4,,0.0476
traceE,bsf,476,143.2,121.5,0,4,,0.0476
traceE,bsf,477,190.8,122.0,0,4,,0.0476
traceE,bsf,478,103.8,121.4,1,4,,0.0476
traceE,bsf,479,104.0,122.1,1,4,,0.0476
traceE,bsf,480,174.1,121.9,0,4,,0.0476
traceE,bsf,481,174.2,122.3,0,4,,0.0476
traceE,bsf,482,123.4,122.8,0,4,,0.0476
traceE,bsf,483,209.7,121.5,0,4,,0.0476
traceE,bsf,484,125.7,121.8,0,4,,0.0476
traceE,bsf,485,103.2,122.9,1,4,,0.0476
traceE,bsf,486,107.5,121.2,1,4,,0.0476
traceE,bsf,487,125.3,121.4,0,4,,0.0476
traceE,bsf,488,209.7,122.0,0,4,,0.0476
traceE,bsf,489,120.2,121.7,1,4,,0.0476
traceE,bsf,490,176.9,122.2,0,4,,0.0476
traceE,bsf,491,173.5,121.5,0,4,,0.0476
traceE,bsf,492,123.0,121.5,0,4,,0.0476
traceE,bsf,493,209.7,121.4,0,4,,0.0476
traceE,bsf,494,120.4,121.5,1,4,,0.0476
traceE,bsf,495,173.2,121.8,0,4,,0.0476
traceE,bsf,496,173.3,121.7,0,4,,0.0476
traceE,bsf,497,126.1,121.6,0,4,,0.0476
traceE,bsf,498,209.7,122.3,0,4,,0.0476
traceE,bsf,499,121.6,121.6,0,4,,0.0476
traceE,bsf,500,181.7,121.3,0,4,,0.0476
traceE,bsf,501,168.0,122.2,0,4,,0.0476
traceE,bsf,502,127.0,121.0,0,4,,0.0476
traceE,bsf,503,209.7,121.9,0,4,,0.0476
traceE,bsf,504,117.8,122.0,1,4,,0.0476
traceE,bsf,505,103.4,121.4,1,4,,0.0476
traceE,bsf,506,149.6,121.3,0,4,,0.0476
traceE,bsf,507,184.5,121.5,0,4,,0.0476
traceE,bsf,508,105.8,121.5,1,4,,0.0476
traceE,bsf,509,197.1,121.6,0,4,,0.0476
traceE,bsf,510,130.9,120.6,0,4,,0.0476
traceE,bsf,511,145.4,121.5,0,4,,0.0476
traceE,bsf,512,184.6,121.6,0,4,,0.0476
traceE,bsf,513,103.0,122.2,1,4,,0.0476
traceE,bsf,514,197.0,122.3,0,4,,0.0476
traceE,bsf,515,134.8,122.1,0,4,,0.0476
traceE,bsf,516,103.3,121.8,1,4,,0.0476
traceE,bsf,517,102.9,121.4,1,4,,0.0476
traceE,bsf,518,106.1,121.5,1,4,,0.0476
traceE,bsf,519,197.1,121.4,0,4,,0.0476
traceE,bsf,520,197.1,122.0,0,4,,0.0476
traceE,bsf,521,104.2,122.1,1,4,,0.0476
traceE,bsf,522,103.4,122.1,1,4,,0.0476
traceE,bsf,523,103.6,122.5,1,4,,0.0476
traceE,bsf,524,135.8,121.9,0,4,,0.0476
traceE,bsf,525,197.2,120.9,0,4,,0.0476
traceE,bsf,526,104.1,120.7,1,4,,0.0476
traceE,bsf,527,186.1,121.3,0,4,,0.0476
traceE,bsf,528,146.8,121.6,0,4,,0.0476
traceE,bsf,529,103.5,122.1,1,4,,0.0476
traceE,bsf,530,120.2,121.5,1,4,,0.0476
traceE,bsf,531,209.6,122.1,0,4,,0.0476
traceE,bsf,532,129.4,122.3,0,4,,0.0476
traceE,bsf,533,169.2,121.5,0,4,,0.0476
traceE,bsf,534,180.7,121.3,0,4,,0.0476
traceE,bsf,535,117.2,120.6,1,4,,0.0476
traceE,bsf,536,209.7,121.4,0,4,,0.0476
traceE,bsf,537,125.1,122.5,0,4,,0.0476
traceE,bsf,538,174.8,121.5,0,4,,0.0476
traceE,bsf,539,180.0,121.9,0,4,,0.0476
traceE,bsf,540,121.7,121.8,1,4,,0.0476
traceE,bsf,541,209.7,121.4,0,4,,0.0476
traceE,bsf,542,157.4,121.3,0,4,,0.0476
traceE,bsf,543,110.3,121.4,1,4,,0.0476
traceE,bsf,544,209.4,121.4,0,4,,0.0476
traceE,bsf,545,167.7,121.8,0,4,,0.0476
traceE,bsf,546,104.7,122.6,1,4,,0.0476
traceE,bsf,547,203.4,120.9,0,4,,0.0476
traceE,bsf,548,185.6,120.8,0,4,,0.0476
traceE,bsf,549,105.8,121.4,1,4,,0.0476
traceE,bsf,550,187.0,122.4,0,4,,0.0476
traceE,bsf,551,197.1,121.8,0,4,,0.0476
traceE,bsf,552,107.1,122.4,1,4,,0.0476
traceE,bsf,553,173.4,120.6,0,4,,0.0476
traceE,bsf,554,209.1,121.3,0,4,,0.0476
traceE,bsf,555,110.8,120.2,1,4,,0.0476
traceE,bsf,556,103.1,120.3,1,4,,0.0476
traceE,bsf,557,107.0,120.9,1,4,,0.0476
traceE,bsf,558,102.6,120.5,1,4,,0.0476
traceE,bsf,559,104.9,120.3,1,4,,0.0476
traceE,bsf,560,108.0,120.3,1,4,,0.0476
traceE,bsf,561,101.2,120.0,1,4,,0.0476
traceE,bsf,562,136.1,120.8,0,4,,0.0476
traceE,bsf,563,209.7,120.4,0,4,,0.0476
traceE,bsf,564,149.3,120.8,0,4,,0.0476
traceE,bsf,565,120.6,121.4,1,4,,0.0476
traceE,bsf,566,209.7,119.7,0,4,,0.0476
traceE,bsf,567,161.5,120.2,0,4,,0.0476
traceE,bsf,568,105.5,120.5,1,4,,0.0476
traceE,bsf,569,209.7,120.9,0,4,,0.0476
traceE,bsf,570,172.6,121.0,0,4,,0.0476
traceE,bsf,571,107.0,119.9,1,4,,0.0476
traceE,bsf,572,102.3,121.0,1,4,,0.0476
traceE,bsf,573,127.8,120.4,0,4,,0.0476
traceE,bsf,574,209.6,120.0,0,4,,0.0476
traceE,bsf,575,128.8,120.3,0,4,,0.0476
traceE,bsf,576,104.4,120.4,1,4,,0.0476
traceE,bsf,577,103.5,121.2,1,4,,0.0476
traceE,bsf,578,178.3,120.9,0,4,,0.0476
traceE,bsf,579,209.7,121.4,0,4,,0.0476
traceE,bsf,580,107.3,121.5,1,4,,0.0476
traceE,bsf,581,159.6,121.2,0,4,,0.0476
traceE,bsf,582,209.7,121.5,0,4,,0.0476
traceE,bsf,583,119.8,121.0,1,4,,0.0476
traceE,bsf,584,107.2,120.6,1,4,,0.0476
traceE,bsf,585,104.7,121.3,1,4,,0.0476
traceE,bsf,586,179.6,121.8,0,4,,0.0476
traceE,bsf,587,178.8,120.8,0,4,,0.0476
traceE,bsf,588,104.6,120.3,1,4,,0.0476
traceE,bsf,589,171.9,120.8,0,4,,0.0476
traceE,bsf,590,192.6,120.7,0,4,,0.0476
traceE,bsf,591,102.1,122.1,1,4,,0.0476
traceE,bsf,592,107.1,120.9,1,4,,0.0476
traceE,bsf,593,104.8,121.6,1,4,,0.0476
traceE,bsf,594,104.9,122.2,1,4,,0.0476
traceE,bsf,595,104.4,121.4,1,4,,0.0476
traceE,bsf,596,105.6,120.9,1,4,,0.0476
traceE,bsf,597,101.8,121.4,1,4,,0.0476
traceE,bsf,598,135.1,120.4,0,4,,0.0476
traceE,bsf,599,209.8,121.4,0,4,,0.0476
traceE,bsf,600,123.8,120.8,0,4,,0.0476
traceE,bsf,601,117.6,121.2,1,4,,0.0476
traceE,bsf,602,209.7,120.5,0,4,,0.0476
traceE,bsf,603,139.3,121.8,0,4,,0.0476
traceE,bsf,604,102.5,121.2,1,4,,0.0476
traceE,bsf,605,209.7,121.6,0,4,,0.0476
traceE,bsf,606,155.3,121.8,0,4,,0.0476
traceE,bsf,607,103.6,122.5,1,4,,0.0476
traceE,bsf,608,197.2,121.0,0,4,,0.0476
traceE,bsf,609,167.6,121.7,0,4,,0.0476
traceE,bsf,610,102.3,121.5,1,4,,0.0476
traceE,bsf,611,181.7,122.4,0,4,,0.0476
traceE,bsf,612,181.0,121.7,0,4,,0.0476
traceE,bsf,613,104.0,121.2,1,4,,0.0476
traceE,bsf,614,166.0,121.3,0,4,,0.0476
traceE,bsf,615,192.5,121.3,0,4,,0.0476
traceE,bsf,616,103.6,120.9,1,4,,0.0476
traceE,bsf,617,105.7,122.3,1,4,,0.0476
traceE,bsf,618,103.9,121.6,1,4,,0.0476
traceE,bsf,619,180.0,121.0,0,4,,0.0476
traceE,bsf,620,178.1,121.8,0,4,,0.0476
traceE,bsf,621,103.1,121.0,1,4,,0.0476
traceE,bsf,622,166.4,120.9,0,4,,0.0476
traceE,bsf,623,181.9,121.5,0,4,,0.0476
traceE,bsf,624,121.2,121.0,0,4,,0.0476
traceE,bsf,625,209.7,121.7,0,4,,0.0476
traceE,bsf,626,133.0,123.4,0,4,,0.0476
traceE,bsf,627,103.1,122.0,1,4,,0.0476
traceE,bsf,628,209.7,121.7,0,4,,0.0476
traceE,bsf,629,147.0,120.6,0,4,,0.0476
traceE,bsf,630,103.6,121.8,1,4,,0.0476
traceE,bsf,631,105.5,121.8,1,4,,0.0476
traceE,bsf,632,105.9,123.1,1,4,,0.0476
traceE,bsf,633,103.6,122.0,1,4,,0.0476
traceE,bsf,634,105.9,123.0,1,4,,0.0476
traceE,bsf,635,209.7,122.0,0,4,,0.0476
traceE,bsf,636,179.0,122.4,0,4,,0.0476
traceE,bsf,637,105.2,121.5,1,4,,0.0476
traceE,bsf,638,197.1,121.8,0,4,,0.0476
traceE,bsf,639,191.5,121.4,0,4,,0.0476
traceE,bsf,640,105.9,121.7,1,4,,0.0476
traceE,bsf,641,105.0,121.5,1,4,,0.0476
traceE,bsf,642,112.7,121.3,1,4,,0.0476
traceE,bsf,643,209.7,121.1,0,4,,0.0476
traceE,bsf,644,138.3,121.3,0,4,,0.0476
traceE,bsf,645,161.2,122.4,0,4,,0.0476
traceE,bsf,646,191.1,121.4,0,4,,0.0476
traceE,bsf,647,107.3,121.3,1,4,,0.0476
traceE,bsf,648,101.2,123.2,1,4,,0.0476
traceE,bsf,649,106.7,121.8,1,4,,0.0476
traceE,bsf,650,104.4,121.8,1,4,,0.0476
traceE,bsf,651,122.6,121.4,0,4,,0.0476
traceE,bsf,652,209.7,122.5,0,4,,0.0476
traceE,bsf,653,160.5,121.4,0,4,,0.0476
traceE,bsf,654,110.5,122.3,1,4,,0.0476
traceE,bsf,655,209.7,121.5,0,4,,0.0476
traceE,bsf,656,179.3,122.8,0,4,,0.0476
traceE,bsf,657,102.9,122.7,1,4,,0.0476
traceE,bsf,658,106.0,123.0,1,4,,0.0476
traceE,bsf,659,102.8,122.4,1,4,,0.0476
traceE,bsf,660,149.2,121.1,0,4,,0.0476
traceE,bsf,661,209.6,121.9,0,4,,0.0476
traceE,bsf,662,137.3,120.9,0,4,,0.0476
traceE,bsf,663,136.7,121.9,0,4,,0.0476
traceE,bsf,664,190.6,122.1,0,4,,0.0476
traceE,bsf,665,106.6,121.5,1,4,,0.0476
traceE,bsf,666,105.2,120.8,1,4,,0.0476
traceE,bsf,667,172.0,120.7,0,4,,0.0476
traceE,bsf,668,179.2,122.3,0,4,,0.0476
traceE,bsf,669,106.4,122.4,1,4,,0.0476
traceE,bsf,670,161.9,121.8,0,4,,0.0476
traceE,bsf,671,192.5,121.3,0,4,,0.0476
traceE,bsf,672,104.7,123.7,1,4,,0.0476
traceE,bsf,673,105.1,122.1,1,4,,0.0476
traceE,bsf,674,101.8,123.2,1,4,,0.0476
traceE,bsf,675,105.0,120.7,1,4,,0.0476
traceE,bsf,676,105.3,121.5,1,4,,0.0476
traceE,bsf,677,108.1,121.8,1,4,,0.0476
traceE,bsf,678,149.6,121.9,0,4,,0.0476
traceE,bsf,679,203.4,120.9,0,4,,0.0476
traceE,bsf,680,105.9,121.2,1,4,,0.0476
traceE,bsf,681,105.7,121.4,1,4,,0.0476
traceE,bsf,682,159.2,122.3,0,4,,0.0476
traceE,bsf,683,209.6,121.6,0,4,,0.0476
traceE,bsf,684,129.2,121.7,0,4,,0.0476
traceE,bsf,685,144.0,121.8,0,4,,0.0476
traceE,bsf,686,178.2,121.7,0,4,,0.0476
traceE,bsf,687,106.4,121.8,1,4,,0.0476
traceE,bsf,688,197.1,121.2,0,4,,0.0476
traceE,bsf,689,128.2,122.0,0,4,,0.0476
traceE,bsf,690,106.2,123.0,1,4,,0.0476
traceE,bsf,691,103.6,120.2,1,4,,0.0476
traceE,bsf,692,106.5,121.6,1,4,,0.0476
traceE,bsf,693,138.5,121.7,0,4,,0.0476
traceE,bsf,694,209.7,121.1,0,4,,0.0476
traceE,bsf,695,149.0,122.0,0,4,,0.0476
traceE,bsf,696,124.4,121.5,0,4,,0.0476
traceE,bsf,697,197.5,127.2,0,4,,0.0476
traceE,bsf,698,105.9,120.4,1,4,,0.0476
traceE,bsf,699,179.7,120.9,0,4,,0.0476
traceE,bsf,700,209.7,121.4,0,4,,0.0476
traceE,bsf,701,106.3,122.5,1,4,,0.0476
traceE,bsf,702,106.6,121.6,1,4,,0.0476
traceE,bsf,703,105.0,121.6,1,4,,0.0476
traceE,bsf,704,103.6,121.5,1,4,,0.0476
traceE,bsf,705,154.5,121.8,0,4,,0.0476
traceE,bsf,706,209.7,122.3,0,4,,0.0476
traceE,bsf,707,129.2,121.8,0,4,,0.0476
traceE,bsf,708,106.7,121.7,1,4,,0.0476
traceE,bsf,709,102.8,121.1,1,4,,0.0476
traceE,bsf,710,172.4,123.3,0,4,,0.0476
traceE,bsf,711,186.4,122.0,0,4,,0.0476
traceE,bsf,712,105.4,121.4,1,4,,0.0476
traceE,bsf,713,158.9,121.0,0,4,,0.0476
traceE,bsf,714,200.1,121.7,0,4,,0.0476
traceE,bsf,715,103.4,121.5,1,4,,0.0476
traceE,bsf,716,103.8,120.8,1,4,,0.0476
traceE,bsf,717,106.8,120.7,1,4,,0.0476
traceE,bsf,718,209.7,122.2,0,4,,0.0476
traceE,bsf,719,184.6,122.0,0,4,,0.0476
traceE,bsf,720,103.4,122.0,1,4,,0.0476
traceE,bsf,721,105.2,120.5,1,4,,0.0476
traceE,bsf,722,102.5,121.5,1,4,,0.0476
traceE,bsf,723,106.2,122.3,1,4,,0.0476
traceE,bsf,724,184.5,121.3,0,4,,0.0476
traceE,bsf,725,203.6,121.5,0,4,,0.0476
traceE,bsf,726,107.1,121.6,1,4,,0.0476
traceE,bsf,727,171.9,121.8,0,4,,0.0476
traceE,bsf,728,154.5,122.0,0,4,,0.0476
traceE,bsf,729,118.7,121.6,1,4,,0.0476
traceE,bsf,730,209.7,121.4,0,4,,0.0476
traceE,bsf,731,107.0,123.7,1,4,,0.0476
traceE,bsf,732,167.1,120.7,0,4,,0.0476
traceE,bsf,733,209.6,122.3,0,4,,0.0476
traceE,bsf,734,118.4,121.4,1,4,,0.0476
traceE,bsf,735,103.4,121.6,1,4,,0.0476
traceE,bsf,736,108.2,120.8,1,4,,0.0476
traceE,bsf,737,184.6,121.2,0,4,,0.0476
traceE,bsf,738,172.0,120.8,0,4,,0.0476
traceE,bsf,739,105.4,121.6,1,4,,0.0476
traceE,bsf,740,173.2,121.4,0,4,,0.0476
traceE,bsf,741,184.5,121.4,0,4,,0.0476
traceE,bsf,742,105.2,121.8,1,4,,0.0476
traceE,bsf,743,102.7,121.2,1,4,,0.0476
traceE,bsf,744,119.0,121.8,1,4,,0.0476
traceE,bsf,745,209.7,121.2,0,4,,0.0476
traceE,bsf,746,166.5,120.6,0,4,,0.0476
traceE,bsf,747,104.0,120.3,1,4,,0.0476
traceE,bsf,748,105.1,120.8,1,4,,0.0476
traceE,bsf,749,105.4,120.8,1,4,,0.0476
traceE,bsf,750,104.5,120.9,1,4,,0.0476
traceE,bsf,751,198.1,121.1,0,4,,0.0476
traceE,bsf,752,191.5,121.9,0,4,,0.0476
traceE,bsf,753,105.9,121.4,1,4,,0.0476
traceE,bsf,754,104.5,121.9,1,4,,0.0476
traceE,bsf,755,104.8,121.8,1,4,,0.0476
traceE,bsf,756,102.8,120.1,1,4,,0.0476
traceE,bsf,757,171.4,120.5,0,4,,0.0476
traceE,bsf,758,209.7,120.6,0,4,,0.0476
traceE,bsf,759,117.2,121.5,1,4,,0.0476
traceE,bsf,760,103.3,120.3,1,4,,0.0476
traceE,bsf,761,106.3,121.5,1,4,,0.0476
traceE,bsf,762,181.0,120.7,0,4,,0.0476
traceE,bsf,763,178.0,121.4,0,4,,0.0476
traceE,bsf,764,104.7,120.3,1,4,,0.0476
traceE,bsf,765,102.1,120.4,1,4,,0.0476
traceE,bsf,766,103.0,122.2,1,4,,0.0476
traceE,bsf,767,106.1,122.6,1,4,,0.0476
traceE,bsf,768,153.6,121.4,0,4,,0.0476
traceE,bsf,769,203.4,122.5,0,4,,0.0476
traceE,bsf,770,102.4,123.3,1,4,,0.0476
traceE,bsf,771,107.1,123.0,1,4,,0.0476
traceE,bsf,772,104.0,123.0,1,4,,0.0476
traceE,bsf,773,203.4,121.9,0,4,,0.0476
traceE,bsf,774,185.5,123.8,0,4,,0.0476
traceE,bsf,775,105.5,122.5,1,4,,0.0476
traceE,bsf,776,190.8,120.8,0,4,,0.0476
traceE,bsf,777,197.3,121.5,0,4,,0.0476
traceE,bsf,778,104.8,120.7,1,4,,0.0476
traceE,bsf,779,107.0,121.1,1,4,,0.0476
traceE,bsf,780,102.7,120.7,1,4,,0.0476
traceE,bsf,781,105.2,121.4,1,4,,0.0476
traceE,bsf,782,165.7,121.4,0,4,,0.0476
traceE,bsf,783,209.7,120.9,0,4,,0.0476
traceE,bsf,784,118.2,121.0,1,4,,0.0476
traceE,bsf,785,153.3,120.4,0,4,,0.0476
traceE,bsf,786,209.7,120.1,0,4,,0.0476
traceE,bsf,787,129.3,120.9,0,4,,0.0476
traceE,bsf,788,137.8,120.6,0,4,,0.0476
traceE,bsf,789,209.7,119.9,0,4,,0.0476
traceE,bsf,790,144.7,120.7,0,4,,0.0476
traceE,bsf,791,104.4,120.1,1,4,,0.0476
traceE,bsf,792,103.6,120.5,1,4,,0.0476
traceE,bsf,793,156.7,120.0,0,4,,0.0476
traceE,bsf,794,203.4,119.4,0,4,,0.0476
traceE,bsf,795,107.3,120.3,1,4,,0.0476
traceE,bsf,796,103.9,119.9,1,4,,0.0476
traceE,bsf,797,105.1,119.6,1,4,,0.0476
traceE,bsf,798,107.0,120.3,1,4,,0.0476
traceE,bsf,799,103.3,120.2,1,4,,0.0476
traceE,bsf,800,101.5,120.6,1,4,,0.0476
traceE,bsf,801,190.8,119.5,0,4,,0.0476
traceE,bsf,802,197.5,119.2,0,4,,0.0476
traceE,bsf,803,105.0,119.3,1,4,,0.0476
traceE,bsf,804,105.6,119.9,1,4,,0.0476
traceE,bsf,805,105.5,119.8,1,4,,0.0476
traceE,bsf,806,209.7,120.8,0,4,,0.0476
traceE,bsf,807,148.8,120.5,0,4,,0.0476
traceE,bsf,808,105.1,121.4,1,4,,0.0476
traceE,bsf,809,107.1,120.1,1,4,,0.0476
traceE,bsf,810,150.6,120.6,0,4,,0.0476
traceE,bsf,811,209.7,121.2,0,4,,0.0476
traceE,bsf,812,130.9,119.7,0,4,,0.0476
traceE,bsf,813,136.4,120.9,0,4,,0.0476
traceE,bsf,814,209.7,120.0,0,4,,0.0476
traceE,bsf,815,144.5,121.7,0,4,,0.0476
traceE,bsf,816,106.5,121.4,1,4,,0.0476
traceE,bsf,817,104.1,119.9,1,4,,0.0476
traceE,bsf,818,160.9,121.1,0,4,,0.0476
traceE,bsf,819,197.1,120.5,0,4,,0.0476
traceE,bsf,820,106.3,120.8,1,4,,0.0476
traceE,bsf,821,105.2,121.3,1,4,,0.0476
traceE,bsf,822,105.2,120.4,1,4,,0.0476
traceE,bsf,823,104.5,120.7,1,4,,0.0476
traceE,bsf,824,102.5,120.9,1,4,,0.0476
traceE,bsf,825,107.4,121.0,1,4,,0.0476
traceE,bsf,826,104.1,119.9,1,4,,0.0476
traceE,bsf,827,127.1,120.6,0,4,,0.0476
traceE,bsf,828,209.7,121.4,0,4,,0.0476
traceE,bsf,829,125.4,120.7,0,4,,0.0476
traceE,bsf,830,112.7,120.8,1,4,,0.0476
traceE,bsf,831,209.7,121.0,0,4,,0.0476
traceE,bsf,832,143.5,121.3,0,4,,0.0476
traceE,bsf,833,101.9,120.5,1,4,,0.0476
traceE,bsf,834,205.8,121.3,0,4,,0.0476
traceE,bsf,835,154.6,120.5,0,4,,0.0476
traceE,bsf,836,104.8,120.5,1,4,,0.0476
traceE,bsf,837,190.8,120.9,0,4,,0.0476
traceE,bsf,838,170.4,120.3,0,4,,0.0476
traceE,bsf,839,104.0,120.9,1,4,,0.0476
traceE,bsf,840,174.0,120.7,0,4,,0.0476
traceE,bsf,841,185.5,120.7,0,4,,0.0476
traceE,bsf,842,103.6,121.4,1,4,,0.0476
traceE,bsf,843,161.7,121.3,0,4,,0.0476
traceE,bsf,844,198.8,121.2,0,4,,0.0476
traceE,bsf,845,103.6,120.8,1,4,,0.0476
traceE,bsf,846,103.9,121.4,1,4,,0.0476
traceE,bsf,847,104.8,121.1,1,4,,0.0476
traceE,bsf,848,105.9,120.8,1,4,,0.0476
traceE,bsf,849,103.1,120.7,1,4,,0.0476
traceE,bsf,850,153.4,121.6,0,4,,0.0476
traceE,bsf,851,209.7,120.6,0,4,,0.0476
traceE,bsf,852,132.6,121.6,0,4,,0.0476
traceE,bsf,853,142.9,120.4,0,4,,0.0476
traceE,bsf,854,209.7,120.5,0,4,,0.0476
traceE,bsf,855,146.1,120.7,0,4,,0.0476
traceE,bsf,856,124.9,122.8,0,4,,0.0476
traceE,bsf,857,209.7,121.3,0,4,,0.0476
traceE,bsf,858,156.5,120.4,0,4,,0.0476
traceE,bsf,859,105.0,120.4,1,4,,0.0476
traceE,bsf,860,105.3,120.7,1,4,,0.0476
traceE,bsf,861,104.4,120.9,1,4,,0.0476
traceE,bsf,862,105.0,121.5,1,4,,0.0476
traceE,bsf,863,209.7,121.5,0,4,,0.0476
traceE,bsf,864,178.6,120.6,0,4,,0.0476
traceE,bsf,865,104.8,120.3,1,4,,0.0476
traceE,bsf,866,104.2,120.5,1,4,,0.0476
traceE,bsf,867,104.5,121.4,1,4,,0.0476
traceE,bsf,868,105.3,120.9,1,4,,0.0476
traceE,bsf,869,184.5,120.5,0,4,,0.0476
traceE,bsf,870,203.4,121.3,0,4,,0.0476
traceE,bsf,871,104.4,121.3,1,4,,0.0476
traceE,bsf,872,103.7,120.6,1,4,,0.0476
traceE,bsf,873,105.9,121.4,1,4,,0.0476
traceE,bsf,874,105.2,121.1,1,4,,0.0476
traceE,bsf,875,156.8,121.4,0,4,,0.0476
traceE,bsf,876,209.7,121.3,0,4,,0.0476
traceE,bsf,877,123.7,121.0,0,4,,0.0476
traceE,bsf,878,142.3,121.3,0,4,,0.0476
traceE,bsf,879,209.7,121.9,0,4,,0.0476
traceE,bsf,880,140.1,121.4,0,4,,0.0476
traceE,bsf,881,129.8,120.8,0,4,,0.0476
traceE,bsf,882,209.7,121.3,0,4,,0.0476
traceE,bsf,883,151.9,121.9,0,4,,0.0476
traceE,bsf,884,119.7,121.5,1,4,,0.0476
traceE,bsf,885,209.7,121.3,0,4,,0.0476
traceE,bsf,886,163.7,121.6,0,4,,0.0476
traceE,bsf,887,103.6,121.2,1,4,,0.0476
traceE,bsf,888,103.6,120.8,1,4,,0.0476
traceE,bsf,889,144.2,120.2,0,4,,0.0476
traceE,bsf,890,209.7,121.2,0,4,,0.0476
traceE,bsf,891,113.2,121.4,1,4,,0.0476
traceE,bsf,892,128.3,121.1,0,4,,0.0476
traceE,bsf,893,209.7,121.8,0,4,,0.0476
traceE,bsf,894,131.1,121.6,0,4,,0.0476
traceE,bsf,895,104.5,121.3,1,4,,0.0476
traceE,bsf,896,103.0,120.8,1,4,,0.0476
traceE,bsf,897,104.1,120.7,1,4,,0.0476
traceE,bsf,898,108.7,123.0,1,4,,0.0476
traceE,bsf,899,203.4,122.2,0,4,,0.0476
traceE,bsf,900,155.0,121.1,0,4,,0.0476
traceE,bsf,901,105.1,121.9,1,4,,0.0476
traceE,bsf,902,105.2,121.4,1,4,,0.0476
traceE,bsf,903,143.9,121.4,0,4,,0.0476
traceE,bsf,904,209.7,121.7,0,4,,0.0476
traceE,bsf,905,139.6,121.3,0,4,,0.0476
traceE,bsf,906,129.0,122.0,0,4,,0.0476
traceE,bsf,907,209.7,121.9,0,4,,0.0476
traceE,bsf,908,151.2,121.5,0,4,,0.0476
traceE,bsf,909,104.5,121.0,1,4,,0.0476
traceE,bsf,910,103.5,120.9,1,4,,0.0476
traceE,bsf,911,108.4,121.3,1,4,,0.0476
traceE,bsf,912,101.3,121.4,1,4,,0.0476
traceE,bsf,913,108.2,120.6,1,4,,0.0476
traceE,bsf,914,103.2,121.6,1,4,,0.0476
traceE,bsf,915,105.0,120.7,1,4,,0.0476
traceE,bsf,916,203.4,120.4,0,4,,0.0476
traceE,bsf,917,179.2,121.4,0,4,,0.0476
traceE,bsf,918,109.1,121.0,1,4,,0.0476
traceE,bsf,919,187.9,121.0,0,4,,0.0476
traceE,bsf,920,197.2,121.0,0,4,,0.0476
traceE,bsf,921,104.5,120.9,1,4,,0.0476
traceE,bsf,922,178.3,121.8,0,4,,0.0476
traceE,bsf,923,209.7,121.5,0,4,,0.0476
traceE,bsf,924,105.6,121.6,1,4,,0.0476
traceE,bsf,925,161.6,121.5,0,4,,0.0476
traceE,bsf,926,209.7,122.0,0,4,,0.0476
traceE,bsf,927,117.9,121.7,1,4,,0.0476
traceE,bsf,928,149.8,121.7,0,4,,0.0476
traceE,bsf,929,209.7,121.6,0,4,,0.0476
traceE,bsf,930,132.4,120.1,0,4,,0.0476
traceE,bsf,931,136.6,120.8,0,4,,0.0476
traceE,bsf,932,209.6,120.4,0,4,,0.0476
traceE,bsf,933,147.6,120.1,0,4,,0.0476
traceE,bsf,934,122.7,121.8,0,4,,0.0476
traceE,bsf,935,209.7,121.3,0,4,,0.0476
traceE,bsf,936,160.8,121.2,0,4,,0.0476
traceE,bsf,937,105.0,120.1,1,4,,0.0476
traceE,bsf,938,105.1,121.9,1,4,,0.0476
traceE,bsf,939,102.2,121.4,1,4,,0.0476
traceE,bsf,940,106.6,122.3,1,4,,0.0476
traceE,bsf,941,204.6,120.8,0,4,,0.0476
traceE,bsf,942,179.1,121.1,0,4,,0.0476
traceE,bsf,943,106.5,121.2,1,4,,0.0476
traceE,bsf,944,103.2,121.3,1,4,,0.0476
traceE,bsf,945,106.7,121.8,1,4,,0.0476
traceE,bsf,946,104.9,120.5,1,4,,0.0476
traceE,bsf,947,184.7,120.4,0,4,,0.0476
traceE,bsf,948,203.3,121.2,0,4,,0.0476
traceE,bsf,949,105.4,121.1,1,4,,0.0476
traceE,bsf,950,174.6,120.8,0,4,,0.0476
traceE,bsf,951,209.6,120.7,0,4,,0.0476
traceE,bsf,952,109.9,121.4,1,4,,0.0476
traceE,bsf,953,104.9,121.0,1,4,,0.0476
traceE,bsf,954,105.7,121.0,1,4,,0.0476
traceE,bsf,955,105.1,121.1,1,4,,0.0476
traceE,bsf,956,105.4,121.2,1,4,,0.0476
traceE,bsf,957,103.4,120.4,1,4,,0.0476
traceE,bsf,958,103.1,121.1,1,4,,0.0476
traceE,bsf,959,106.5,121.7,1,4,,0.0476
traceE,bsf,960,104.7,120.5,1,4,,0.0476
traceE,bsf,961,171.4,120.6,0,4,,0.0476
traceE,bsf,962,192.5,121.4,0,4,,0.0476
traceE,bsf,963,105.3,120.6,1,4,,0.0476
traceE,bsf,964,154.6,121.0,0,4,,0.0476
traceE,bsf,965,207.1,120.9,0,4,,0.0476
traceE,bsf,966,104.8,123.0,1,4,,0.0476
traceE,bsf,967,104.8,122.5,1,4,,0.0476
traceE,bsf,968,105.0,122.4,1,4,,0.0476
traceE,bsf,969,105.7,120.5,1,4,,0.0476
traceE,bsf,970,131.6,122.3,0,4,,0.0476
traceE,bsf,971,209.7,120.6,0,4,,0.0476
traceE,bsf,972,123.1,120.9,0,4,,0.0476
traceE,bsf,973,106.1,121.5,1,4,,0.0476
traceE,bsf,974,104.5,121.5,1,4,,0.0476
traceE,bsf,975,177.7,121.8,0,4,,0.0476
traceE,bsf,976,203.7,121.8,0,4,,0.0476
traceE,bsf,977,105.6,121.4,1,4,,0.0476
traceE,bsf,978,105.2,121.3,1,4,,0.0476
traceE,bsf,979,105.0,121.6,1,4,,0.0476
traceE,bsf,980,105.9,121.0,1,4,,0.0476
traceE,bsf,981,103.0,121.4,1,4,,0.0476
traceE,bsf,982,106.0,121.8,1,4,,0.0476
traceE,bsf,983,192.5,120.6,0,4,,0.0476
traceE,bsf,984,168.4,121.1,0,4,,0.0476
traceE,bsf,985,106.1,121.4,1,4,,0.0476
traceE,bsf,986,106.0,120.9,1,4,,0.0476
traceE,bsf,987,102.8,120.5,1,4,,0.0476
traceE,bsf,988,104.9,121.3,1,4,,0.0476
traceE,bsf,989,164.7,121.2,0,4,,0.0476
traceE,bsf,990,197.0,121.8,0,4,,0.0476
traceE,bsf,991,107.4,121.6,1,4,,0.0476
traceE,bsf,992,150.2,121.6,0,4,,0.0476
traceE,bsf,993,209.7,120.9,0,4,,0.0476
traceE,bsf,994,107.6,120.6,1,4,,0.0476
traceE,bsf,995,104.4,121.0,1,4,,0.0476
traceE,bsf,996,106.4,121.3,1,4,,0.0476
traceE,bsf,997,102.7,121.6,1,4,,0.0476
traceE,bsf,998,104.8,121.0,1,4,,0.0476
traceE,bsf,999,105.4,120.6,1,4,,0.0476
traceE,v3,0,198.5,1921.3,1,8,H,1.6133
traceE,v3,1,106.2,229.6,1,8,H,1.6108
traceE,v3,2,203.5,227.7,1,8,H,1.6084
traceE,v3,3,145.5,1413.1,1,8,M,1.6060
traceE,v3,4,152.5,155.2,1,8,M,1.6035
traceE,v3,5,197.7,155.2,0,8,M,1.5891
traceE,v3,6,101.3,938.2,1,9,L,1.4933
traceE,v3,7,106.3,197.9,1,18,L,1.3175
traceE,v3,8,138.5,216.3,1,20,L,1.1477
traceE,v3,9,104.4,175.9,1,16,L,1.1124
traceE,v3,10,157.0,217.3,1,20,L,1.3612
traceE,v3,11,185.8,216.8,1,20,L,1.9286
traceE,v3,12,104.0,207.5,1,19,L,2.6729
traceE,v3,13,209.9,205.9,0,19,L,3.5339
traceE,v3,14,131.1,216.4,1,20,L,4.4715
traceE,v3,15,101.2,207.9,1,19,L,5.3958
traceE,v3,16,105.3,219.8,1,20,L,6.3965
traceE,v3,17,186.3,215.4,1,20,L,7.4873
traceE,v3,18,104.0,218.6,1,20,L,8.5433
traceE,v3,19,192.9,218.8,1,20,L,9.6834
traceE,v3,20,160.9,218.9,1,20,L,10.9062
traceE,v3,21,131.3,219.1,1,20,L,12.1720
traceE,v3,22,210.0,217.3,1,20,L,13.4043
traceE,v3,23,111.8,173.7,1,16,L,14.5719
traceE,v3,24,179.2,217.9,1,20,L,15.6985
traceE,v3,25,161.0,216.3,1,20,L,16.8053
traceE,v3,26,106.1,218.4,1,20,L,17.9249
traceE,v3,27,102.9,218.3,1,20,L,19.0912
traceE,v3,28,209.9,217.9,1,20,L,20.3252
traceE,v3,29,130.1,219.7,1,20,L,21.6736
traceE,v3,30,155.3,217.5,1,20,L,23.1201
traceE,v3,31,180.5,219.6,1,20,L,24.6918
traceE,v3,32,103.5,220.2,1,20,L,26.3697
traceE,v3,33,107.3,218.4,1,20,L,28.1735
traceE,v3,34,193.4,216.5,1,20,L,30.0691
traceE,v3,35,150.4,218.2,1,20,L,32.0495
traceE,v3,36,143.6,218.6,1,20,L,34.0892
traceE,v3,37,199.5,218.6,1,20,L,36.1762
traceE,v3,38,106.9,215.7,1,20,L,38.2943
traceE,v3,39,104.1,219.0,1,20,L,40.4119
traceE,v3,40,104.7,220.0,1,20,L,42.5290
traceE,v3,41,107.0,217.2,1,20,L,44.6150
traceE,v3,42,105.0,218.1,1,20,L,46.6902
traceE,v3,43,103.3,217.3,1,20,L,48.7239
traceE,v3,44,105.5,218.0,1,20,L,50.7335
traceE,v3,45,167.0,217.5,1,20,L,52.7030
traceE,v3,46,168.5,218.1,1,20,L,54.6666
traceE,v3,47,114.1,216.5,1,20,L,56.6282
traceE,v3,48,209.9,218.8,1,20,L,58.5915
traceE,v3,49,122.0,217.6,1,20,L,60.5816
traceE,v3,50,103.2,222.0,1,20,L,62.6070
traceE,v3,51,106.8,219.2,1,20,L,64.7137
traceE,v3,52,111.7,220.8,1,20,L,66.8801
traceE,v3,53,210.0,218.9,1,20,L,69.1452
traceE,v3,54,118.1,220.1,1,20,L,71.4924
traceE,v3,55,168.8,219.0,1,20,L,73.9643
traceE,v3,56,170.2,217.2,1,20,L,76.5327
traceE,v3,57,107.0,218.6,1,20,L,79.2067
traceE,v3,58,103.4,217.1,1,20,L,81.9685
traceE,v3,59,106.3,219.1,1,20,L,84.8208
traceE,v3,60,165.9,218.4,1,20,L,87.7517
traceE,v3,61,169.7,217.1,1,20,L,90.7319
traceE,v3,62,114.5,218.4,1,20,L,93.7610
traceE,v3,63,209.9,217.5,1,20,L,96.8079
traceE,v3,64,123.0,218.0,1,20,L,99.8868
traceE,v3,65,162.9,218.8,1,20,L,102.9591
traceE,v3,66,173.8,217.7,1,20,L,106.0342
traceE,v3,67,111.7,213.3,1,19,L,109.0871
traceE,v3,68,209.9,219.2,1,20,L,112.1398
traceE,v3,69,122.6,217.1,1,20,L,115.1864
traceE,v3,70,166.8,218.6,1,20,L,118.2204
traceE,v3,71,174.2,219.8,1,20,L,121.2595
traceE,v3,72,104.9,218.3,1,20,L,124.3024
traceE,v3,73,105.7,216.3,1,20,L,127.3926
traceE,v3,74,103.9,212.4,1,19,L,130.5034
traceE,v3,75,161.4,217.4,1,20,L,133.6768
traceE,v3,76,173.4,219.1,1,20,L,136.8946
traceE,v3,77,102.6,221.0,1,20,L,140.2102
traceE,v3,78,106.4,216.9,1,20,L,143.6001
traceE,v3,79,197.3,218.6,1,20,L,147.0826
traceE,v3,80,148.7,217.5,1,20,L,150.6483
traceE,v3,81,143.3,218.4,1,20,L,154.3124
traceE,v3,82,203.7,217.3,1,20,L,158.0730
traceE,v3,83,103.0,218.6,1,20,L,161.9064
traceE,v3,84,192.2,217.2,1,20,L,165.8193
traceE,v3,85,149.9,218.3,1,20,L,169.7853
traceE,v3,86,143.3,217.6,1,20,L,173.8215
traceE,v3,87,203.7,218.4,1,20,L,177.8871
traceE,v3,88,104.7,218.1,1,20,L,181.9899
traceE,v3,89,191.0,216.9,1,20,L,186.1004
traceE,v3,90,151.8,217.8,1,20,L,190.2341
traceE,v3,91,140.5,217.2,1,20,L,194.3765
traceE,v3,92,203.7,218.9,1,20,L,198.5147
traceE,v3,93,105.3,218.5,1,20,L,202.6573
traceE,v3,94,105.9,218.3,1,20,L,206.7948
traceE,v3,95,161.2,217.0,1,20,L,210.9625
traceE,v3,96,172.5,217.3,1,20,L,215.1282
traceE,v3,97,113.6,218.2,1,20,L,219.3298
traceE,v3,98,210.0,217.9,1,20,L,223.5450
traceE,v3,99,122.5,218.8,1,20,L,227.8280
traceE,v3,100,104.1,217.6,1,20,L,232.1568
traceE,v3,101,104.9,218.9,1,20,L,236.5519
traceE,v3,102,106.5,219.0,1,20,L,241.0095
traceE,v3,103,104.9,218.6,1,20,L,245.5509
traceE,v3,104,197.4,217.8,1,20,L,250.1843
traceE,v3,105,144.8,218.6,1,20,L,254.8897
traceE,v3,106,106.9,217.7,1,20,L,259.6839
traceE,v3,107,104.5,218.1,1,20,L,264.5453
traceE,v3,108,103.9,214.7,1,20,L,269.5004
traceE,v3,109,203.7,217.4,1,20,L,274.5093
traceE,v3,110,143.7,220.3,1,20,L,279.5839
traceE,v3,111,148.6,217.6,1,20,L,284.6948
traceE,v3,112,191.7,217.1,1,20,L,289.8578
traceE,v3,113,106.4,218.1,1,20,L,295.0534
traceE,v3,114,106.1,218.2,1,20,L,300.2667
traceE,v3,115,172.2,216.0,1,20,L,305.4993
traceE,v3,116,167.3,216.8,1,20,L,310.7370
traceE,v3,117,119.2,222.6,1,20,L,316.0056
traceE,v3,118,210.0,218.7,1,20,L,321.2686
traceE,v3,119,116.7,216.8,1,20,L,326.5567
traceE,v3,120,172.4,216.6,1,20,L,331.8428
traceE,v3,121,168.2,218.5,1,20,L,337.1752
traceE,v3,122,103.2,216.5,1,20,L,342.5306
traceE,v3,123,105.1,217.0,1,20,L,347.9271
traceE,v3,124,104.7,217.1,1,20,L,353.3619
traceE,v3,125,106.6,217.5,1,20,L,358.8573
traceE,v3,126,149.4,217.7,1,20,L,364.4272
traceE,v3,127,191.1,216.8,1,20,L,370.0533
traceE,v3,128,103.0,217.7,1,20,L,375.7601
traceE,v3,129,203.6,216.0,1,20,L,381.5297
traceE,v3,130,139.4,216.9,1,20,L,387.3987
traceE,v3,131,153.8,219.8,1,20,L,393.3297
traceE,v3,132,191.3,217.7,1,20,L,399.3414
traceE,v3,133,106.8,215.8,1,20,L,405.4071
traceE,v3,134,205.3,217.2,1,20,L,411.5479
traceE,v3,135,139.6,216.2,1,20,L,417.7436
traceE,v3,136,148.6,217.9,1,20,L,423.9810
traceE,v3,137,191.4,217.5,1,20,L,430.2586
traceE,v3,138,105.0,218.0,1,20,L,436.5617
traceE,v3,139,107.4,217.0,1,20,L,442.9091
traceE,v3,140,103.3,220.7,1,20,L,449.2622
traceE,v3,141,155.6,216.6,1,20,L,455.6445
traceE,v3,142,185.3,217.1,1,20,L,462.0252
traceE,v3,143,107.8,217.8,1,20,L,468.4446
traceE,v3,144,103.1,216.6,1,20,L,474.8765
traceE,v3,145,179.6,219.5,1,20,L,481.3338
traceE,v3,146,159.5,217.3,1,20,L,487.8118
traceE,v3,147,104.6,218.6,1,20,L,494.3290
traceE,v3,148,107.5,217.4,1,20,L,500.9010
traceE,v3,149,203.7,218.3,1,20,L,507.5083
traceE,v3,150,135.7,217.8,1,20,L,514.1796
traceE,v3,151,106.0,217.7,1,20,L,520.8974
traceE,v3,152,125.5,218.2,1,20,L,527.7063
traceE,v3,153,210.0,217.1,1,20,L,534.5707
traceE,v3,154,111.3,218.9,1,20,L,541.5162
traceE,v3,155,180.1,216.8,1,20,L,548.5191
traceE,v3,156,163.3,217.7,1,20,L,555.6078
traceE,v3,157,127.6,217.0,1,20,L,562.7646
traceE,v3,158,210.0,219.3,1,20,L,569.9800
traceE,v3,159,112.2,217.6,1,20,L,577.2534
traceE,v3,160,104.0,219.0,1,20,L,584.5729
traceE,v3,161,105.0,218.3,1,20,L,591.9547
traceE,v3,162,123.3,218.1,1,20,L,599.3602
traceE,v3,163,210.0,217.8,1,20,L,606.8088
traceE,v3,164,111.3,218.0,1,20,L,614.2679
traceE,v3,165,105.3,217.4,1,20,L,621.7712
traceE,v3,166,103.2,218.5,1,20,L,629.2892
traceE,v3,167,127.3,219.2,1,20,L,636.8297
traceE,v3,168,210.0,217.9,1,20,L,644.3843
traceE,v3,169,113.1,220.1,1,20,L,651.9663
traceE,v3,170,178.7,217.9,1,20,L,659.5890
traceE,v3,171,168.8,218.0,1,20,L,667.2301
traceE,v3,172,101.5,218.3,1,20,L,674.9180
traceE,v3,173,106.7,218.5,1,20,L,682.6337
traceE,v3,174,203.7,217.8,1,20,L,690.4249
traceE,v3,175,140.8,218.4,1,20,L,698.2570
traceE,v3,176,149.4,217.3,1,20,L,706.1592
traceE,v3,177,191.5,217.5,1,20,L,714.1105
traceE,v3,178,103.9,217.5,1,20,L,722.1454
traceE,v3,179,105.7,217.7,1,20,L,730.2497
traceE,v3,180,179.7,218.5,1,20,L,738.4179
traceE,v3,181,162.3,216.9,1,20,L,746.6533
traceE,v3,182,104.4,218.9,1,20,L,754.9474
traceE,v3,183,105.9,219.5,1,20,L,763.3190
traceE,v3,184,106.4,217.5,1,20,L,771.7305
traceE,v3,185,105.1,218.1,1,20,L,780.2014
traceE,v3,186,157.4,218.9,1,20,L,788.6992
traceE,v3,187,184.8,218.9,1,20,L,797.2546
traceE,v3,188,102.7,217.1,1,20,L,805.8358
traceE,v3,189,210.0,218.7,1,20,L,814.4476
traceE,v3,190,131.2,219.5,1,20,L,823.0780
traceE,v3,191,156.6,220.1,1,20,L,831.7356
traceE,v3,192,183.5,219.0,1,20,L,840.4293
traceE,v3,193,106.3,217.8,1,20,L,849.1338
traceE,v3,194,205.3,218.1,1,20,L,857.8745
traceE,v3,195,130.8,218.8,1,20,L,866.6293
traceE,v3,196,153.7,217.5,1,20,L,875.4444
traceE,v3,197,184.6,219.1,1,20,L,884.2849
traceE,v3,198,102.6,218.6,1,20,L,893.1803
traceE,v3,199,105.1,218.5,1,20,L,902.1105
traceE,v3,200,185.9,219.3,1,20,L,911.1129
traceE,v3,201,162.3,218.2,1,20,L,920.1765
traceE,v3,202,100.2,218.8,1,20,L,929.2984
traceE,v3,203,106.1,217.4,1,20,L,938.4859
traceE,v3,204,210.0,219.7,1,20,L,947.7343
traceE,v3,205,130.3,218.3,1,20,L,957.0671
traceE,v3,206,155.4,217.2,1,20,L,966.4486
traceE,v3,207,186.5,217.8,1,20,L,975.9012
traceE,v3,208,101.8,217.4,1,20,L,985.3941
traceE,v3,209,105.7,218.6,1,20,L,994.9595
traceE,v3,210,185.9,217.5,1,20,L,1004.5644
traceE,v3,211,158.6,220.1,1,20,L,1014.2136
traceE,v3,212,132.6,218.2,1,20,L,1023.8926
traceE,v3,213,209.9,220.0,1,20,L,1033.6081
traceE,v3,214,108.8,220.7,1,20,L,1043.3645
traceE,v3,215,186.3,218.1,1,20,L,1053.1345
traceE,v3,216,155.6,218.3,1,20,L,1062.9391
traceE,v3,217,106.7,217.9,1,20,L,1072.7533
traceE,v3,218,104.5,217.7,1,20,L,1082.6191
traceE,v3,219,103.4,218.8,1,20,L,1092.5000
traceE,v3,220,108.5,219.9,1,20,L,1102.4231
traceE,v3,221,105.3,217.7,1,20,L,1112.3675
traceE,v3,222,100.8,220.6,1,20,L,1122.3697
traceE,v3,223,107.5,217.6,1,20,L,1132.4207
traceE,v3,224,103.6,218.9,1,20,L,1142.5177
traceE,v3,225,186.6,217.5,1,20,L,1152.6711
traceE,v3,226,159.0,218.7,1,20,L,1162.8781
traceE,v3,227,107.8,219.0,1,20,L,1173.1672
traceE,v3,228,104.4,219.4,1,20,L,1183.5042
traceE,v3,229,103.6,218.4,1,20,L,1193.9160
traceE,v3,230,105.3,217.6,1,20,L,1204.3740
traceE,v3,231,105.3,218.0,1,20,L,1214.9143
traceE,v3,232,133.0,217.7,1,20,L,1225.5049
traceE,v3,233,209.8,218.8,1,20,L,1236.1524
traceE,v3,234,105.5,217.4,1,20,L,1246.8423
traceE,v3,235,103.2,217.9,1,20,L,1257.5818
traceE,v3,236,160.2,216.7,1,20,L,1268.3728
traceE,v3,237,180.2,218.5,1,20,L,1279.1875
traceE,v3,238,105.1,218.0,1,20,L,1290.0432
traceE,v3,239,210.0,217.4,1,20,L,1300.9135
traceE,v3,240,127.0,219.7,1,20,L,1311.8351
traceE,v3,241,106.9,217.0,1,20,L,1322.7698
traceE,v3,242,137.8,218.9,1,20,L,1333.7411
traceE,v3,243,203.7,217.1,1,20,L,1344.7261
traceE,v3,244,106.9,222.9,1,20,L,1355.7581
traceE,v3,245,193.5,216.3,1,20,L,1366.8276
traceE,v3,246,148.0,218.6,1,20,L,1377.9302
traceE,v3,247,108.8,218.1,1,20,L,1389.0775
traceE,v3,248,101.3,220.1,1,20,L,1400.2662
traceE,v3,249,105.3,218.7,1,20,L,1411.5281
traceE,v3,250,107.3,215.9,1,20,L,1422.8296
traceE,v3,251,102.9,217.7,1,20,L,1434.2015
traceE,v3,252,103.4,215.9,1,20,L,1445.6168
traceE,v3,253,115.5,216.4,1,20,L,1457.1165
traceE,v3,254,209.9,215.7,1,20,L,1468.6703
traceE,v3,255,120.5,216.3,1,20,L,1480.2879
traceE,v3,256,166.1,216.1,1,20,L,1491.9565
traceE,v3,257,167.5,218.2,1,20,L,1503.6859
traceE,v3,258,113.5,219.9,1,20,L,1515.4779
traceE,v3,259,210.0,217.1,1,20,L,1527.3058
traceE,v3,260,119.2,219.0,1,20,L,1539.1852
traceE,v3,261,166.0,217.1,1,20,L,1551.0899
traceE,v3,262,169.0,217.5,1,20,L,1563.0528
traceE,v3,263,117.9,222.4,1,20,L,1575.0347
traceE,v3,264,210.0,218.1,1,20,L,1587.0557
traceE,v3,265,102.4,217.6,1,20,L,1599.0907
traceE,v3,266,102.4,216.3,1,20,L,1611.1690
traceE,v3,267,126.2,217.5,1,20,L,1623.2791
traceE,v3,268,210.0,219.2,1,20,L,1635.4143
traceE,v3,269,126.4,217.0,1,20,L,1647.5848
traceE,v3,270,129.5,221.2,1,20,L,1659.7852
traceE,v3,271,209.9,219.1,1,20,L,1672.0481
traceE,v3,272,143.1,218.2,1,20,L,1684.3393
traceE,v3,273,104.0,219.6,1,20,L,1696.6915
traceE,v3,274,102.4,219.0,1,20,L,1709.0781
traceE,v3,275,159.5,217.4,1,20,L,1721.5440
traceE,v3,276,210.0,216.9,1,20,L,1734.0603
traceE,v3,277,104.8,216.3,1,20,L,1746.6399
traceE,v3,278,105.0,216.7,1,20,L,1759.2722
traceE,v3,279,106.5,218.5,1,20,L,1771.9703
traceE,v3,280,102.9,216.6,1,20,L,1784.7383
traceE,v3,281,137.4,219.2,1,20,L,1797.5510
traceE,v3,282,210.0,219.6,1,20,L,1810.4252
traceE,v3,283,129.9,218.9,1,20,L,1823.3359
traceE,v3,284,103.0,219.6,1,20,L,1836.3151
traceE,v3,285,104.9,217.4,1,20,L,1849.3233
traceE,v3,286,180.0,218.5,1,20,L,1862.3789
traceE,v3,287,203.7,217.8,1,20,L,1875.4555
traceE,v3,288,101.5,219.3,1,20,L,1888.5793
traceE,v3,289,106.5,217.5,1,20,L,1901.7363
traceE,v3,290,105.0,219.3,1,20,L,1914.9173
traceE,v3,291,107.1,218.3,1,20,L,1928.1302
traceE,v3,292,147.9,219.1,1,20,L,1941.3670
traceE,v3,293,209.9,217.3,1,20,L,1954.6582
traceE,v3,294,126.3,219.8,1,20,L,1967.9684
traceE,v3,295,136.5,217.8,1,20,L,1981.3298
traceE,v3,296,209.5,220.6,1,20,L,1994.7150
traceE,v3,297,133.5,219.7,1,20,L,2008.1700
traceE,v3,298,104.8,217.6,1,20,L,2021.6673
traceE,v3,299,104.8,218.7,1,20,L,2035.2209
traceE,v3,300,166.4,217.7,1,20,L,2048.8224
traceE,v3,301,198.4,219.7,1,20,L,2062.4877
traceE,v3,302,105.2,220.1,1,20,L,2076.2236
traceE,v3,303,155.2,217.8,1,20,L,2090.0070
traceE,v3,304,210.0,218.0,1,20,L,2103.8570
traceE,v3,305,109.9,217.2,1,20,L,2117.7506
traceE,v3,306,143.3,217.3,1,20,L,2131.7220
traceE,v3,307,209.9,217.2,1,20,L,2145.7318
traceE,v3,308,122.6,218.3,1,20,L,2159.7990
traceE,v3,309,126.5,218.4,1,20,L,2173.8970
traceE,v3,310,210.0,217.6,1,20,L,2188.0509
traceE,v3,311,135.6,217.7,1,20,L,2202.2449
traceE,v3,312,114.6,217.1,1,20,L,2216.4687
traceE,v3,313,209.9,218.2,1,20,L,2230.7273
traceE,v3,314,150.4,217.9,1,20,L,2245.0107
traceE,v3,315,106.9,218.3,1,20,L,2259.3460
traceE,v3,316,203.6,217.5,1,20,L,2273.6966
traceE,v3,317,163.5,217.5,1,20,L,2288.0921
traceE,v3,318,104.4,217.8,1,20,L,2302.5038
traceE,v3,319,105.7,218.7,1,20,L,2316.9762
traceE,v3,320,107.6,217.5,1,20,L,2331.4817
traceE,v3,321,102.5,218.7,1,20,L,2346.0342
traceE,v3,322,189.3,219.4,1,20,L,2360.6262
traceE,v3,323,185.2,219.1,1,20,L,2375.2743
traceE,v3,324,102.4,217.9,1,20,L,2389.9883
traceE,v3,325,106.2,218.1,1,20,L,2404.7457
traceE,v3,326,119.5,218.4,1,20,L,2419.5689
traceE,v3,327,209.9,219.1,1,20,L,2434.4365
traceE,v3,328,156.1,218.2,1,20,L,2449.3861
traceE,v3,329,103.8,218.7,1,20,L,2464.3793
traceE,v3,330,103.9,217.8,1,20,L,2479.4373
traceE,v3,331,108.8,219.1,1,20,L,2494.5344
traceE,v3,332,102.9,218.7,1,20,L,2509.6969
traceE,v3,333,205.1,218.1,1,20,L,2524.9083
traceE,v3,334,174.4,217.9,1,20,L,2540.1585
traceE,v3,335,106.6,219.8,1,20,L,2555.4509
traceE,v3,336,105.6,218.5,1,20,L,2570.7748
traceE,v3,337,104.6,217.4,1,20,L,2586.1540
traceE,v3,338,105.5,218.4,1,20,L,2601.5510
traceE,v3,339,102.8,217.2,1,20,L,2616.9924
traceE,v3,340,106.4,218.1,1,20,L,2632.4480
traceE,v3,341,104.5,219.6,1,20,L,2647.9592
traceE,v3,342,104.1,217.9,1,20,L,2663.4974
traceE,v3,343,108.4,218.6,1,20,L,2679.0749
traceE,v3,344,203.7,217.9,1,20,L,2694.6835
traceE,v3,345,161.2,220.0,1,20,L,2710.3392
traceE,v3,346,106.1,217.5,1,20,L,2726.0529
traceE,v3,347,191.9,218.3,1,20,L,2741.8020
traceE,v3,348,174.0,218.7,1,20,L,2757.6110
traceE,v3,349,107.3,218.6,1,20,L,2773.4593
traceE,v3,350,179.2,218.0,1,20,L,2789.3878
traceE,v3,351,191.0,219.2,1,20,L,2805.3593
traceE,v3,352,104.0,217.7,1,20,L,2821.3977
traceE,v3,353,167.1,218.0,1,20,L,2837.4787
traceE,v3,354,203.6,217.4,1,20,L,2853.6314
traceE,v3,355,104.0,216.9,1,20,L,2869.8398
traceE,v3,356,106.8,217.7,1,20,L,2886.0954
traceE,v3,357,100.3,219.2,1,20,L,2902.4014
traceE,v3,358,203.7,218.0,1,20,L,2918.7477
traceE,v3,359,140.4,216.8,1,20,L,2935.1567
traceE,v3,360,106.4,218.7,1,20,L,2951.5903
traceE,v3,361,104.6,217.9,1,20,L,2968.0731
traceE,v3,362,104.3,217.7,1,20,L,2984.5739
traceE,v3,363,105.3,218.6,1,20,L,3001.1306
traceE,v3,364,103.4,218.2,1,20,L,3017.7136
traceE,v3,365,105.2,217.0,1,20,L,3034.3326
traceE,v3,366,106.3,218.3,1,20,L,3050.9782
traceE,v3,367,104.8,219.5,1,20,L,3067.6641
traceE,v3,368,207.9,218.2,1,20,L,3084.4007
traceE,v3,369,138.4,219.1,1,20,L,3101.1643
traceE,v3,370,155.3,218.6,1,20,L,3117.9801
traceE,v3,371,191.1,217.3,1,20,L,3134.8269
traceE,v3,372,104.6,216.7,1,20,L,3151.7478
traceE,v3,373,206.3,217.4,1,20,L,3168.7060
traceE,v3,374,137.4,217.6,1,20,L,3185.7277
traceE,v3,375,154.0,216.6,1,20,L,3202.7899
traceE,v3,376,192.3,216.5,1,20,L,3219.9245
traceE,v3,377,106.2,215.6,1,20,L,3237.1173
traceE,v3,378,105.4,217.0,1,20,L,3254.3615
traceE,v3,379,174.9,217.1,1,20,L,3271.6616
traceE,v3,380,157.1,216.5,1,20,L,3289.0093
traceE,v3,381,108.2,216.7,1,20,L,3306.4271
traceE,v3,382,103.1,215.7,1,20,L,3323.8778
traceE,v3,383,209.9,215.9,1,20,L,3341.3850
traceE,v3,384,136.2,216.3,1,20,L,3358.9174
traceE,v3,385,107.8,216.4,1,20,L,3376.5110
traceE,v3,386,123.6,216.2,1,20,L,3394.1349
traceE,v3,387,209.9,217.7,1,20,L,3411.7971
traceE,v3,388,106.1,217.8,1,20,L,3429.4864
traceE,v3,389,105.7,216.7,1,20,L,3447.2141
traceE,v3,390,107.1,217.1,1,20,L,3464.9886
traceE,v3,391,101.5,217.5,1,20,L,3482.7852
traceE,v3,392,106.8,217.0,1,20,L,3500.6275
traceE,v3,393,104.3,217.2,1,20,L,3518.4933
traceE,v3,394,105.7,217.8,1,20,L,3536.4256
traceE,v3,395,154.0,218.2,1,20,L,3554.3876
traceE,v3,396,191.2,217.7,1,20,L,3572.4062
traceE,v3,397,103.7,217.1,1,20,L,3590.4589
traceE,v3,398,210.0,219.1,1,20,L,3608.5798
traceE,v3,399,137.8,216.9,1,20,L,3626.7562
traceE,v3,400,104.2,218.0,1,20,L,3644.9829
traceE,v3,401,104.9,217.5,1,20,L,3663.2663
traceE,v3,402,107.4,219.4,1,20,L,3681.6001
traceE,v3,403,105.2,217.7,1,20,L,3700.0088
traceE,v3,404,103.0,217.3,1,20,L,3718.4559
traceE,v3,405,160.6,218.0,1,20,L,3736.9663
traceE,v3,406,186.0,218.0,1,20,L,3755.5093
traceE,v3,407,106.7,218.1,1,20,L,3774.1208
traceE,v3,408,210.0,217.7,1,20,L,3792.7694
traceE,v3,409,136.2,218.0,1,20,L,3811.4623
traceE,v3,410,160.1,217.7,1,20,L,3830.1872
traceE,v3,411,191.1,219.1,1,20,L,3848.9537
traceE,v3,412,105.4,218.3,1,20,L,3867.7681
traceE,v3,413,102.0,219.3,1,20,L,3886.6043
traceE,v3,414,105.5,218.2,1,20,L,3905.4840
traceE,v3,415,105.5,217.7,1,20,L,3924.3833
traceE,v3,416,129.9,218.3,1,20,L,3943.3433
traceE,v3,417,203.7,217.9,1,20,L,3962.3269
traceE,v3,418,106.9,218.7,1,20,L,3981.3598
traceE,v3,419,104.7,217.9,1,20,L,4000.4196
traceE,v3,420,160.6,218.1,1,20,L,4019.5404
traceE,v3,421,186.5,217.1,1,20,L,4038.7107
traceE,v3,422,104.6,217.8,1,20,L,4057.9258
traceE,v3,423,104.4,216.8,1,20,L,4077.1940
traceE,v3,424,104.3,218.5,1,20,L,4096.5101
traceE,v3,425,108.2,218.3,1,20,L,4115.9013
traceE,v3,426,104.5,219.6,1,20,L,4135.3322
traceE,v3,427,102.4,219.1,1,20,L,4154.8296
traceE,v3,428,106.3,217.8,1,20,L,4174.3640
traceE,v3,429,191.1,218.0,1,20,L,4193.9731
traceE,v3,430,144.9,217.3,1,20,L,4213.6255
traceE,v3,431,104.9,217.2,1,20,L,4233.3294
traceE,v3,432,116.3,216.7,1,20,L,4253.0719
traceE,v3,433,210.0,217.9,1,20,L,4272.8626
traceE,v3,434,124.6,218.1,1,20,L,4292.7060
traceE,v3,435,171.5,218.7,1,20,L,4312.5755
traceE,v3,436,175.5,219.4,1,20,L,4332.4907
traceE,v3,437,119.2,218.4,1,20,L,4352.4267
traceE,v3,438,210.0,218.1,1,20,L,4372.4218
traceE,v3,439,126.6,217.9,1,20,L,4392.4380
traceE,v3,440,170.9,218.2,1,20,L,4412.4992
traceE,v3,441,179.3,216.8,1,20,L,4432.5821
traceE,v3,442,116.5,219.1,1,20,L,4452.7193
traceE,v3,443,210.0,218.3,1,20,L,4472.8994
traceE,v3,444,122.6,219.2,1,20,L,4493.1172
traceE,v3,445,172.2,218.2,1,20,L,4513.3820
traceE,v3,446,179.2,218.6,1,20,L,4533.6886
traceE,v3,447,103.2,218.7,1,20,L,4554.0664
traceE,v3,448,104.9,220.1,1,20,L,4574.4805
traceE,v3,449,191.2,218.9,1,20,L,4594.9599
traceE,v3,450,146.1,217.7,1,20,L,4615.4762
traceE,v3,451,107.6,217.9,1,20,L,4636.0697
traceE,v3,452,103.8,218.0,1,20,L,4656.7099
traceE,v3,453,104.5,218.4,1,20,L,4677.4065
traceE,v3,454,191.0,217.7,1,20,L,4698.1472
traceE,v3,455,143.0,218.4,1,20,L,4718.9429
traceE,v3,456,136.6,218.2,1,20,L,4739.7975
traceE,v3,457,197.4,218.6,1,20,L,4760.6848
traceE,v3,458,105.7,218.6,1,20,L,4781.6233
traceE,v3,459,104.5,219.9,1,20,L,4802.5876
traceE,v3,460,104.7,220.7,1,20,L,4823.6139
traceE,v3,461,136.5,218.1,1,20,L,4844.6632
traceE,v3,462,197.3,218.8,1,20,L,4865.7577
traceE,v3,463,103.4,218.2,1,20,L,4886.8726
traceE,v3,464,103.4,217.0,1,20,L,4908.0384
traceE,v3,465,105.3,218.0,1,20,L,4929.2429
traceE,v3,466,107.2,218.3,1,20,L,4950.4795
traceE,v3,467,119.9,217.7,1,20,L,4971.7572
traceE,v3,468,210.0,218.8,1,20,L,4993.0699
traceE,v3,469,124.7,219.8,1,20,L,5014.4478
traceE,v3,470,171.9,218.8,1,20,L,5035.8559
traceE,v3,471,175.1,220.4,1,20,L,5057.3246
traceE,v3,472,107.0,216.5,1,20,L,5078.8260
traceE,v3,473,103.1,218.7,1,20,L,5100.4028
traceE,v3,474,105.4,217.1,1,20,L,5122.0254
traceE,v3,475,103.9,218.1,1,20,L,5143.7054
traceE,v3,476,143.4,215.7,1,20,L,5165.4317
traceE,v3,477,191.0,217.2,1,20,L,5187.2171
traceE,v3,478,104.0,216.4,1,20,L,5209.0663
traceE,v3,479,104.1,218.9,1,20,L,5230.9542
traceE,v3,480,174.3,217.0,1,20,L,5252.8991
traceE,v3,481,174.4,218.4,1,20,L,5274.8766
traceE,v3,482,123.5,217.4,1,20,L,5296.9216
traceE,v3,483,210.0,216.6,1,20,L,5318.9950
traceE,v3,484,125.8,216.5,1,20,L,5341.1173
traceE,v3,485,103.3,217.3,1,20,L,5363.2632
traceE,v3,486,107.6,217.3,1,20,L,5385.4610
traceE,v3,487,125.4,219.0,1,20,L,5407.6971
traceE,v3,488,210.0,218.0,1,20,L,5429.9635
traceE,v3,489,120.3,216.2,1,20,L,5452.2677
traceE,v3,490,177.1,217.7,1,20,L,5474.6024
traceE,v3,491,173.7,218.5,1,20,L,5496.9969
traceE,v3,492,123.1,216.3,1,20,L,5519.4156
traceE,v3,493,210.0,217.4,1,20,L,5541.8889
traceE,v3,494,120.6,216.2,1,20,L,5564.3889
traceE,v3,495,173.4,217.5,1,20,L,5586.9592
traceE,v3,496,173.5,217.4,1,20,L,5609.5711
traceE,v3,497,126.2,217.5,1,20,L,5632.2372
traceE,v3,498,210.0,216.8,1,20,L,5654.9480
traceE,v3,499,121.8,218.4,1,20,L,5677.7176
traceE,v3,500,181.9,216.8,1,20,L,5700.5529
traceE,v3,501,168.2,216.2,1,20,L,5723.4295
traceE,v3,502,127.1,218.5,1,20,L,5746.3673
traceE,v3,503,210.0,216.9,1,20,L,5769.3427
traceE,v3,504,118.0,217.4,1,20,L,5792.3915
traceE,v3,505,103.5,216.0,1,20,L,5815.4746
traceE,v3,506,149.8,216.1,1,20,L,5838.6126
traceE,v3,507,184.7,215.9,1,20,L,5861.7797
traceE,v3,508,105.9,217.5,1,20,L,5885.0033
traceE,v3,509,197.3,215.8,1,20,L,5908.2685
traceE,v3,510,131.0,216.7,1,20,L,5931.5663
traceE,v3,511,145.6,216.9,1,20,L,5954.9027
traceE,v3,512,184.8,218.5,1,20,L,5978.2689
traceE,v3,513,103.1,217.3,1,20,L,6001.6923
traceE,v3,514,197.3,216.4,1,20,L,6025.1365
traceE,v3,515,134.9,217.2,1,20,L,6048.6309
traceE,v3,516,103.4,217.9,1,20,L,6072.1465
traceE,v3,517,103.0,216.6,1,20,L,6095.7267
traceE,v3,518,106.3,216.4,1,20,L,6119.3430
traceE,v3,519,197.4,217.0,1,20,L,6143.0079
traceE,v3,520,197.3,215.9,1,20,L,6166.7128
traceE,v3,521,104.3,218.0,1,20,L,6190.4729
traceE,v3,522,103.5,216.7,1,20,L,6214.2964
traceE,v3,523,103.8,217.4,1,20,L,6238.1601
traceE,v3,524,135.9,217.2,1,20,L,6262.0854
traceE,v3,525,197.4,218.4,1,20,L,6286.0500
traceE,v3,526,104.2,217.4,1,20,L,6310.0915
traceE,v3,527,186.4,216.9,1,20,L,6334.1715
traceE,v3,528,147.0,216.6,1,20,L,6358.3115
traceE,v3,529,103.7,216.9,1,20,L,6382.4863
traceE,v3,530,120.4,218.4,1,20,L,6406.7234
traceE,v3,531,209.9,217.5,1,20,L,6431.0074
traceE,v3,532,129.5,218.3,1,20,L,6455.3292
traceE,v3,533,169.4,218.3,1,20,L,6479.6935
traceE,v3,534,181.0,218.3,1,20,L,6504.0908
traceE,v3,535,117.3,217.4,1,20,L,6528.5465
traceE,v3,536,210.0,218.3,1,20,L,6553.0236
traceE,v3,537,125.3,217.3,1,20,L,6577.5493
traceE,v3,538,175.0,218.6,1,20,L,6602.0940
traceE,v3,539,180.2,219.3,1,20,L,6626.6992
traceE,v3,540,121.8,218.9,1,20,L,6651.3360
traceE,v3,541,209.9,218.5,1,20,L,6676.0162
traceE,v3,542,157.6,218.8,1,20,L,6700.7310
traceE,v3,543,110.4,218.8,1,20,L,6725.4953
traceE,v3,544,209.6,216.5,1,20,L,6750.3185
traceE,v3,545,167.9,217.5,1,20,L,6775.1773
traceE,v3,546,104.8,217.1,1,20,L,6800.0948
traceE,v3,547,203.6,218.5,1,20,L,6825.0494
traceE,v3,548,185.9,218.3,1,20,L,6850.0809
traceE,v3,549,105.9,218.2,1,20,L,6875.1514
traceE,v3,550,187.2,218.2,1,20,L,6900.2844
traceE,v3,551,197.3,217.2,1,20,L,6925.4552
traceE,v3,552,107.2,218.5,1,20,L,6950.6931
traceE,v3,553,173.6,217.3,1,20,L,6975.9827
traceE,v3,554,209.3,218.2,1,20,L,7001.3158
traceE,v3,555,110.9,219.5,1,20,L,7026.6966
traceE,v3,556,103.2,218.3,1,20,L,7052.1159
traceE,v3,557,107.2,217.4,1,20,L,7077.5976
traceE,v3,558,102.7,217.4,1,20,L,7103.1044
traceE,v3,559,105.0,217.9,1,20,L,7128.6621
traceE,v3,560,108.1,217.9,1,20,L,7154.2402
traceE,v3,561,101.4,218.0,1,20,L,7179.8780
traceE,v3,562,136.3,216.8,1,20,L,7205.5459
traceE,v3,563,210.0,217.9,1,20,L,7231.2542
traceE,v3,564,149.5,219.7,1,20,L,7256.9934
traceE,v3,565,120.7,219.0,1,20,L,7282.7772
traceE,v3,566,210.0,217.5,1,20,L,7308.6148
traceE,v3,567,161.6,218.7,1,20,L,7334.4826
traceE,v3,568,105.6,218.3,1,20,L,7360.4043
traceE,v3,569,210.0,217.6,1,20,L,7386.3581
traceE,v3,570,172.8,217.9,1,20,L,7412.3855
traceE,v3,571,107.2,217.2,1,20,L,7438.4491
traceE,v3,572,102.4,218.2,1,20,L,7464.5738
traceE,v3,573,128.0,217.3,1,20,L,7490.7361
traceE,v3,574,209.9,218.2,1,20,L,7516.9669
traceE,v3,575,128.9,216.6,1,20,L,7543.2519
traceE,v3,576,104.5,217.9,1,20,L,7569.5839
traceE,v3,577,103.6,216.2,1,20,L,7595.9680
traceE,v3,578,178.5,217.7,1,20,L,7622.3957
traceE,v3,579,209.9,217.5,1,20,L,7648.8908
traceE,v3,580,107.4,217.6,1,20,L,7675.4163
traceE,v3,581,159.8,217.7,1,20,L,7701.9971
traceE,v3,582,209.9,217.3,1,20,L,7728.6026
traceE,v3,583,120.0,218.1,1,20,L,7755.2705
traceE,v3,584,107.3,217.9,1,20,L,7781.9703
traceE,v3,585,104.8,218.4,1,20,L,7808.7110
traceE,v3,586,179.8,216.9,1,20,L,7835.4819
traceE,v3,587,179.0,218.1,1,20,L,7862.2952
traceE,v3,588,104.7,217.8,1,20,L,7889.1592
traceE,v3,589,172.1,219.2,1,20,L,7916.0493
traceE,v3,590,192.8,217.6,1,20,L,7942.9886
traceE,v3,591,102.2,218.3,1,20,L,7969.9548
traceE,v3,592,107.3,218.1,1,20,L,7996.9895
traceE,v3,593,104.9,218.5,1,20,L,8024.0557
traceE,v3,594,105.1,217.8,1,20,L,8051.1790
traceE,v3,595,104.5,217.0,1,20,L,8078.3362
traceE,v3,596,105.7,217.7,1,20,L,8105.5600
traceE,v3,597,101.9,217.4,1,20,L,8132.8372
traceE,v3,598,135.3,218.2,1,20,L,8160.1615
traceE,v3,599,210.0,218.5,1,20,L,8187.5394
traceE,v3,600,123.9,218.7,1,20,L,8214.9636
traceE,v3,601,117.7,217.9,1,20,L,8242.4591
traceE,v3,602,210.0,217.0,1,20,L,8269.9892
traceE,v3,603,139.5,216.9,1,20,L,8297.5795
traceE,v3,604,102.6,217.0,1,20,L,8325.1996
traceE,v3,605,210.0,216.8,1,20,L,8352.8866
traceE,v3,606,155.5,217.4,1,20,L,8380.6097
traceE,v3,607,103.7,217.9,1,20,L,8408.3773
traceE,v3,608,197.4,217.6,1,20,L,8436.1776
traceE,v3,609,167.8,218.0,1,20,L,8464.0215
traceE,v3,610,102.4,218.6,1,20,L,8491.9159
traceE,v3,611,181.9,218.8,1,20,L,8519.8352
traceE,v3,612,181.2,218.5,1,20,L,8547.8015
traceE,v3,613,104.1,217.8,1,20,L,8575.7912
traceE,v3,614,166.2,217.1,1,20,L,8603.8453
traceE,v3,615,192.7,217.7,1,20,L,8631.9260
traceE,v3,616,103.7,217.9,1,20,L,8660.0590
traceE,v3,617,105.8,217.2,1,20,L,8688.2209
traceE,v3,618,104.1,218.0,1,20,L,8716.4450
traceE,v3,619,180.2,217.0,1,20,L,8744.7189
traceE,v3,620,178.4,218.3,1,20,L,8773.0369
traceE,v3,621,103.2,216.7,1,20,L,8801.4068
traceE,v3,622,166.6,218.1,1,20,L,8829.8223
traceE,v3,623,182.1,218.1,1,20,L,8858.3101
traceE,v3,624,121.4,218.1,1,20,L,8886.8343
traceE,v3,625,209.9,218.1,1,20,L,8915.4216
traceE,v3,626,133.2,216.3,1,20,L,8944.0423
traceE,v3,627,103.2,218.4,1,20,L,8972.7345
traceE,v3,628,210.0,217.1,1,20,L,9001.4674
traceE,v3,629,147.1,217.5,1,20,L,9030.2494
traceE,v3,630,103.7,216.5,1,20,L,9059.0686
traceE,v3,631,105.7,217.9,1,20,L,9087.9354
traceE,v3,632,106.0,216.9,1,20,L,9116.8553
traceE,v3,633,103.8,218.1,1,20,L,9145.8024
traceE,v3,634,106.0,217.1,1,20,L,9174.7971
traceE,v3,635,209.9,216.6,1,20,L,9203.8151
traceE,v3,636,179.2,216.9,1,20,L,9232.8954
traceE,v3,637,105.4,215.4,1,20,L,9262.0000
traceE,v3,638,197.3,217.3,1,20,L,9291.1532
traceE,v3,639,191.7,215.9,1,20,L,9320.3312
traceE,v3,640,106.0,217.8,1,20,L,9349.5666
traceE,v3,641,105.1,215.9,1,20,L,9378.8472
traceE,v3,642,112.8,217.6,1,20,L,9408.1673
traceE,v3,643,209.9,216.9,1,20,L,9437.5352
traceE,v3,644,138.5,217.3,1,20,L,9466.9452
traceE,v3,645,161.4,216.9,1,20,L,9496.4255
traceE,v3,646,191.3,216.7,1,20,L,9525.9406
traceE,v3,647,107.4,217.5,1,20,L,9555.5188
traceE,v3,648,101.3,216.3,1,20,L,9585.1313
traceE,v3,649,106.8,217.5,1,20,L,9614.8178
traceE,v3,650,104.5,220.7,1,20,L,9644.5479
traceE,v3,651,122.7,218.6,1,20,L,9674.3312
traceE,v3,652,209.9,217.9,1,20,L,9704.1557
traceE,v3,653,160.7,218.4,1,20,L,9734.0327
traceE,v3,654,110.6,218.2,1,20,L,9763.9670
traceE,v3,655,209.9,217.9,1,20,L,9793.9328
traceE,v3,656,179.5,218.0,1,20,L,9823.9494
traceE,v3,657,103.0,218.2,1,20,L,9853.9923
traceE,v3,658,106.1,217.5,1,20,L,9884.0987
traceE,v3,659,102.9,218.0,1,20,L,9914.2300
traceE,v3,660,149.3,219.0,1,20,L,9944.4089
traceE,v3,661,209.9,216.6,1,20,L,9974.6111
traceE,v3,662,137.5,218.6,1,20,L,10004.8675
traceE,v3,663,136.9,217.0,1,20,L,10035.1656
traceE,v3,664,190.8,217.0,1,20,L,10065.4989
traceE,v3,665,106.7,218.7,1,20,L,10095.8757
traceE,v3,666,105.3,218.1,1,20,L,10126.2898
traceE,v3,667,172.2,217.6,1,20,L,10156.7703
traceE,v3,668,179.4,218.5,1,20,L,10187.2817
traceE,v3,669,106.5,218.3,1,20,L,10217.8535
traceE,v3,670,162.1,217.5,1,20,L,10248.4573
traceE,v3,671,192.7,218.1,1,20,L,10279.1347
traceE,v3,672,104.8,217.6,1,20,L,10309.8558
traceE,v3,673,105.2,218.4,1,20,L,10340.6317
traceE,v3,674,102.0,217.6,1,20,L,10371.4511
traceE,v3,675,105.1,218.2,1,20,L,10402.3263
traceE,v3,676,105.4,218.0,1,20,L,10433.2628
traceE,v3,677,108.2,218.0,1,20,L,10464.2353
traceE,v3,678,149.7,217.4,1,20,L,10495.2629
traceE,v3,679,203.6,219.2,1,20,L,10526.3212
traceE,v3,680,106.0,218.1,1,20,L,10557.4465
traceE,v3,681,105.8,218.4,1,20,L,10588.6000
traceE,v3,682,159.4,218.3,1,20,L,10619.8032
traceE,v3,683,209.8,217.5,1,20,L,10651.0311
traceE,v3,684,129.3,217.9,1,20,L,10682.3131
traceE,v3,685,144.2,217.3,1,20,L,10713.6357
traceE,v3,686,178.4,217.1,1,20,L,10744.9914
traceE,v3,687,106.5,217.5,1,20,L,10776.3878
traceE,v3,688,197.4,217.9,1,20,L,10807.8176
traceE,v3,689,128.4,217.4,1,20,L,10839.3097
traceE,v3,690,106.3,217.3,1,20,L,10870.8284
traceE,v3,691,103.7,218.2,1,20,L,10902.4033
traceE,v3,692,106.6,221.0,1,20,L,10934.0061
traceE,v3,693,138.7,218.6,1,20,L,10965.6795
traceE,v3,694,210.0,217.9,1,20,L,10997.3941
traceE,v3,695,149.2,219.4,1,20,L,11029.1620
traceE,v3,696,124.5,218.2,1,20,L,11060.9729
traceE,v3,697,197.7,218.3,1,20,L,11092.8405
traceE,v3,698,106.0,217.3,1,20,L,11124.7712
traceE,v3,699,179.9,217.1,1,20,L,11156.7405
traceE,v3,700,210.0,217.6,1,20,L,11188.7683
traceE,v3,701,106.4,217.9,1,20,L,11220.8310
traceE,v3,702,106.7,217.8,1,20,L,11252.9649
traceE,v3,703,105.1,216.7,1,20,L,11285.1313
traceE,v3,704,103.7,217.2,1,20,L,11317.3514
traceE,v3,705,154.6,217.4,1,20,L,11349.5998
traceE,v3,706,210.0,217.4,1,20,L,11381.9050
traceE,v3,707,129.4,217.3,1,20,L,11414.2525
traceE,v3,708,106.9,217.1,1,20,L,11446.6340
traceE,v3,709,103.0,217.3,1,20,L,11479.0559
traceE,v3,710,172.6,217.9,1,20,L,11511.5100
traceE,v3,711,186.6,217.3,1,20,L,11544.0239
traceE,v3,712,105.5,216.7,1,20,L,11576.5614
traceE,v3,713,159.1,217.4,1,20,L,11609.1514
traceE,v3,714,200.4,216.5,1,20,L,11641.7652
traceE,v3,715,103.5,218.5,1,20,L,11674.4454
traceE,v3,716,103.9,217.7,1,20,L,11707.1630
traceE,v3,717,106.9,217.5,1,20,L,11739.9302
traceE,v3,718,209.9,217.0,1,20,L,11772.7375
traceE,v3,719,184.8,218.2,1,20,L,11805.5994
traceE,v3,720,103.5,217.0,1,20,L,11838.5236
traceE,v3,721,105.3,217.8,1,20,L,11871.4863
traceE,v3,722,102.6,218.1,1,20,L,11904.5086
traceE,v3,723,106.3,217.5,1,20,L,11937.5677
traceE,v3,724,184.7,217.2,1,20,L,11970.7012
traceE,v3,725,203.8,217.3,1,20,L,12003.8706
traceE,v3,726,107.2,217.4,1,20,L,12037.0977
traceE,v3,727,172.1,217.7,1,20,L,12070.3573
traceE,v3,728,154.6,218.9,1,20,L,12103.6779
traceE,v3,729,118.8,217.4,1,20,L,12137.0444
traceE,v3,730,210.0,216.3,1,20,L,12170.4482
traceE,v3,731,107.2,217.1,1,20,L,12203.8947
traceE,v3,732,167.3,217.9,1,20,L,12237.3751
traceE,v3,733,209.9,217.5,1,20,L,12270.9153
traceE,v3,734,118.5,217.1,1,20,L,12304.4787
traceE,v3,735,103.5,217.7,1,20,L,12338.0930
traceE,v3,736,108.3,217.0,1,20,L,12371.7287
traceE,v3,737,184.8,218.4,1,20,L,12405.4274
traceE,v3,738,172.2,217.3,1,20,L,12439.1599
traceE,v3,739,105.5,218.3,1,20,L,12472.9379
traceE,v3,740,173.4,216.8,1,20,L,12506.7521
traceE,v3,741,184.8,218.6,1,20,L,12540.6171
traceE,v3,742,105.3,217.3,1,20,L,12574.5413
traceE,v3,743,102.8,218.5,1,20,L,12608.5013
traceE,v3,744,119.1,217.7,1,20,L,12642.5194
traceE,v3,745,210.0,215.9,1,20,L,12676.5734
traceE,v3,746,166.7,218.0,1,20,L,12710.7025
traceE,v3,747,104.1,216.8,1,20,L,12744.8686
traceE,v3,748,105.2,217.4,1,20,L,12779.0948
traceE,v3,749,105.5,217.7,1,20,L,12813.3565
traceE,v3,750,104.6,219.4,1,20,L,12847.6828
traceE,v3,751,198.3,216.7,1,20,L,12882.0589
traceE,v3,752,191.7,217.3,1,20,L,12916.4765
traceE,v3,753,106.0,217.1,1,20,L,12950.9405
traceE,v3,754,104.6,217.4,1,20,L,12985.4421
traceE,v3,755,105.0,216.5,1,20,L,13020.0061
traceE,v3,756,102.9,217.1,1,20,L,13054.5953
traceE,v3,757,171.6,217.4,1,20,L,13089.2364
traceE,v3,758,209.9,216.0,1,20,L,13123.8993
traceE,v3,759,117.4,216.9,1,20,L,13158.6238
traceE,v3,760,103.4,215.6,1,20,L,13193.3804
traceE,v3,761,106.4,216.3,1,20,L,13228.1798
traceE,v3,762,181.2,216.5,1,20,L,13263.0122
traceE,v3,763,178.2,217.5,1,20,L,13297.8914
traceE,v3,764,104.8,218.9,1,20,L,13332.8262
traceE,v3,765,102.2,217.8,1,20,L,13367.7928
traceE,v3,766,103.1,216.8,1,20,L,13402.8140
traceE,v3,767,106.2,217.0,1,20,L,13437.8680
traceE,v3,768,153.8,218.0,1,20,L,13472.9951
traceE,v3,769,203.7,216.2,1,20,L,13508.1579
traceE,v3,770,102.5,216.3,1,20,L,13543.3805
traceE,v3,771,107.2,215.8,1,20,L,13578.6390
traceE,v3,772,104.1,216.0,1,20,L,13613.9639
traceE,v3,773,203.6,216.1,1,20,L,13649.3410
traceE,v3,774,185.7,216.9,1,20,L,13684.7628
traceE,v3,775,105.6,216.0,1,20,L,13720.2344
traceE,v3,776,191.0,217.2,1,20,L,13755.7477
traceE,v3,777,197.5,216.8,1,20,L,13791.3270
traceE,v3,778,104.9,217.4,1,20,L,13826.9353
traceE,v3,779,107.1,217.5,1,20,L,13862.5985
traceE,v3,780,102.8,217.0,1,20,L,13898.2860
traceE,v3,781,105.3,218.4,1,20,L,13934.0367
traceE,v3,782,165.8,216.7,1,20,L,13969.8201
traceE,v3,783,210.0,217.3,1,20,L,14005.6459
traceE,v3,784,118.3,217.5,1,20,L,14041.5037
traceE,v3,785,153.5,218.9,1,20,L,14077.4060
traceE,v3,786,210.0,217.9,1,20,L,14113.3611
traceE,v3,787,129.4,220.6,1,20,L,14149.3443
traceE,v3,788,137.9,217.2,1,20,L,14185.3788
traceE,v3,789,209.9,217.8,1,20,L,14221.4418
traceE,v3,790,144.9,218.2,1,20,L,14257.5746
traceE,v3,791,104.5,217.4,1,20,L,14293.7397
traceE,v3,792,103.7,218.1,1,20,L,14329.9620
traceE,v3,793,156.9,218.4,1,20,L,14366.2181
traceE,v3,794,203.7,218.8,1,20,L,14402.5398
traceE,v3,795,107.4,217.4,1,20,L,14438.9137
traceE,v3,796,104.1,218.4,1,20,L,14475.3331
traceE,v3,797,105.3,217.7,1,20,L,14511.8042
traceE,v3,798,107.1,217.8,1,20,L,14548.3194
traceE,v3,799,103.4,218.0,1,20,L,14584.9039
traceE,v3,800,101.6,217.7,1,20,L,14621.5210
traceE,v3,801,191.0,217.8,1,20,L,14658.1966
traceE,v3,802,197.8,217.6,1,20,L,14694.9004
traceE,v3,803,105.1,218.3,1,20,L,14731.6704
traceE,v3,804,105.7,217.4,1,20,L,14768.4760
traceE,v3,805,105.6,218.1,1,20,L,14805.3261
traceE,v3,806,210.0,218.8,1,20,L,14842.2094
traceE,v3,807,149.0,218.3,1,20,L,14879.1376
traceE,v3,808,105.2,218.1,1,20,L,14916.1177
traceE,v3,809,107.2,218.7,1,20,L,14953.1245
traceE,v3,810,150.8,217.0,1,20,L,14990.1802
traceE,v3,811,209.9,219.5,1,20,L,15027.2615
traceE,v3,812,131.0,218.2,1,20,L,15064.4090
traceE,v3,813,136.5,218.1,1,20,L,15101.5850
traceE,v3,814,209.9,218.5,1,20,L,15138.8147
traceE,v3,815,144.7,216.8,1,20,L,15176.0746
traceE,v3,816,106.6,218.8,1,20,L,15213.3971
traceE,v3,817,104.2,217.4,1,20,L,15250.7696
traceE,v3,818,161.1,219.2,1,20,L,15288.1858
traceE,v3,819,197.4,217.6,1,20,L,15325.6531
traceE,v3,820,106.5,218.0,1,20,L,15363.1647
traceE,v3,821,105.3,218.7,1,20,L,15400.7469
traceE,v3,822,105.3,219.1,1,20,L,15438.3636
traceE,v3,823,104.7,218.2,1,20,L,15476.0415
traceE,v3,824,102.6,219.4,1,20,L,15513.7508
traceE,v3,825,107.5,216.7,1,20,L,15551.5299
traceE,v3,826,104.2,217.2,1,20,L,15589.3480
traceE,v3,827,127.2,218.1,1,20,L,15627.2142
traceE,v3,828,210.0,217.8,1,20,L,15665.1167
traceE,v3,829,125.6,218.6,1,20,L,15703.0665
traceE,v3,830,112.8,217.6,1,20,L,15741.0698
traceE,v3,831,210.0,218.3,1,20,L,15779.1008
traceE,v3,832,143.6,217.8,1,20,L,15817.1807
traceE,v3,833,102.0,217.5,1,20,L,15855.2853
traceE,v3,834,206.0,218.5,1,20,L,15893.4541
traceE,v3,835,154.8,217.5,1,20,L,15931.6491
traceE,v3,836,104.9,217.4,1,20,L,15969.8945
traceE,v3,837,191.1,216.7,1,20,L,16008.1667
traceE,v3,838,170.6,217.7,1,20,L,16046.4979
traceE,v3,839,104.2,217.3,1,20,L,16084.8755
traceE,v3,840,174.2,217.9,1,20,L,16123.2937
traceE,v3,841,185.7,217.4,1,20,L,16161.7601
traceE,v3,842,103.7,218.1,1,20,L,16200.2686
traceE,v3,843,161.9,217.2,1,20,L,16238.8469
traceE,v3,844,199.0,215.8,1,20,L,16277.4591
traceE,v3,845,103.7,217.8,1,20,L,16316.1330
traceE,v3,846,104.0,216.6,1,20,L,16354.8397
traceE,v3,847,104.9,219.5,1,20,L,16393.6186
traceE,v3,848,106.0,217.7,1,20,L,16432.4392
traceE,v3,849,103.2,218.0,1,20,L,16471.3111
traceE,v3,850,153.6,217.1,1,20,L,16510.2227
traceE,v3,851,209.9,216.0,1,20,L,16549.1853
traceE,v3,852,132.7,218.2,1,20,L,16588.2044
traceE,v3,853,143.1,217.2,1,20,L,16627.2543
traceE,v3,854,209.9,218.1,1,20,L,16666.3549
traceE,v3,855,146.2,218.1,1,20,L,16705.4821
traceE,v3,856,125.1,218.3,1,20,L,16744.6737
traceE,v3,857,209.9,217.9,1,20,L,16783.8912
traceE,v3,858,156.6,218.0,1,20,L,16823.1580
traceE,v3,859,105.1,217.8,1,20,L,16862.4498
traceE,v3,860,105.4,218.1,1,20,L,16901.7976
traceE,v3,861,104.6,217.4,1,20,L,16941.1890
traceE,v3,862,105.1,218.5,1,20,L,16980.6173
traceE,v3,863,209.9,217.5,1,20,L,17020.0905
traceE,v3,864,178.8,218.4,1,20,L,17059.6022
traceE,v3,865,105.0,218.3,1,20,L,17099.1810
traceE,v3,866,104.4,216.8,1,20,L,17138.7911
traceE,v3,867,104.6,217.7,1,20,L,17178.4614
traceE,v3,868,105.4,217.1,1,20,L,17218.1632
traceE,v3,869,184.7,215.9,1,20,L,17257.9375
traceE,v3,870,203.7,218.7,1,20,L,17297.7543
traceE,v3,871,104.5,218.5,1,20,L,17337.6241
traceE,v3,872,103.8,217.9,1,20,L,17377.5358
traceE,v3,873,106.0,216.9,1,20,L,17417.5016
traceE,v3,874,105.4,217.5,1,20,L,17457.5271
traceE,v3,875,157.0,217.8,1,20,L,17497.5869
traceE,v3,876,210.0,217.4,1,20,L,17537.7007
traceE,v3,877,123.9,217.7,1,20,L,17577.8442
traceE,v3,878,142.5,218.7,1,20,L,17618.0545
traceE,v3,879,209.9,217.7,1,20,L,17658.2929
traceE,v3,880,140.3,218.3,1,20,L,17698.5815
traceE,v3,881,130.0,217.2,1,20,L,17738.8956
traceE,v3,882,209.9,217.5,1,20,L,17779.2651
traceE,v3,883,152.1,217.1,1,20,L,17819.6767
traceE,v3,884,119.8,217.4,1,20,L,17860.1230
traceE,v3,885,209.9,216.5,1,20,L,17900.6117
traceE,v3,886,163.9,217.4,1,20,L,17941.1356
traceE,v3,887,103.7,215.9,1,20,L,17981.7233
traceE,v3,888,103.7,216.0,1,20,L,18022.3389
traceE,v3,889,144.3,217.8,1,20,L,18063.0117
traceE,v3,890,210.0,216.9,1,20,L,18103.7132
traceE,v3,891,113.3,217.9,1,20,L,18144.4851
traceE,v3,892,128.5,217.1,1,20,L,18185.2982
traceE,v3,893,210.0,216.9,1,20,L,18226.1638
traceE,v3,894,131.2,216.1,1,20,L,18267.0714
traceE,v3,895,104.6,216.3,1,20,L,18308.0343
traceE,v3,896,103.1,216.1,1,20,L,18349.0588
traceE,v3,897,104.2,216.3,1,20,L,18390.1202
traceE,v3,898,108.8,216.2,1,20,L,18431.2385
traceE,v3,899,203.6,217.0,1,20,L,18472.3900
traceE,v3,900,155.2,217.0,1,20,L,18513.6116
traceE,v3,901,105.2,217.6,1,20,L,18554.8644
traceE,v3,902,105.3,217.4,1,20,L,18596.1703
traceE,v3,903,144.1,216.7,1,20,L,18637.5042
traceE,v3,904,210.0,219.0,1,20,L,18678.8950
traceE,v3,905,139.7,217.1,1,20,L,18720.3286
traceE,v3,906,129.1,217.8,1,20,L,18761.7972
traceE,v3,907,210.0,217.4,1,20,L,18803.3074
traceE,v3,908,151.4,218.0,1,20,L,18844.8512
traceE,v3,909,104.6,217.5,1,20,L,18886.4564
traceE,v3,910,103.7,216.9,1,20,L,18928.0868
traceE,v3,911,108.5,217.9,1,20,L,18969.7714
traceE,v3,912,101.4,218.2,1,20,L,19011.4811
traceE,v3,913,108.3,218.5,1,20,L,19053.2583
traceE,v3,914,103.3,218.5,1,20,L,19095.0738
traceE,v3,915,105.1,217.9,1,20,L,19136.9393
traceE,v3,916,203.6,218.4,1,20,L,19178.8450
traceE,v3,917,179.4,219.5,1,20,L,19220.8049
traceE,v3,918,109.2,217.5,1,20,L,19262.8264
traceE,v3,919,188.1,218.8,1,20,L,19304.8852
traceE,v3,920,197.4,218.8,1,20,L,19347.0023
traceE,v3,921,104.6,218.2,1,20,L,19389.1546
traceE,v3,922,178.5,218.5,1,20,L,19431.3798
traceE,v3,923,210.0,217.9,1,20,L,19473.6392
traceE,v3,924,105.7,218.5,1,20,L,19515.9550
traceE,v3,925,161.8,217.2,1,20,L,19558.3021
traceE,v3,926,210.0,218.2,1,20,L,19600.7091
traceE,v3,927,118.0,219.1,1,20,L,19643.1615
traceE,v3,928,150.0,219.1,1,20,L,19685.6511
traceE,v3,929,210.0,218.0,1,20,L,19728.1835
traceE,v3,930,132.5,218.8,1,20,L,19770.7504
traceE,v3,931,136.7,217.8,1,20,L,19813.3781
traceE,v3,932,209.9,218.0,1,20,L,19856.0302
traceE,v3,933,147.8,218.5,1,20,L,19898.7346
traceE,v3,934,122.8,218.1,1,20,L,19941.4619
traceE,v3,935,210.0,218.7,1,20,L,19984.2537
traceE,v3,936,161.0,218.1,1,20,L,20027.0807
traceE,v3,937,105.1,218.5,1,20,L,20069.9546
traceE,v3,938,105.2,217.6,1,20,L,20112.8657
traceE,v3,939,102.4,219.2,1,20,L,20155.8282
traceE,v3,940,106.7,217.3,1,20,L,20198.8502
traceE,v3,941,204.8,218.0,1,20,L,20241.9080
traceE,v3,942,179.3,218.6,1,20,L,20285.0233
traceE,v3,943,106.6,220.7,1,20,L,20328.1738
traceE,v3,944,103.3,218.8,1,20,L,20371.3982
traceE,v3,945,106.8,217.9,1,20,L,20414.6583
traceE,v3,946,105.0,217.7,1,20,L,20457.9770
traceE,v3,947,184.9,218.6,1,20,L,20501.3297
traceE,v3,948,203.6,219.2,1,20,L,20544.7455
traceE,v3,949,105.5,217.6,1,20,L,20588.2098
traceE,v3,950,174.8,219.2,1,20,L,20631.7145
traceE,v3,951,209.9,218.4,1,20,L,20675.2648
traceE,v3,952,110.0,220.0,1,20,L,20718.8521
traceE,v3,953,105.0,217.9,1,20,L,20762.5018
traceE,v3,954,105.8,218.2,1,20,L,20806.1771
traceE,v3,955,105.3,218.7,1,20,L,20849.9048
traceE,v3,956,105.5,218.3,1,20,L,20893.6552
traceE,v3,957,103.5,219.3,1,20,L,20937.4686
traceE,v3,958,103.2,221.1,1,20,L,20981.3154
traceE,v3,959,106.6,218.5,1,20,L,21025.2065
traceE,v3,960,104.8,216.8,1,20,L,21069.1320
traceE,v3,961,171.6,219.2,1,20,L,21113.1057
traceE,v3,962,192.7,219.3,1,20,L,21157.1360
traceE,v3,963,105.5,219.8,1,20,L,21201.1990
traceE,v3,964,154.8,219.0,1,20,L,21245.3173
traceE,v3,965,207.4,217.8,1,20,L,21289.4684
traceE,v3,966,104.9,219.2,1,20,L,21333.6925
traceE,v3,967,104.9,218.3,1,20,L,21377.9518
traceE,v3,968,105.2,219.7,1,20,L,21422.2700
traceE,v3,969,105.8,218.2,1,20,L,21466.6230
traceE,v3,970,131.8,218.4,1,20,L,21511.0411
traceE,v3,971,209.9,217.3,1,20,L,21555.5099
traceE,v3,972,123.2,217.5,1,20,L,21600.0219
traceE,v3,973,106.2,217.0,1,20,L,21644.5825
traceE,v3,974,104.7,217.9,1,20,L,21689.1833
traceE,v3,975,177.9,216.8,1,20,L,21733.8493
traceE,v3,976,203.9,217.6,1,20,L,21778.5437
traceE,v3,977,105.8,217.8,1,20,L,21823.2925
traceE,v3,978,105.3,217.4,1,20,L,21868.0657
traceE,v3,979,105.1,218.5,1,20,L,21912.9024
traceE,v3,980,106.0,220.1,1,20,L,21957.7726
traceE,v3,981,103.1,218.4,1,20,L,22002.6862
traceE,v3,982,106.1,217.4,1,20,L,22047.6329
traceE,v3,983,192.7,219.0,1,20,L,22092.6255
traceE,v3,984,168.6,217.0,1,20,L,22137.6722
traceE,v3,985,106.2,217.6,1,20,L,22182.7486
traceE,v3,986,106.1,217.2,1,20,L,22227.8774
traceE,v3,987,102.9,217.4,1,20,L,22273.0358
traceE,v3,988,105.0,216.6,1,20,L,22318.2647
traceE,v3,989,164.9,216.9,1,20,L,22363.5263
traceE,v3,990,197.2,217.1,1,20,L,22408.8452
traceE,v3,991,107.6,217.2,1,20,L,22454.1978
traceE,v3,992,150.4,218.8,1,20,L,22499.6153
traceE,v3,993,209.9,218.4,1,20,L,22545.0841
traceE,v3,994,107.7,218.5,1,20,L,22590.5973
traceE,v3,995,104.5,217.5,1,20,L,22636.1608
traceE,v3,996,106.5,217.9,1,20,L,22681.7671
traceE,v3,997,102.8,217.6,1,20,L,22727.4414
traceE,v3,998,104.9,216.6,1,20,L,22773.1469
traceE,v3,999,105.6,217.0,1,20,L,22818.9098
traceF,fixed20,0,104.8,1861.9,1,6,,1.6133
traceF,fixed20,1,103.0,177.2,1,6,,1.6108
traceF,fixed20,2,106.4,174.6,1,6,,1.6084
traceF,fixed20,3,104.2,199.7,1,7,,1.6060
traceF,fixed20,4,104.3,198.7,1,7,,1.6035
traceF,fixed20,5,104.6,198.5,1,7,,1.6011
traceF,fixed20,6,104.9,199.2,1,7,,1.5987
traceF,fixed20,7,102.9,198.4,1,7,,1.5962
traceF,fixed20,8,104.7,175.9,1,6,,1.5938
traceF,fixed20,9,104.6,199.9,1,7,,1.5915
traceF,fixed20,10,104.4,198.3,1,7,,1.5891
traceF,fixed20,11,105.1,198.2,1,7,,1.5868
traceF,fixed20,12,104.8,198.6,1,7,,1.5845
traceF,fixed20,13,102.1,198.8,1,7,,1.5823
traceF,fixed20,14,104.8,198.7,1,7,,1.5801
traceF,fixed20,15,105.6,199.1,1,7,,1.5780
traceF,fixed20,16,105.5,197.6,1,7,,1.5759
traceF,fixed20,17,101.0,197.9,1,7,,1.5739
traceF,fixed20,18,105.9,199.0,1,7,,1.5720
traceF,fixed20,19,107.0,197.8,1,7,,1.5701
traceF,fixed20,20,101.7,199.6,1,7,,1.5683
traceF,fixed20,21,102.3,199.6,1,7,,1.5666
traceF,fixed20,22,105.9,197.5,1,7,,1.5650
traceF,fixed20,23,103.6,199.5,1,7,,1.5635
traceF,fixed20,24,105.6,199.7,1,7,,1.5620
traceF,fixed20,25,106.0,199.7,1,7,,1.5607
traceF,fixed20,26,104.2,198.8,1,7,,1.5595
traceF,fixed20,27,102.4,199.2,1,7,,1.5583
traceF,fixed20,28,103.9,199.8,1,7,,1.5573
traceF,fixed20,29,104.7,199.3,1,7,,1.5564
traceF,fixed20,30,104.0,199.0,1,7,,1.5556
traceF,fixed20,31,106.7,199.5,1,7,,1.5549
traceF,fixed20,32,103.6,174.6,1,6,,1.5543
traceF,fixed20,33,104.2,175.2,1,6,,1.5538
traceF,fixed20,34,101.9,176.5,1,6,,1.5535
traceF,fixed20,35,106.7,199.4,1,7,,1.5533
traceF,fixed20,36,103.8,199.9,1,7,,1.5532
traceF,fixed20,37,104.8,198.3,1,7,,1.5532
traceF,fixed20,38,103.8,199.4,1,7,,1.5533
traceF,fixed20,39,105.0,199.2,1,7,,1.5536
traceF,fixed20,40,104.3,200.3,1,7,,1.5540
traceF,fixed20,41,103.1,175.0,1,6,,1.5545
traceF,fixed20,42,105.5,199.4,1,7,,1.5551
traceF,fixed20,43,103.3,200.2,1,7,,1.5558
traceF,fixed20,44,103.7,200.1,1,7,,1.5567
traceF,fixed20,45,104.1,198.9,1,7,,1.5577
traceF,fixed20,46,106.5,200.4,1,7,,1.5588
traceF,fixed20,47,102.3,200.0,1,7,,1.5600
traceF,fixed20,48,104.6,199.5,1,7,,1.5613
traceF,fixed20,49,107.3,198.8,1,7,,1.5628
traceF,fixed20,50,102.7,200.3,1,7,,1.5643
traceF,fixed20,51,105.7,200.4,1,7,,1.5659
traceF,fixed20,52,104.1,200.6,1,7,,1.5677
traceF,fixed20,53,101.1,175.1,1,6,,1.5695
traceF,fixed20,54,104.5,199.0,1,7,,1.5715
traceF,fixed20,55,105.4,200.2,1,7,,1.5735
traceF,fixed20,56,104.5,200.3,1,7,,1.5756
traceF,fixed20,57,104.2,176.0,1,6,,1.5778
traceF,fixed20,58,104.8,176.2,1,6,,1.5801
traceF,fixed20,59,104.5,174.7,1,6,,1.5824
traceF,fixed20,60,104.3,176.3,1,6,,1.5849
traceF,fixed20,61,102.1,200.2,1,7,,1.5873
traceF,fixed20,62,106.1,199.8,1,7,,1.5899
traceF,fixed20,63,105.3,200.0,1,7,,1.5925
traceF,fixed20,64,101.9,175.4,1,6,,1.5951
traceF,fixed20,65,106.7,174.5,1,6,,1.5978
traceF,fixed20,66,104.7,199.7,1,7,,1.6005
traceF,fixed20,67,104.0,174.4,1,6,,1.6033
traceF,fixed20,68,102.0,200.0,1,7,,1.6061
traceF,fixed20,69,105.8,174.6,1,6,,1.6089
traceF,fixed20,70,103.7,174.7,1,6,,1.6117
traceF,fixed20,71,105.6,199.6,1,7,,1.6146
traceF,fixed20,72,104.4,174.7,1,6,,1.6174
traceF,fixed20,73,103.2,174.6,1,6,,1.6202
traceF,fixed20,74,103.9,174.6,1,6,,1.6231
traceF,fixed20,75,106.2,175.1,1,6,,1.6259
traceF,fixed20,76,103.2,200.2,1,7,,1.6287
traceF,fixed20,77,104.2,199.4,1,7,,1.6315
traceF,fixed20,78,105.7,200.4,1,7,,1.6342
traceF,fixed20,79,104.3,199.1,1,7,,1.6369
traceF,fixed20,80,104.6,174.6,1,6,,1.6396
traceF,fixed20,81,103.7,174.7,1,6,,1.6422
traceF,fixed20,82,103.6,200.2,1,7,,1.6448
traceF,fixed20,83,103.9,200.3,1,7,,1.6473
traceF,fixed20,84,105.7,199.7,1,7,,1.6497
traceF,fixed20,85,104.8,174.9,1,6,,1.6521
traceF,fixed20,86,104.3,175.0,1,6,,1.6543
traceF,fixed20,87,102.4,175.6,1,6,,1.6565
traceF,fixed20,88,104.1,174.5,1,6,,1.6587
traceF,fixed20,89,104.2,174.4,1,6,,1.6607
traceF,fixed20,90,104.3,199.5,1,7,,1.6626
traceF,fixed20,91,106.9,174.6,1,6,,1.6644
traceF,fixed20,92,101.8,200.1,1,7,,1.6661
traceF,fixed20,93,106.0,200.3,1,7,,1.6677
traceF,fixed20,94,106.6,174.7,1,6,,1.6692
traceF,fixed20,95,102.8,174.4,1,6,,1.6705
traceF,fixed20,96,104.4,200.4,1,7,,1.6717
traceF,fixed20,97,101.5,200.0,1,7,,1.6728
traceF,fixed20,98,108.5,200.2,1,7,,1.6738
traceF,fixed20,99,101.0,175.0,1,6,,1.6746
traceF,fixed20,100,105.4,200.1,1,7,,1.6752
traceF,fixed20,101,104.7,174.5,1,6,,1.6757
traceF,fixed20,102,104.6,174.7,1,6,,1.6761
traceF,fixed20,103,103.9,199.7,1,7,,1.6763
traceF,fixed20,104,104.6,174.5,1,6,,1.6763
traceF,fixed20,105,103.2,199.8,1,7,,1.6762
traceF,fixed20,106,104.6,199.7,1,7,,1.6759
traceF,fixed20,107,103.9,175.4,1,6,,1.6754
traceF,fixed20,108,108.5,174.5,1,6,,1.6747
traceF,fixed20,109,102.5,199.4,1,7,,1.6739
traceF,fixed20,110,102.1,174.7,1,6,,1.6729
traceF,fixed20,111,106.7,201.5,1,7,,1.6717
traceF,fixed20,112,102.7,177.7,1,6,,1.6703
traceF,fixed20,113,105.8,175.9,1,6,,1.6688
traceF,fixed20,114,106.1,201.0,1,7,,1.6670
traceF,fixed20,115,100.3,200.3,1,7,,1.6650
traceF,fixed20,116,106.2,199.8,1,7,,1.6629
traceF,fixed20,117,105.6,174.6,1,6,,1.6606
traceF,fixed20,118,104.7,199.9,1,7,,1.6580
traceF,fixed20,119,102.7,200.1,1,7,,1.6553
traceF,fixed20,120,103.9,200.3,1,7,,1.6524
traceF,fixed20,121,104.5,199.9,1,7,,1.6492
traceF,fixed20,122,106.4,174.5,1,6,,1.6459
traceF,fixed20,123,102.1,200.4,1,7,,1.6424
traceF,fixed20,124,103.4,200.0,1,7,,1.6387
traceF,fixed20,125,104.8,200.2,1,7,,1.6347
traceF,fixed20,126,103.1,199.7,1,7,,1.6306
traceF,fixed20,127,105.1,174.9,1,6,,1.6263
traceF,fixed20,128,103.7,176.6,1,6,,1.6218
traceF,fixed20,129,105.8,199.6,1,7,,1.6171
traceF,fixed20,130,103.1,200.4,1,7,,1.6121
traceF,fixed20,131,106.0,199.9,1,7,,1.6070
traceF,fixed20,132,104.4,199.9,1,7,,1.6017
traceF,fixed20,133,102.7,174.5,1,6,,1.5962
traceF,fixed20,134,103.8,199.6,1,7,,1.5906
traceF,fixed20,135,107.2,200.1,1,7,,1.5847
traceF,fixed20,136,106.1,200.1,1,7,,1.5787
traceF,fixed20,137,100.1,174.9,1,6,,1.5724
traceF,fixed20,138,104.1,199.7,1,7,,1.5660
traceF,fixed20,139,106.1,199.6,1,7,,1.5595
traceF,fixed20,140,104.2,175.1,1,6,,1.5527
traceF,fixed20,141,105.8,174.6,1,6,,1.5458
traceF,fixed20,142,102.0,199.8,1,7,,1.5388
traceF,fixed20,143,108.4,175.3,1,6,,1.5315
traceF,fixed20,144,102.7,199.9,1,7,,1.5242
traceF,fixed20,145,102.5,174.4,1,6,,1.5166
traceF,fixed20,146,104.2,200.4,1,7,,1.5090
traceF,fixed20,147,104.0,199.2,1,7,,1.5012
traceF,fixed20,148,104.5,199.7,1,7,,1.4933
traceF,fixed20,149,105.9,199.6,1,7,,1.4852
traceF,fixed20,150,101.8,199.5,1,7,,1.4770
traceF,fixed20,151,104.6,199.5,1,7,,1.4688
traceF,fixed20,152,106.3,199.4,1,7,,1.4604
traceF,fixed20,153,102.4,174.5,1,6,,1.4519
traceF,fixed20,154,106.3,199.6,1,7,,1.4434
traceF,fixed20,155,102.1,174.3,1,6,,1.4348
traceF,fixed20,156,105.7,197.7,1,7,,1.4261
traceF,fixed20,157,104.9,198.0,1,7,,1.4173
traceF,fixed20,158,106.5,175.9,1,6,,1.4085
traceF,fixed20,159,102.6,197.8,1,7,,1.3996
traceF,fixed20,160,104.7,198.5,1,7,,1.3908
traceF,fixed20,161,105.0,175.2,1,6,,1.3819
traceF,fixed20,162,101.7,174.8,1,6,,1.3730
traceF,fixed20,163,105.6,198.2,1,7,,1.3641
traceF,fixed20,164,105.4,199.9,1,7,,1.3552
traceF,fixed20,165,104.2,199.9,1,7,,1.3463
traceF,fixed20,166,105.2,199.1,1,7,,1.3375
traceF,fixed20,167,102.0,175.8,1,6,,1.3287
traceF,fixed20,168,103.4,198.3,1,7,,1.3200
traceF,fixed20,169,104.0,199.6,1,7,,1.3114
traceF,fixed20,170,104.4,199.9,1,7,,1.3028
traceF,fixed20,171,108.7,200.0,1,7,,1.2944
traceF,fixed20,172,100.0,199.8,1,7,,1.2861
traceF,fixed20,173,104.6,200.5,1,7,,1.2779
traceF,fixed20,174,105.1,199.9,1,7,,1.2699
traceF,fixed20,175,104.1,199.2,1,7,,1.2620
traceF,fixed20,176,106.7,200.2,1,7,,1.2543
traceF,fixed20,177,101.3,200.0,1,7,,1.2468
traceF,fixed20,178,106.3,174.7,1,6,,1.2395
traceF,fixed20,179,103.8,174.1,1,6,,1.2324
traceF,fixed20,180,103.4,174.1,1,6,,1.2256
traceF,fixed20,181,107.3,174.1,1,6,,1.2190
traceF,fixed20,182,102.2,174.5,1,6,,1.2127
traceF,fixed20,183,104.2,173.9,1,6,,1.2067
traceF,fixed20,184,103.4,174.2,1,6,,1.2010
traceF,fixed20,185,104.8,173.7,1,6,,1.1955
traceF,fixed20,186,107.1,174.6,1,6,,1.1905
traceF,fixed20,187,101.9,176.6,1,6,,1.1857
traceF,fixed20,188,104.6,175.1,1,6,,1.1814
traceF,fixed20,189,105.0,174.9,1,6,,1.1774
traceF,fixed20,190,104.4,174.1,1,6,,1.1738
traceF,fixed20,191,104.2,175.0,1,6,,1.1706
traceF,fixed20,192,103.8,174.7,1,6,,1.1678
traceF,fixed20,193,104.4,175.1,1,6,,1.1654
traceF,fixed20,194,106.7,174.8,1,6,,1.1634
traceF,fixed20,195,104.1,173.8,1,6,,1.1619
traceF,fixed20,196,103.7,174.5,1,6,,1.1609
traceF,fixed20,197,103.5,174.2,1,6,,1.1603
traceF,fixed20,198,104.5,174.4,1,6,,1.1602
traceF,fixed20,199,103.6,175.0,1,6,,1.1605
traceF,fixed20,200,103.8,174.5,1,6,,1.1613
traceF,fixed20,201,104.2,174.0,1,6,,1.1626
traceF,fixed20,202,103.7,173.8,1,6,,1.1644
traceF,fixed20,203,103.9,173.5,1,6,,1.1667
traceF,fixed20,204,106.3,173.4,1,6,,1.1694
traceF,fixed20,205,103.3,173.5,1,6,,1.1726
traceF,fixed20,206,104.1,174.2,1,6,,1.1764
traceF,fixed20,207,103.7,174.6,1,6,,1.1806
traceF,fixed20,208,105.6,173.9,1,6,,1.1852
traceF,fixed20,209,104.8,173.6,1,6,,1.1904
traceF,fixed20,210,104.6,175.5,1,6,,1.1959
traceF,fixed20,211,104.1,175.6,1,6,,1.2020
traceF,fixed20,212,107.7,174.4,1,6,,1.2085
traceF,fixed20,213,101.2,174.6,1,6,,1.2154
traceF,fixed20,214,102.7,174.6,1,6,,1.2228
traceF,fixed20,215,104.8,174.5,1,6,,1.2306
traceF,fixed20,216,104.8,173.7,1,6,,1.2388
traceF,fixed20,217,104.6,174.8,1,6,,1.2474
traceF,fixed20,218,104.1,174.6,1,6,,1.2564
traceF,fixed20,219,106.0,173.3,1,6,,1.2657
traceF,fixed20,220,103.4,176.2,1,6,,1.2754
traceF,fixed20,221,106.0,199.3,1,7,,1.2854
traceF,fixed20,222,100.1,199.9,1,7,,1.2958
traceF,fixed20,223,104.8,176.6,1,6,,1.3065
traceF,fixed20,224,106.0,200.1,1,7,,1.3175
traceF,fixed20,225,104.1,175.6,1,6,,1.3287
traceF,fixed20,226,106.1,174.7,1,6,,1.3403
traceF,fixed20,227,101.0,174.5,1,6,,1.3521
traceF,fixed20,228,105.6,200.1,1,7,,1.3641
traceF,fixed20,229,96.2,200.2,1,7,,1.3764
traceF,fixed20,230,104.2,201.4,1,7,,1.3888
traceF,fixed20,231,106.4,175.2,1,6,,1.4015
traceF,fixed20,232,101.4,174.8,1,6,,1.4143
traceF,fixed20,233,105.4,175.3,1,6,,1.4273
traceF,fixed20,234,102.6,175.1,1,6,,1.4404
traceF,fixed20,235,105.6,200.0,1,7,,1.4537
traceF,fixed20,236,102.1,174.8,1,6,,1.4671
traceF,fixed20,237,108.8,199.7,1,7,,1.4806
traceF,fixed20,238,99.6,200.5,1,7,,1.4942
traceF,fixed20,239,106.5,175.0,1,6,,1.5078
traceF,fixed20,240,105.8,200.2,1,7,,1.5216
traceF,fixed20,241,101.3,175.1,1,6,,1.5353
traceF,fixed20,242,104.4,199.4,1,7,,1.5491
traceF,fixed20,243,104.2,199.5,1,7,,1.5629
traceF,fixed20,244,107.4,175.3,1,6,,1.5767
traceF,fixed20,245,102.3,174.6,1,6,,1.5905
traceF,fixed20,246,106.5,174.5,1,6,,1.6043
traceF,fixed20,247,103.5,199.4,1,7,,1.6181
traceF,fixed20,248,104.6,176.4,1,6,,1.6318
traceF,fixed20,249,103.4,176.3,1,6,,1.6454
traceF,fixed20,250,104.2,177.2,1,6,,1.6590
traceF,fixed20,251,103.5,176.7,1,6,,1.6725
traceF,fixed20,252,105.4,175.0,1,6,,1.6859
traceF,fixed20,253,104.3,174.6,1,6,,1.6992
traceF,fixed20,254,105.3,174.9,1,6,,1.7124
traceF,fixed20,255,103.7,176.8,1,6,,1.7255
traceF,fixed20,256,104.0,174.7,1,6,,1.7384
traceF,fixed20,257,102.2,176.3,1,6,,1.7512
traceF,fixed20,258,104.9,177.7,1,6,,1.7638
traceF,fixed20,259,105.9,176.7,1,6,,1.7763
traceF,fixed20,260,103.8,176.3,1,6,,1.7885
traceF,fixed20,261,105.7,177.0,1,6,,1.8006
traceF,fixed20,262,103.6,175.7,1,6,,1.8125
traceF,fixed20,263,102.5,176.7,1,6,,1.8242
traceF,fixed20,264,104.5,178.4,1,6,,1.8357
traceF,fixed20,265,105.7,176.4,1,6,,1.8470
traceF,fixed20,266,104.1,178.2,1,6,,1.8580
traceF,fixed20,267,103.8,176.8,1,6,,1.8688
traceF,fixed20,268,104.8,175.7,1,6,,1.8793
traceF,fixed20,269,103.7,175.4,1,6,,1.8896
traceF,fixed20,270,105.0,175.0,1,6,,1.8996
traceF,fixed20,271,105.3,175.5,1,6,,1.9094
traceF,fixed20,272,103.0,175.7,1,6,,1.9189
traceF,fixed20,273,104.1,175.0,1,6,,1.9281
traceF,fixed20,274,106.1,174.9,1,6,,1.9370
traceF,fixed20,275,102.5,177.6,1,6,,1.9456
traceF,fixed20,276,106.2,176.2,1,6,,1.9539
traceF,fixed20,277,104.5,176.4,1,6,,1.9619
traceF,fixed20,278,105.6,200.8,1,7,,1.9696
traceF,fixed20,279,101.7,177.3,1,6,,1.9770
traceF,fixed20,280,103.1,176.2,1,6,,1.9840
traceF,fixed20,281,105.0,176.8,1,6,,1.9907
traceF,fixed20,282,104.6,175.5,1,6,,1.9970
traceF,fixed20,283,103.7,175.4,1,6,,2.0031
traceF,fixed20,284,106.5,175.2,1,6,,2.0087
traceF,fixed20,285,103.9,199.9,1,7,,2.0140
traceF,fixed20,286,104.1,175.4,1,6,,2.0190
traceF,fixed20,287,106.9,174.9,1,6,,2.0236
traceF,fixed20,288,100.3,175.7,1,6,,2.0278
traceF,fixed20,289,107.5,200.2,1,7,,2.0317
traceF,fixed20,290,102.2,174.8,1,6,,2.0351
traceF,fixed20,291,106.9,175.7,1,6,,2.0382
traceF,fixed20,292,102.1,200.2,1,7,,2.0410
traceF,fixed20,293,102.2,200.4,1,7,,2.0433
traceF,fixed20,294,105.7,174.4,1,6,,2.0452
traceF,fixed20,295,104.1,174.7,1,6,,2.0468
traceF,fixed20,296,107.8,174.9,1,6,,2.0479
traceF,fixed20,297,102.0,200.3,1,7,,2.0487
traceF,fixed20,298,104.6,199.9,1,7,,2.0490
traceF,fixed20,299,103.4,175.0,1,6,,2.0490
traceF,fixed20,300,107.0,175.0,1,6,,2.0485
traceF,fixed20,301,101.5,199.9,1,7,,2.0476
traceF,fixed20,302,105.9,174.8,1,6,,2.0463
traceF,fixed20,303,105.3,199.5,1,7,,2.0446
traceF,fixed20,304,101.9,199.5,1,7,,2.0425
traceF,fixed20,305,104.8,199.1,1,7,,2.0400
traceF,fixed20,306,105.8,201.1,1,7,,2.0371
traceF,fixed20,307,102.6,175.5,1,6,,2.0337
traceF,fixed20,308,105.9,199.8,1,7,,2.0299
traceF,fixed20,309,104.7,198.2,1,7,,2.0257
traceF,fixed20,310,102.7,199.5,1,7,,2.0211
traceF,fixed20,311,103.7,199.6,1,7,,2.0161
traceF,fixed20,312,105.8,200.0,1,7,,2.0107
traceF,fixed20,313,103.4,199.9,1,7,,2.0048
traceF,fixed20,314,105.3,199.4,1,7,,1.9985
traceF,fixed20,315,103.2,174.9,1,6,,1.9918
traceF,fixed20,316,103.6,198.7,1,7,,1.9847
traceF,fixed20,317,106.5,199.6,1,7,,1.9771
traceF,fixed20,318,102.9,200.4,1,7,,1.9691
traceF,fixed20,319,106.5,199.2,1,7,,1.9608
traceF,fixed20,320,104.7,199.2,1,7,,1.9520
traceF,fixed20,321,103.7,199.9,1,7,,1.9428
traceF,fixed20,322,101.7,200.6,1,7,,1.9332
traceF,fixed20,323,106.7,199.9,1,7,,1.9231
traceF,fixed20,324,104.0,199.2,1,7,,1.9127
traceF,fixed20,325,104.4,174.4,1,6,,1.9019
traceF,fixed20,326,103.1,198.9,1,7,,1.8907
traceF,fixed20,327,103.6,174.6,1,6,,1.8790
traceF,fixed20,328,107.5,199.3,1,7,,1.8670
traceF,fixed20,329,103.2,174.7,1,6,,1.8546
traceF,fixed20,330,104.9,200.2,1,7,,1.8418
traceF,fixed20,331,101.2,199.5,1,7,,1.8287
traceF,fixed20,332,104.4,174.9,1,6,,1.8151
traceF,fixed20,333,106.6,175.4,1,6,,1.8012
traceF,fixed20,334,104.0,174.6,1,6,,1.7869
traceF,fixed20,335,105.2,200.3,1,7,,1.7722
traceF,fixed20,336,103.9,174.4,1,6,,1.7572
traceF,fixed20,337,106.9,174.6,1,6,,1.7418
traceF,fixed20,338,100.8,200.2,1,7,,1.7261
traceF,fixed20,339,104.2,174.8,1,6,,1.7101
traceF,fixed20,340,104.3,200.2,1,7,,1.6937
traceF,fixed20,341,105.0,200.3,1,7,,1.6769
traceF,fixed20,342,105.5,200.0,1,7,,1.6599
traceF,fixed20,343,101.0,201.8,1,7,,1.6426
traceF,fixed20,344,108.5,175.1,1,6,,1.6249
traceF,fixed20,345,101.3,199.8,1,7,,1.6070
traceF,fixed20,346,105.0,201.0,1,7,,1.5887
traceF,fixed20,347,104.3,200.4,1,7,,1.5702
traceF,fixed20,348,103.9,175.1,1,6,,1.5514
traceF,fixed20,349,103.5,175.4,1,6,,1.5324
traceF,fixed20,350,106.4,176.4,1,6,,1.5131
traceF,fixed20,351,102.8,199.5,1,7,,1.4936
traceF,fixed20,352,104.2,199.9,1,7,,1.4739
traceF,fixed20,353,104.4,199.5,1,7,,1.4540
traceF,fixed20,354,105.8,174.6,1,6,,1.4339
traceF,fixed20,355,102.1,173.6,1,6,,1.4136
traceF,fixed20,356,104.9,174.9,1,6,,1.3931
traceF,fixed20,357,106.0,174.6,1,6,,1.3725
traceF,fixed20,358,101.8,174.0,1,6,,1.3517
traceF,fixed20,359,105.5,173.9,1,6,,1.3309
traceF,fixed20,360,106.6,175.7,1,6,,1.3099
traceF,fixed20,361,102.6,173.7,1,6,,1.2889
traceF,fixed20,362,104.6,173.8,1,6,,1.2678
traceF,fixed20,363,102.8,173.6,1,6,,1.2467
traceF,fixed20,364,106.1,174.3,1,6,,1.2256
traceF,fixed20,365,104.1,175.1,1,6,,1.2045
traceF,fixed20,366,104.3,174.0,1,6,,1.1834
traceF,fixed20,367,103.0,173.8,1,6,,1.1625
traceF,fixed20,368,107.1,174.5,1,6,,1.1416
traceF,fixed20,369,102.5,174.7,1,6,,1.1208
traceF,fixed20,370,103.9,173.5,1,6,,1.1003
traceF,fixed20,371,105.1,174.9,1,6,,1.0799
traceF,fixed20,372,102.9,173.6,1,6,,1.0598
traceF,fixed20,373,104.8,173.8,1,6,,1.0400
traceF,fixed20,374,106.2,175.0,1,6,,1.0205
traceF,fixed20,375,102.4,174.1,1,6,,1.0013
traceF,fixed20,376,105.2,174.3,1,6,,0.9826
traceF,fixed20,377,104.3,174.5,1,6,,0.9644
traceF,fixed20,378,103.4,174.3,1,6,,0.9467
traceF,fixed20,379,104.5,174.2,1,6,,0.9296
traceF,fixed20,380,106.2,174.0,1,6,,0.9131
traceF,fixed20,381,103.1,177.0,1,6,,0.8973
traceF,fixed20,382,105.7,175.7,1,6,,0.8823
traceF,fixed20,383,102.8,174.6,1,6,,0.8681
traceF,fixed20,384,106.5,174.1,1,6,,0.8547
traceF,fixed20,385,104.0,175.1,1,6,,0.8424
traceF,fixed20,386,103.5,174.4,1,6,,0.8310
traceF,fixed20,387,104.2,173.6,1,6,,0.8208
traceF,fixed20,388,106.1,174.9,1,6,,0.8116
traceF,fixed20,389,100.5,176.3,1,6,,0.8037
traceF,fixed20,390,106.3,174.3,1,6,,0.7970
traceF,fixed20,391,103.4,174.4,1,6,,0.7916
traceF,fixed20,392,105.8,174.7,1,6,,0.7876
traceF,fixed20,393,105.9,174.5,1,6,,0.7849
traceF,fixed20,394,104.6,175.3,1,6,,0.7836
traceF,fixed20,395,100.6,174.7,1,6,,0.7838
traceF,fixed20,396,105.8,174.2,1,6,,0.7853
traceF,fixed20,397,104.0,175.3,1,6,,0.7883
traceF,fixed20,398,103.9,174.5,1,6,,0.7928
traceF,fixed20,399,105.0,174.0,1,6,,0.7986
traceF,fixed20,400,105.4,174.3,1,6,,0.8058
traceF,fixed20,401,103.7,174.1,1,6,,0.8143
traceF,fixed20,402,103.1,173.2,1,6,,0.8242
traceF,fixed20,403,104.7,173.9,1,6,,0.8352
traceF,fixed20,404,104.9,173.6,1,6,,0.8475
traceF,fixed20,405,105.1,173.7,1,6,,0.8610
traceF,fixed20,406,103.8,174.7,1,6,,0.8755
traceF,fixed20,407,106.4,174.1,1,6,,0.8911
traceF,fixed20,408,102.7,174.5,1,6,,0.9076
traceF,fixed20,409,102.0,174.2,1,6,,0.9250
traceF,fixed20,410,107.3,173.7,1,6,,0.9433
traceF,fixed20,411,105.1,175.2,1,6,,0.9624
traceF,fixed20,412,102.8,174.0,1,6,,0.9823
traceF,fixed20,413,103.2,173.0,1,6,,1.0028
traceF,fixed20,414,106.4,175.5,1,6,,1.0239
traceF,fixed20,415,101.0,174.7,1,6,,1.0456
traceF,fixed20,416,108.1,174.4,1,6,,1.0678
traceF,fixed20,417,104.7,174.0,1,6,,1.0906
traceF,fixed20,418,100.8,175.5,1,6,,1.1137
traceF,fixed20,419,104.5,174.1,1,6,,1.1372
traceF,fixed20,420,103.5,174.3,1,6,,1.1611
traceF,fixed20,421,106.6,173.9,1,6,,1.1853
traceF,fixed20,422,106.0,174.8,1,6,,1.2098
traceF,fixed20,423,102.1,177.1,1,6,,1.2345
traceF,fixed20,424,105.5,176.1,1,6,,1.2594
traceF,fixed20,425,104.0,200.2,1,7,,1.2845
traceF,fixed20,426,102.6,200.4,1,7,,1.3097
traceF,fixed20,427,104.8,200.2,1,7,,1.3351
traceF,fixed20,428,103.8,174.7,1,6,,1.3605
traceF,fixed20,429,104.0,200.1,1,7,,1.3860
traceF,fixed20,430,106.2,175.1,1,6,,1.4115
traceF,fixed20,431,106.1,200.3,1,7,,1.4371
traceF,fixed20,432,102.8,175.2,1,6,,1.4626
traceF,fixed20,433,104.4,200.6,1,7,,1.4881
traceF,fixed20,434,104.5,176.1,1,6,,1.5136
traceF,fixed20,435,106.4,175.4,1,6,,1.5390
traceF,fixed20,436,101.6,201.2,1,7,,1.5643
traceF,fixed20,437,105.9,174.4,1,6,,1.5895
traceF,fixed20,438,101.6,174.5,1,6,,1.6146
traceF,fixed20,439,104.8,200.3,1,7,,1.6395
traceF,fixed20,440,106.4,175.1,1,6,,1.6643
traceF,fixed20,441,102.4,175.2,1,6,,1.6890
traceF,fixed20,442,103.5,174.7,1,6,,1.7134
traceF,fixed20,443,105.6,174.9,1,6,,1.7376
traceF,fixed20,444,104.3,174.4,1,6,,1.7616
traceF,fixed20,445,104.6,175.9,1,6,,1.7854
traceF,fixed20,446,105.6,174.7,1,6,,1.8090
traceF,fixed20,447,104.4,200.7,1,7,,1.8323
traceF,fixed20,448,104.0,175.1,1,6,,1.8553
traceF,fixed20,449,103.2,200.6,1,7,,1.8781
traceF,fixed20,450,103.3,201.2,1,7,,1.9006
traceF,fixed20,451,107.2,199.8,1,7,,1.9228
traceF,fixed20,452,103.7,175.6,1,6,,1.9446
traceF,fixed20,453,105.2,174.5,1,6,,1.9662
traceF,fixed20,454,101.5,174.6,1,6,,1.9874
traceF,fixed20,455,106.4,175.6,1,6,,2.0083
traceF,fixed20,456,103.2,174.9,1,6,,2.0288
traceF,fixed20,457,103.2,200.1,1,7,,2.0490
traceF,fixed20,458,104.2,174.7,1,6,,2.0688
traceF,fixed20,459,105.7,200.2,1,7,,2.0882
traceF,fixed20,460,107.7,200.3,1,7,,2.1072
traceF,fixed20,461,101.4,174.7,1,6,,2.1259
traceF,fixed20,462,107.9,199.5,1,7,,2.1441
traceF,fixed20,463,99.5,199.3,1,7,,2.1620
traceF,fixed20,464,104.3,198.8,1,7,,2.1794
traceF,fixed20,465,103.7,199.1,1,7,,2.1964
traceF,fixed20,466,106.7,200.7,1,7,,2.2129
traceF,fixed20,467,103.5,199.2,1,7,,2.2290
traceF,fixed20,468,104.7,200.2,1,7,,2.2447
traceF,fixed20,469,102.8,174.9,1,6,,2.2599
traceF,fixed20,470,106.1,199.1,1,7,,2.2747
traceF,fixed20,471,105.2,174.7,1,6,,2.2890
traceF,fixed20,472,102.4,175.1,1,6,,2.3028
traceF,fixed20,473,104.8,199.5,1,7,,2.3161
traceF,fixed20,474,106.7,174.5,1,6,,2.3290
traceF,fixed20,475,102.5,199.8,1,7,,2.3413
traceF,fixed20,476,105.0,175.1,1,6,,2.3532
traceF,fixed20,477,104.1,174.7,1,6,,2.3645
traceF,fixed20,478,105.0,200.2,1,7,,2.3754
traceF,fixed20,479,103.7,175.6,1,6,,2.3857
traceF,fixed20,480,102.6,174.8,1,6,,2.3956
traceF,fixed20,481,106.2,175.0,1,6,,2.4049
traceF,fixed20,482,103.1,174.6,1,6,,2.4137
traceF,fixed20,483,104.2,199.4,1,7,,2.4219
traceF,fixed20,484,104.3,175.4,1,6,,2.4296
traceF,fixed20,485,104.1,199.9,1,7,,2.4368
traceF,fixed20,486,103.3,178.4,1,6,,2.4435
traceF,fixed20,487,106.4,175.5,1,6,,2.4495
traceF,fixed20,488,103.8,175.2,1,6,,2.4551
traceF,fixed20,489,104.9,177.0,1,6,,2.4601
traceF,fixed20,490,103.9,176.9,1,6,,2.4645
traceF,fixed20,491,105.6,176.2,1,6,,2.4684
traceF,fixed20,492,103.4,175.6,1,6,,2.4718
traceF,fixed20,493,103.3,175.8,1,6,,2.4745
traceF,fixed20,494,106.2,174.8,1,6,,2.4768
traceF,fixed20,495,103.8,175.7,1,6,,2.4784
traceF,fixed20,496,104.4,174.8,1,6,,2.4795
traceF,fixed20,497,106.6,175.4,1,6,,2.4800
traceF,fixed20,498,102.9,175.0,1,6,,2.4799
traceF,fixed20,499,105.7,174.7,1,6,,2.4793
traceF,fixed20,500,103.7,176.9,1,6,,2.4781
traceF,fixed20,501,102.4,175.1,1,6,,2.4763
traceF,fixed20,502,103.9,175.1,1,6,,2.4739
traceF,fixed20,503,106.2,200.1,1,7,,2.4710
traceF,fixed20,504,104.3,201.1,1,7,,2.4675
traceF,fixed20,505,105.3,200.1,1,7,,2.4634
traceF,fixed20,506,104.0,177.2,1,6,,2.4587
traceF,fixed20,507,103.2,177.5,1,6,,2.4535
traceF,fixed20,508,103.8,176.0,1,6,,2.4477
traceF,fixed20,509,104.2,175.5,1,6,,2.4413
traceF,fixed20,510,104.8,174.6,1,6,,2.4343
traceF,fixed20,511,102.6,175.4,1,6,,2.4268
traceF,fixed20,512,104.6,174.7,1,6,,2.4187
traceF,fixed20,513,104.0,174.6,1,6,,2.4100
traceF,fixed20,514,105.9,175.2,1,6,,2.4007
traceF,fixed20,515,101.9,175.2,1,6,,2.3909
traceF,fixed20,516,104.1,174.8,1,6,,2.3805
traceF,fixed20,517,104.5,177.5,1,6,,2.3696
traceF,fixed20,518,107.2,176.9,1,6,,2.3581
traceF,fixed20,519,103.0,174.8,1,6,,2.3460
traceF,fixed20,520,107.6,176.6,1,6,,2.3334
traceF,fixed20,521,101.4,176.0,1,6,,2.3202
traceF,fixed20,522,102.5,175.1,1,6,,2.3065
traceF,fixed20,523,106.9,175.8,1,6,,2.2922
traceF,fixed20,524,104.7,201.3,1,7,,2.2774
traceF,fixed20,525,102.8,175.2,1,6,,2.2620
traceF,fixed20,526,104.1,175.3,1,6,,2.2461
traceF,fixed20,527,105.6,174.6,1,6,,2.2297
traceF,fixed20,528,104.7,176.5,1,6,,2.2127
traceF,fixed20,529,104.2,175.5,1,6,,2.1952
traceF,fixed20,530,102.7,175.1,1,6,,2.1772
traceF,fixed20,531,105.4,174.7,1,6,,2.1587
traceF,fixed20,532,103.6,176.2,1,6,,2.1397
traceF,fixed20,533,106.1,174.9,1,6,,2.1201
traceF,fixed20,534,103.4,174.6,1,6,,2.1001
traceF,fixed20,535,103.3,175.6,1,6,,2.0796
traceF,fixed20,536,103.6,174.8,1,6,,2.0586
traceF,fixed20,537,106.0,174.8,1,6,,2.0371
traceF,fixed20,538,102.7,200.3,1,7,,2.0152
traceF,fixed20,539,104.4,177.6,1,6,,1.9928
traceF,fixed20,540,105.6,176.9,1,6,,1.9699
traceF,fixed20,541,104.8,175.6,1,6,,1.9466
traceF,fixed20,542,104.5,175.0,1,6,,1.9228
traceF,fixed20,543,102.4,175.0,1,6,,1.8987
traceF,fixed20,544,106.4,200.3,1,7,,1.8741
traceF,fixed20,545,102.4,200.4,1,7,,1.8491
traceF,fixed20,546,106.5,175.4,1,6,,1.8236
traceF,fixed20,547,103.7,199.8,1,7,,1.7978
traceF,fixed20,548,103.4,175.3,1,6,,1.7716
traceF,fixed20,549,105.8,199.8,1,7,,1.7451
traceF,fixed20,550,105.6,200.4,1,7,,1.7182
traceF,fixed20,551,102.6,174.4,1,6,,1.6909
traceF,fixed20,552,103.9,174.5,1,6,,1.6633
traceF,fixed20,553,107.2,200.3,1,7,,1.6354
traceF,fixed20,554,102.3,174.5,1,6,,1.6072
traceF,fixed20,555,102.7,173.9,1,6,,1.5787
traceF,fixed20,556,103.9,175.8,1,6,,1.5499
traceF,fixed20,557,105.5,175.1,1,6,,1.5209
traceF,fixed20,558,104.1,174.2,1,6,,1.4917
traceF,fixed20,559,105.2,174.6,1,6,,1.4622
traceF,fixed20,560,103.3,173.5,1,6,,1.4325
traceF,fixed20,561,106.0,174.4,1,6,,1.4027
traceF,fixed20,562,106.0,173.3,1,6,,1.3727
traceF,fixed20,563,102.4,174.1,1,6,,1.3425
traceF,fixed20,564,103.6,174.0,1,6,,1.3123
traceF,fixed20,565,107.0,174.9,1,6,,1.2820
traceF,fixed20,566,102.1,173.7,1,6,,1.2517
traceF,fixed20,567,105.7,173.6,1,6,,1.2213
traceF,fixed20,568,102.5,173.7,1,6,,1.1910
traceF,fixed20,569,104.2,174.7,1,6,,1.1608
traceF,fixed20,570,105.9,173.7,1,6,,1.1306
traceF,fixed20,571,102.9,174.3,1,6,,1.1007
traceF,fixed20,572,104.6,174.7,1,6,,1.0709
traceF,fixed20,573,104.0,174.9,1,6,,1.0414
traceF,fixed20,574,103.6,173.6,1,6,,1.0123
traceF,fixed20,575,104.5,175.4,1,6,,0.9835
traceF,fixed20,576,105.5,174.6,1,6,,0.9552
traceF,fixed20,577,106.8,175.4,1,6,,0.9275
traceF,fixed20,578,99.5,175.7,1,6,,0.9004
traceF,fixed20,579,107.3,175.4,1,6,,0.8740
traceF,fixed20,580,101.5,175.5,1,6,,0.8485
traceF,fixed20,581,106.8,175.5,1,6,,0.8239
traceF,fixed20,582,105.5,174.5,1,6,,0.8004
traceF,fixed20,583,103.8,174.4,1,6,,0.7782
traceF,fixed20,584,103.2,176.4,1,6,,0.7572
traceF,fixed20,585,105.0,176.7,1,6,,0.7378
traceF,fixed20,586,102.3,173.5,1,6,,0.7201
traceF,fixed20,587,105.7,175.9,1,6,,0.7042
traceF,fixed20,588,104.5,176.5,1,6,,0.6902
traceF,fixed20,589,104.1,175.9,1,6,,0.6783
traceF,fixed20,590,103.7,174.1,1,6,,0.6688
traceF,fixed20,591,106.4,174.7,1,6,,0.6616
traceF,fixed20,592,104.8,174.7,1,6,,0.6568
traceF,fixed20,593,100.9,173.8,1,6,,0.6546
traceF,fixed20,594,106.9,174.0,1,6,,0.6551
traceF,fixed20,595,103.3,200.2,1,7,,0.6581
traceF,fixed20,596,106.3,200.2,1,7,,0.6637
traceF,fixed20,597,100.6,178.6,1,6,,0.6718
traceF,fixed20,598,105.0,173.7,1,6,,0.6823
traceF,fixed20,599,106.6,176.9,1,6,,0.6952
traceF,fixed20,600,104.8,174.3,1,6,,0.7103
traceF,fixed20,601,102.4,174.4,1,6,,0.7274
traceF,fixed20,602,104.0,173.3,1,6,,0.7465
traceF,fixed20,603,103.9,173.8,1,6,,0.7673
traceF,fixed20,604,106.5,172.4,1,6,,0.7897
traceF,fixed20,605,102.8,173.6,1,6,,0.8136
traceF,fixed20,606,105.3,173.5,1,6,,0.8389
traceF,fixed20,607,105.9,174.5,1,6,,0.8654
traceF,fixed20,608,102.3,173.5,1,6,,0.8929
traceF,fixed20,609,106.1,173.9,1,6,,0.9214
traceF,fixed20,610,100.8,173.4,1,6,,0.9508
traceF,fixed20,611,105.9,176.7,1,6,,0.9810
traceF,fixed20,612,103.7,175.4,1,6,,1.0118
traceF,fixed20,613,104.9,171.4,1,6,,1.0432
traceF,fixed20,614,104.8,175.4,1,6,,1.0752
traceF,fixed20,615,104.2,172.5,1,6,,1.1076
traceF,fixed20,616,104.2,173.0,1,6,,1.1404
traceF,fixed20,617,104.4,173.2,1,6,,1.1735
traceF,fixed20,618,103.3,199.1,1,7,,1.2070
traceF,fixed20,619,105.5,197.9,1,7,,1.2406
traceF,fixed20,620,104.9,197.8,1,7,,1.2745
traceF,fixed20,621,105.8,199.1,1,7,,1.3085
traceF,fixed20,622,100.7,198.5,1,7,,1.3426
traceF,fixed20,623,105.8,198.8,1,7,,1.3768
traceF,fixed20,624,107.5,199.4,1,7,,1.4110
traceF,fixed20,625,104.4,199.6,1,7,,1.4453
traceF,fixed20,626,99.7,198.0,1,7,,1.4795
traceF,fixed20,627,106.6,198.8,1,7,,1.5137
traceF,fixed20,628,104.2,199.6,1,7,,1.5478
traceF,fixed20,629,103.4,199.0,1,7,,1.5818
traceF,fixed20,630,105.2,175.8,1,6,,1.6157
traceF,fixed20,631,103.4,200.6,1,7,,1.6495
traceF,fixed20,632,103.2,174.8,1,6,,1.6831
traceF,fixed20,633,107.1,175.9,1,6,,1.7165
traceF,fixed20,634,102.1,200.3,1,7,,1.7498
traceF,fixed20,635,106.2,175.0,1,6,,1.7828
traceF,fixed20,636,105.4,174.5,1,6,,1.8156
traceF,fixed20,637,102.0,174.9,1,6,,1.8481
traceF,fixed20,638,106.1,174.4,1,6,,1.8804
traceF,fixed20,639,104.8,174.8,1,6,,1.9124
traceF,fixed20,640,103.8,174.6,1,6,,1.9441
traceF,fixed20,641,103.1,176.7,1,6,,1.9755
traceF,fixed20,642,107.2,200.9,1,7,,2.0065
traceF,fixed20,643,104.7,175.3,1,6,,2.0373
traceF,fixed20,644,103.3,175.1,1,6,,2.0677
traceF,fixed20,645,104.5,174.9,1,6,,2.0977
traceF,fixed20,646,102.9,200.4,1,7,,2.1274
traceF,fixed20,647,105.9,174.9,1,6,,2.1566
traceF,fixed20,648,100.8,174.9,1,6,,2.1855
traceF,fixed20,649,106.0,175.0,1,6,,2.2140
traceF,fixed20,650,102.8,175.2,1,6,,2.2420
traceF,fixed20,651,105.4,200.5,1,7,,2.2696
traceF,fixed20,652,105.1,175.4,1,6,,2.2968
traceF,fixed20,653,102.8,174.5,1,6,,2.3236
traceF,fixed20,654,105.8,175.3,1,6,,2.3498
traceF,fixed20,655,105.3,174.7,1,6,,2.3756
traceF,fixed20,656,102.1,200.2,1,7,,2.4010
traceF,fixed20,657,105.2,175.1,1,6,,2.4258
traceF,fixed20,658,106.4,175.0,1,6,,2.4502
traceF,fixed20,659,104.3,201.0,1,7,,2.4740
traceF,fixed20,660,103.3,200.5,1,7,,2.4973
traceF,fixed20,661,104.3,199.9,1,7,,2.5201
traceF,fixed20,662,102.4,174.7,1,6,,2.5424
traceF,fixed20,663,104.5,200.0,1,7,,2.5642
traceF,fixed20,664,104.9,175.2,1,6,,2.5854
traceF,fixed20,665,104.8,174.8,1,6,,2.6060
traceF,fixed20,666,105.8,174.6,1,6,,2.6261
traceF,fixed20,667,103.1,175.1,1,6,,2.6457
traceF,fixed20,668,103.1,174.8,1,6,,2.6646
traceF,fixed20,669,104.6,176.0,1,6,,2.6830
traceF,fixed20,670,104.6,200.0,1,7,,2.7008
traceF,fixed20,671,106.9,200.3,1,7,,2.7180
traceF,fixed20,672,103.5,174.9,1,6,,2.7346
traceF,fixed20,673,103.3,177.6,1,6,,2.7506
traceF,fixed20,674,106.8,176.0,1,6,,2.7660
traceF,fixed20,675,100.1,177.8,1,6,,2.7808
traceF,fixed20,676,107.2,176.1,1,6,,2.7949
traceF,fixed20,677,101.1,177.5,1,6,,2.8085
traceF,fixed20,678,108.0,176.4,1,6,,2.8214
traceF,fixed20,679,101.8,174.7,1,6,,2.8337
traceF,fixed20,680,171.7,175.0,1,6,,2.8453
traceF,fixed20,681,142.6,175.5,1,6,,2.8563
traceF,fixed20,682,101.6,174.7,1,6,,2.8667
traceF,fixed20,683,107.9,175.5,1,6,,2.8764
traceF,fixed20,684,102.4,175.4,1,6,,2.8854
traceF,fixed20,685,105.5,174.6,1,6,,2.8938
traceF,fixed20,686,103.1,175.4,1,6,,2.9016
traceF,fixed20,687,104.9,200.3,1,7,,2.9086
traceF,fixed20,688,104.7,200.0,1,7,,2.9151
traceF,fixed20,689,104.6,201.0,1,7,,2.9208
traceF,fixed20,690,102.1,175.1,1,6,,2.9259
traceF,fixed20,691,105.2,199.9,1,7,,2.9303
traceF,fixed20,692,104.4,175.3,1,6,,2.9340
traceF,fixed20,693,105.7,199.7,1,7,,2.9370
traceF,fixed20,694,104.1,175.5,1,6,,2.9394
traceF,fixed20,695,103.0,175.1,1,6,,2.9411
traceF,fixed20,696,104.6,174.9,1,6,,2.9421
traceF,fixed20,697,103.1,175.6,1,6,,2.9425
traceF,fixed20,698,105.0,175.3,1,6,,2.9421
traceF,fixed20,699,105.8,200.2,1,7,,2.9411
traceF,fixed20,700,102.7,175.2,1,6,,2.9394
traceF,fixed20,701,105.7,174.8,1,6,,2.9370
traceF,fixed20,702,106.4,175.2,1,6,,2.9339
traceF,fixed20,703,102.6,175.3,1,6,,2.9301
traceF,fixed20,704,106.8,174.4,1,6,,2.9257
traceF,fixed20,705,100.2,174.9,1,6,,2.9205
traceF,fixed20,706,104.8,200.3,1,7,,2.9147
traceF,fixed20,707,104.8,174.7,1,6,,2.9082
traceF,fixed20,708,105.4,175.1,1,6,,2.9011
traceF,fixed20,709,102.5,175.1,1,6,,2.8932
traceF,fixed20,710,106.6,200.6,1,7,,2.8847
traceF,fixed20,711,102.2,199.9,1,7,,2.8755
traceF,fixed20,712,105.8,177.2,1,6,,2.8656
traceF,fixed20,713,102.9,176.6,1,6,,2.8551
traceF,fixed20,714,104.3,175.9,1,6,,2.8439
traceF,fixed20,715,107.6,175.0,1,6,,2.8320
traceF,fixed20,716,102.1,174.5,1,6,,2.8195
traceF,fixed20,717,103.1,174.4,1,6,,2.8063
traceF,fixed20,718,104.3,199.9,1,7,,2.7925
traceF,fixed20,719,104.8,174.5,1,6,,2.7780
traceF,fixed20,720,104.2,175.4,1,6,,2.7629
traceF,fixed20,721,105.4,174.6,1,6,,2.7471
traceF,fixed20,722,104.5,199.9,1,7,,2.7308
traceF,fixed20,723,104.8,176.1,1,6,,2.7137
traceF,fixed20,724,103.0,175.2,1,6,,2.6961
traceF,fixed20,725,105.1,175.6,1,6,,2.6778
traceF,fixed20,726,102.8,174.5,1,6,,2.6589
traceF,fixed20,727,108.6,176.2,1,6,,2.6394
traceF,fixed20,728,100.0,176.6,1,6,,2.6193
traceF,fixed20,729,105.4,175.9,1,6,,2.5986
traceF,fixed20,730,105.2,176.3,1,6,,2.5773
traceF,fixed20,731,105.2,175.0,1,6,,2.5555
traceF,fixed20,732,102.1,175.6,1,6,,2.5330
traceF,fixed20,733,105.5,175.0,1,6,,2.5100
traceF,fixed20,734,103.0,175.3,1,6,,2.4865
traceF,fixed20,735,107.2,175.3,1,6,,2.4624
traceF,fixed20,736,101.6,175.0,1,6,,2.4377
traceF,fixed20,737,107.0,175.7,1,6,,2.4125
traceF,fixed20,738,103.6,175.5,1,6,,2.3868
traceF,fixed20,739,104.8,175.0,1,6,,2.3606
traceF,fixed20,740,102.2,175.3,1,6,,2.3339
traceF,fixed20,741,105.4,175.2,1,6,,2.3067
traceF,fixed20,742,105.0,175.5,1,6,,2.2790
traceF,fixed20,743,103.2,174.7,1,6,,2.2509
traceF,fixed20,744,103.8,174.9,1,6,,2.2223
traceF,fixed20,745,104.6,201.3,1,7,,2.1932
traceF,fixed20,746,104.5,200.3,1,7,,2.1637
traceF,fixed20,747,105.6,201.4,1,7,,2.1339
traceF,fixed20,748,103.1,199.8,1,7,,2.1036
traceF,fixed20,749,104.5,200.0,1,7,,2.0729
traceF,fixed20,750,103.2,199.9,1,7,,2.0419
traceF,fixed20,751,106.8,200.0,1,7,,2.0105
traceF,fixed20,752,104.4,175.7,1,6,,1.9787
traceF,fixed20,753,103.7,174.5,1,6,,1.9467
traceF,fixed20,754,103.8,174.7,1,6,,1.9144
traceF,fixed20,755,103.1,199.5,1,7,,1.8818
traceF,fixed20,756,105.9,199.7,1,7,,1.8489
traceF,fixed20,757,103.9,174.7,1,6,,1.8158
traceF,fixed20,758,105.1,174.7,1,6,,1.7825
traceF,fixed20,759,103.1,200.1,1,7,,1.7491
traceF,fixed20,760,104.0,199.0,1,7,,1.7155
traceF,fixed20,761,104.7,198.8,1,7,,1.6817
traceF,fixed20,762,105.6,200.5,1,7,,1.6479
traceF,fixed20,763,104.8,174.7,1,6,,1.6140
traceF,fixed20,764,104.3,201.4,1,7,,1.5801
traceF,fixed20,765,102.3,200.1,1,7,,1.5462
traceF,fixed20,766,106.5,199.7,1,7,,1.5124
traceF,fixed20,767,102.0,198.7,1,7,,1.4787
traceF,fixed20,768,106.6,175.5,1,6,,1.4451
traceF,fixed20,769,103.1,174.8,1,6,,1.4118
traceF,fixed20,770,104.6,174.7,1,6,,1.3787
traceF,fixed20,771,106.2,198.3,1,7,,1.3459
traceF,fixed20,772,102.2,198.2,1,7,,1.3134
traceF,fixed20,773,103.3,198.7,1,7,,1.2815
traceF,fixed20,774,105.5,199.9,1,7,,1.2500
traceF,fixed20,775,104.8,199.3,1,7,,1.2192
traceF,fixed20,776,103.5,199.5,1,7,,1.1891
traceF,fixed20,777,106.3,199.0,1,7,,1.1597
traceF,fixed20,778,101.5,199.0,1,7,,1.1312
traceF,fixed20,779,106.7,174.8,1,6,,1.1037
traceF,fixed20,780,102.1,197.7,1,7,,1.0774
traceF,fixed20,781,107.0,198.4,1,7,,1.0522
traceF,fixed20,782,101.9,199.0,1,7,,1.0284
traceF,fixed20,783,105.8,199.6,1,7,,1.0060
traceF,fixed20,784,105.1,200.0,1,7,,0.9853
traceF,fixed20,785,102.9,198.1,1,7,,0.9663
traceF,fixed20,786,107.9,199.8,1,7,,0.9492
traceF,fixed20,787,102.1,199.4,1,7,,0.9341
traceF,fixed20,788,104.7,198.7,1,7,,0.9212
traceF,fixed20,789,103.9,199.0,1,7,,0.9105
traceF,fixed20,790,105.7,200.3,1,7,,0.9021
traceF,fixed20,791,102.6,200.0,1,7,,0.8962
traceF,fixed20,792,103.7,200.4,1,7,,0.8928
traceF,fixed20,793,104.4,198.7,1,7,,0.8920
traceF,fixed20,794,105.4,175.6,1,6,,0.8937
traceF,fixed20,795,102.5,175.5,1,6,,0.8980
traceF,fixed20,796,105.0,176.4,1,6,,0.9048
traceF,fixed20,797,105.2,176.9,1,6,,0.9141
traceF,fixed20,798,102.6,174.6,1,6,,0.9258
traceF,fixed20,799,104.7,200.4,1,7,,0.9399
traceF,fixed20,800,107.0,200.3,1,7,,0.9561
traceF,fixed20,801,103.9,200.0,1,7,,0.9745
traceF,fixed20,802,104.4,174.9,1,6,,0.9948
traceF,fixed20,803,103.7,175.3,1,6,,1.0170
traceF,fixed20,804,105.5,174.4,1,6,,1.0409
traceF,fixed20,805,104.5,176.6,1,6,,1.0664
traceF,fixed20,806,101.9,174.8,1,6,,1.0934
traceF,fixed20,807,102.3,200.1,1,7,,1.1217
traceF,fixed20,808,106.7,200.1,1,7,,1.1513
traceF,fixed20,809,104.0,200.3,1,7,,1.1819
traceF,fixed20,810,105.3,174.8,1,6,,1.2136
traceF,fixed20,811,104.6,174.6,1,6,,1.2461
traceF,fixed20,812,103.6,200.6,1,7,,1.2795
traceF,fixed20,813,104.7,174.9,1,6,,1.3136
traceF,fixed20,814,104.1,178.8,1,6,,1.3484
traceF,fixed20,815,103.0,177.3,1,6,,1.3838
traceF,fixed20,816,105.8,200.2,1,7,,1.4196
traceF,fixed20,817,104.3,177.9,1,6,,1.4559
traceF,fixed20,818,103.5,176.0,1,6,,1.4926
traceF,fixed20,819,106.2,200.6,1,7,,1.5296
traceF,fixed20,820,101.5,174.9,1,6,,1.5668
traceF,fixed20,821,106.3,176.2,1,6,,1.6043
traceF,fixed20,822,102.8,175.3,1,6,,1.6420
traceF,fixed20,823,105.0,175.4,1,6,,1.6798
traceF,fixed20,824,102.9,175.4,1,6,,1.7177
traceF,fixed20,825,106.6,175.6,1,6,,1.7556
traceF,fixed20,826,103.1,175.3,1,6,,1.7936
traceF,fixed20,827,104.0,176.5,1,6,,1.8315
traceF,fixed20,828,103.7,175.8,1,6,,1.8695
traceF,fixed20,829,104.0,175.3,1,6,,1.9073
traceF,fixed20,830,105.3,174.8,1,6,,1.9450
traceF,fixed20,831,106.1,175.6,1,6,,1.9827
traceF,fixed20,832,105.0,175.7,1,6,,2.0201
traceF,fixed20,833,100.8,176.9,1,6,,2.0574
traceF,fixed20,834,105.4,200.2,1,7,,2.0945
traceF,fixed20,835,103.5,175.1,1,6,,2.1313
traceF,fixed20,836,103.3,201.5,1,7,,2.1679
traceF,fixed20,837,105.4,175.3,1,6,,2.2043
traceF,fixed20,838,105.0,175.1,1,6,,2.2404
traceF,fixed20,839,105.5,175.2,1,6,,2.2761
traceF,fixed20,840,104.3,174.8,1,6,,2.3116
traceF,fixed20,841,105.8,175.4,1,6,,2.3467
traceF,fixed20,842,103.0,175.5,1,6,,2.3814
traceF,fixed20,843,104.9,200.5,1,7,,2.4158
traceF,fixed20,844,104.3,178.0,1,6,,2.4498
traceF,fixed20,845,102.5,176.9,1,6,,2.4834
traceF,fixed20,846,107.5,174.6,1,6,,2.5166
traceF,fixed20,847,100.4,175.3,1,6,,2.5494
traceF,fixed20,848,104.6,200.3,1,7,,2.5817
traceF,fixed20,849,106.8,176.3,1,6,,2.6135
traceF,fixed20,850,104.4,175.3,1,6,,2.6449
traceF,fixed20,851,104.4,175.5,1,6,,2.6758
traceF,fixed20,852,104.2,175.3,1,6,,2.7062
traceF,fixed20,853,101.4,174.6,1,6,,2.7362
traceF,fixed20,854,104.7,175.8,1,6,,2.7655
traceF,fixed20,855,104.1,175.1,1,6,,2.7944
traceF,fixed20,856,106.2,175.5,1,6,,2.8227
traceF,fixed20,857,103.4,174.9,1,6,,2.8505
traceF,fixed20,858,105.6,175.7,1,6,,2.8777
traceF,fixed20,859,103.4,175.7,1,6,,2.9044
traceF,fixed20,860,104.5,200.5,1,7,,2.9304
traceF,fixed20,861,106.4,177.3,1,6,,2.9559
traceF,fixed20,862,102.8,175.4,1,6,,2.9808
traceF,fixed20,863,102.1,174.8,1,6,,3.0051
traceF,fixed20,864,104.7,175.8,1,6,,3.0287
traceF,fixed20,865,104.9,175.6,1,6,,3.0518
traceF,fixed20,866,103.9,174.7,1,6,,3.0742
traceF,fixed20,867,104.9,175.5,1,6,,3.0959
traceF,fixed20,868,107.1,177.6,1,6,,3.1171
traceF,fixed20,869,102.6,177.4,1,6,,3.1375
traceF,fixed20,870,103.4,175.5,1,6,,3.1573
traceF,fixed20,871,105.2,176.5,1,6,,3.1765
traceF,fixed20,872,103.2,176.1,1,6,,3.1950
traceF,fixed20,873,103.5,175.5,1,6,,3.2127
traceF,fixed20,874,105.7,175.3,1,6,,3.2298
traceF,fixed20,875,103.0,175.2,1,6,,3.2463
traceF,fixed20,876,106.4,175.7,1,6,,3.2620
traceF,fixed20,877,105.1,175.7,1,6,,3.2770
traceF,fixed20,878,102.8,175.5,1,6,,3.2913
traceF,fixed20,879,103.6,175.3,1,6,,3.3049
traceF,fixed20,880,103.7,175.3,1,6,,3.3177
traceF,fixed20,881,106.3,174.8,1,6,,3.3299
traceF,fixed20,882,104.2,174.6,1,6,,3.3413
traceF,fixed20,883,102.7,201.3,1,7,,3.3520
traceF,fixed20,884,104.5,175.1,1,6,,3.3620
traceF,fixed20,885,105.5,174.7,1,6,,3.3712
traceF,fixed20,886,103.8,175.7,1,6,,3.3797
traceF,fixed20,887,103.6,175.3,1,6,,3.3874
traceF,fixed20,888,106.1,175.6,1,6,,3.3944
traceF,fixed20,889,106.1,175.6,1,6,,3.4007
traceF,fixed20,890,100.9,176.8,1,6,,3.4062
traceF,fixed20,891,105.5,175.7,1,6,,3.4109
traceF,fixed20,892,105.7,175.5,1,6,,3.4149
traceF,fixed20,893,103.2,175.5,1,6,,3.4181
traceF,fixed20,894,104.6,176.4,1,6,,3.4206
traceF,fixed20,895,101.8,175.5,1,6,,3.4223
traceF,fixed20,896,106.6,174.5,1,6,,3.4233
traceF,fixed20,897,102.8,174.7,1,6,,3.4235
traceF,fixed20,898,104.2,174.9,1,6,,3.4230
traceF,fixed20,899,103.9,175.7,1,6,,3.4216
traceF,fixed20,900,106.3,174.9,1,6,,3.4196
traceF,fixed20,901,104.3,174.4,1,6,,3.4167
traceF,fixed20,902,103.4,174.4,1,6,,3.4131
traceF,fixed20,903,103.0,175.5,1,6,,3.4088
traceF,fixed20,904,107.4,174.8,1,6,,3.4037
traceF,fixed20,905,101.6,174.9,1,6,,3.3978
traceF,fixed20,906,105.7,175.0,1,6,,3.3912
traceF,fixed20,907,103.2,201.2,1,7,,3.3839
traceF,fixed20,908,104.3,177.1,1,6,,3.3758
traceF,fixed20,909,104.0,176.5,1,6,,3.3669
traceF,fixed20,910,107.9,176.8,1,6,,3.3573
traceF,fixed20,911,103.0,176.9,1,6,,3.3470
traceF,fixed20,912,104.5,175.0,1,6,,3.3359
traceF,fixed20,913,104.5,175.7,1,6,,3.3241
traceF,fixed20,914,104.6,200.3,1,7,,3.3116
traceF,fixed20,915,104.2,175.4,1,6,,3.2983
traceF,fixed20,916,103.5,174.9,1,6,,3.2843
traceF,fixed20,917,104.3,175.1,1,6,,3.2697
traceF,fixed20,918,105.4,201.1,1,7,,3.2543
traceF,fixed20,919,102.5,200.3,1,7,,3.2382
traceF,fixed20,920,103.8,174.7,1,6,,3.2214
traceF,fixed20,921,104.7,200.0,1,7,,3.2039
traceF,fixed20,922,105.7,200.2,1,7,,3.1857
traceF,fixed20,923,103.0,199.0,1,7,,3.1669
traceF,fixed20,924,103.9,199.6,1,7,,3.1473
traceF,fixed20,925,105.4,198.6,1,7,,3.1272
traceF,fixed20,926,105.6,199.6,1,7,,3.1063
traceF,fixed20,927,101.6,175.6,1,6,,3.0848
traceF,fixed20,928,105.9,200.2,1,7,,3.0627
traceF,fixed20,929,105.2,199.6,1,7,,3.0399
traceF,fixed20,930,103.3,200.0,1,7,,3.0166
traceF,fixed20,931,104.8,199.3,1,7,,2.9926
traceF,fixed20,932,101.5,199.4,1,7,,2.9680
traceF,fixed20,933,104.6,174.5,1,6,,2.9428
traceF,fixed20,934,106.4,174.8,1,6,,2.9171
traceF,fixed20,935,103.9,200.1,1,7,,2.8907
traceF,fixed20,936,106.7,175.2,1,6,,2.8639
traceF,fixed20,937,102.6,175.6,1,6,,2.8364
traceF,fixed20,938,106.4,200.4,1,7,,2.8085
traceF,fixed20,939,102.8,175.1,1,6,,2.7800
traceF,fixed20,940,104.7,201.0,1,7,,2.7511
traceF,fixed20,941,101.9,174.8,1,6,,2.7216
traceF,fixed20,942,107.0,201.1,1,7,,2.6917
traceF,fixed20,943,101.3,175.1,1,6,,2.6613
traceF,fixed20,944,104.2,174.8,1,6,,2.6305
traceF,fixed20,945,104.7,176.3,1,6,,2.5992
traceF,fixed20,946,107.4,175.5,1,6,,2.5676
traceF,fixed20,947,102.6,200.7,1,7,,2.5356
traceF,fixed20,948,104.8,200.3,1,7,,2.5032
traceF,fixed20,949,104.4,175.5,1,6,,2.4704
traceF,fixed20,950,104.8,174.5,1,6,,2.4374
traceF,fixed20,951,104.6,174.4,1,6,,2.4040
traceF,fixed20,952,105.8,200.5,1,7,,2.3704
traceF,fixed20,953,101.2,176.4,1,6,,2.3365
traceF,fixed20,954,104.5,201.3,1,7,,2.3024
traceF,fixed20,955,104.2,174.9,1,6,,2.2681
traceF,fixed20,956,103.9,201.2,1,7,,2.2337
traceF,fixed20,957,104.7,178.7,1,6,,2.1991
traceF,fixed20,958,104.2,199.6,1,7,,2.1644
traceF,fixed20,959,107.3,174.8,1,6,,2.1296
traceF,fixed20,960,101.7,174.5,1,6,,2.0948
traceF,fixed20,961,106.7,200.3,1,7,,2.0600
traceF,fixed20,962,100.2,200.2,1,7,,2.0252
traceF,fixed20,963,106.7,174.5,1,6,,1.9906
traceF,fixed20,964,104.4,174.8,1,6,,1.9560
traceF,fixed20,965,105.5,200.3,1,7,,1.9216
traceF,fixed20,966,102.6,199.7,1,7,,1.8875
traceF,fixed20,967,102.2,199.3,1,7,,1.8536
traceF,fixed20,968,105.8,200.1,1,7,,1.8201
traceF,fixed20,969,104.0,175.0,1,6,,1.7870
traceF,fixed20,970,105.2,199.9,1,7,,1.7543
traceF,fixed20,971,105.9,199.8,1,7,,1.7221
traceF,fixed20,972,102.0,175.8,1,6,,1.6905
traceF,fixed20,973,105.8,175.1,1,6,,1.6596
traceF,fixed20,974,103.3,200.1,1,7,,1.6294
traceF,fixed20,975,105.0,200.5,1,7,,1.6001
traceF,fixed20,976,102.3,200.5,1,7,,1.5716
traceF,fixed20,977,105.7,175.3,1,6,,1.5441
traceF,fixed20,978,103.4,199.7,1,7,,1.5176
traceF,fixed20,979,105.5,199.8,1,7,,1.4924
traceF,fixed20,980,105.1,174.5,1,6,,1.4683
traceF,fixed20,981,104.4,174.5,1,6,,1.4457
traceF,fixed20,982,106.7,199.6,1,7,,1.4244
traceF,fixed20,983,101.3,174.9,1,6,,1.4047
traceF,fixed20,984,105.7,200.5,1,7,,1.3866
traceF,fixed20,985,102.7,200.5,1,7,,1.3703
traceF,fixed20,986,104.6,175.4,1,6,,1.3557
traceF,fixed20,987,104.7,174.6,1,6,,1.3431
traceF,fixed20,988,102.3,199.3,1,7,,1.3324
traceF,fixed20,989,105.6,200.6,1,7,,1.3237
traceF,fixed20,990,102.5,200.9,1,7,,1.3172
traceF,fixed20,991,106.2,200.4,1,7,,1.3127
traceF,fixed20,992,104.0,199.9,1,7,,1.3105
traceF,fixed20,993,103.2,174.5,1,6,,1.3104
traceF,fixed20,994,105.5,200.4,1,7,,1.3126
traceF,fixed20,995,105.8,174.7,1,6,,1.3169
traceF,fixed20,996,102.5,174.7,1,6,,1.3234
traceF,fixed20,997,106.0,174.8,1,6,,1.3321
traceF,fixed20,998,103.0,201.0,1,7,,1.3429
traceF,fixed20,999,106.8,175.3,1,6,,1.3557
traceF,bsf,0,105.9,1872.8,1,6,,1.6022
traceF,bsf,1,104.1,177.5,1,6,,1.5067
traceF,bsf,2,107.5,180.7,1,6,,1.3010
traceF,bsf,3,105.3,201.9,1,7,,1.0310
traceF,bsf,4,105.4,178.2,1,6,,0.7670
traceF,bsf,5,105.7,204.6,1,7,,0.5935
traceF,bsf,6,106.0,177.2,1,6,,0.4641
traceF,bsf,7,104.0,176.5,1,6,,0.3220
traceF,bsf,8,105.8,201.4,1,7,,0.2007
traceF,bsf,9,105.7,176.6,1,6,,0.1432
traceF,bsf,10,105.5,200.0,1,7,,0.1203
traceF,bsf,11,106.2,200.8,1,7,,0.0968
traceF,bsf,12,105.9,200.4,1,7,,0.0836
traceF,bsf,13,103.1,201.3,1,7,,0.0787
traceF,bsf,14,105.9,202.1,1,7,,0.0678
traceF,bsf,15,106.7,146.9,1,5,,0.0647
traceF,bsf,16,106.6,201.1,1,7,,0.0691
traceF,bsf,17,102.1,148.0,1,5,,0.0687
traceF,bsf,18,107.0,199.6,1,7,,0.0616
traceF,bsf,19,108.1,200.4,1,7,,0.0554
traceF,bsf,20,102.8,200.7,1,7,,0.0557
traceF,bsf,21,103.3,200.6,1,7,,0.0553
traceF,bsf,22,107.0,148.8,1,5,,0.0518
traceF,bsf,23,104.7,200.1,1,7,,0.0474
traceF,bsf,24,106.7,147.7,1,5,,0.0470
traceF,bsf,25,107.1,176.6,1,6,,0.0490
traceF,bsf,26,105.3,149.0,1,5,,0.0490
traceF,bsf,27,103.5,173.2,1,6,,0.0472
traceF,bsf,28,105.0,174.4,1,6,,0.0464
traceF,bsf,29,105.8,147.7,1,5,,0.0479
traceF,bsf,30,105.1,173.6,1,6,,0.0488
traceF,bsf,31,107.8,147.6,1,5,,0.0480
traceF,bsf,32,104.7,173.7,1,6,,0.0469
traceF,bsf,33,105.3,148.3,1,5,,0.0474
traceF,bsf,34,103.0,148.1,1,5,,0.0484
traceF,bsf,35,107.8,148.3,1,5,,0.0482
traceF,bsf,36,104.9,147.9,1,5,,0.0473
traceF,bsf,37,105.9,148.2,1,5,,0.0471
traceF,bsf,38,104.9,148.3,1,5,,0.0479
traceF,bsf,39,106.1,147.6,1,5,,0.0482
traceF,bsf,40,105.4,122.2,1,4,,0.0476
traceF,bsf,41,104.1,147.1,1,5,,0.0472
traceF,bsf,42,106.6,121.2,1,4,,0.0475
traceF,bsf,43,104.4,147.6,1,5,,0.0480
traceF,bsf,44,104.7,147.0,1,5,,0.0478
traceF,bsf,45,105.2,148.4,1,5,,0.0474
traceF,bsf,46,107.6,147.8,1,5,,0.0474
traceF,bsf,47,103.4,121.9,1,4,,0.0477
traceF,bsf,48,105.6,146.4,1,5,,0.0479
traceF,bsf,49,108.4,121.5,1,4,,0.0476
traceF,bsf,50,103.8,121.0,1,4,,0.0474
traceF,bsf,51,106.8,120.5,1,4,,0.0476
traceF,bsf,52,105.1,121.3,1,4,,0.0478
traceF,bsf,53,102.2,121.5,1,4,,0.0477
traceF,bsf,54,105.6,120.8,1,4,,0.0475
traceF,bsf,55,106.5,121.8,1,4,,0.0475
traceF,bsf,56,105.6,120.6,1,4,,0.0477
traceF,bsf,57,105.3,120.8,1,4,,0.0477
traceF,bsf,58,105.9,120.7,1,4,,0.0476
traceF,bsf,59,105.6,120.2,1,4,,0.0475
traceF,bsf,60,105.4,121.1,1,4,,0.0476
traceF,bsf,61,103.1,121.0,1,4,,0.0477
traceF,bsf,62,107.2,121.4,1,4,,0.0477
traceF,bsf,63,106.4,121.3,1,4,,0.0476
traceF,bsf,64,103.0,121.3,1,4,,0.0476
traceF,bsf,65,107.8,121.0,1,4,,0.0476
traceF,bsf,66,105.8,120.6,1,4,,0.0477
traceF,bsf,67,105.1,120.2,1,4,,0.0476
traceF,bsf,68,103.1,119.7,1,4,,0.0476
traceF,bsf,69,106.9,120.0,1,4,,0.0476
traceF,bsf,70,104.8,120.6,1,4,,0.0476
traceF,bsf,71,106.7,119.8,1,4,,0.0476
traceF,bsf,72,105.5,121.0,1,4,,0.0476
traceF,bsf,73,104.3,120.0,1,4,,0.0476
traceF,bsf,74,105.0,120.9,1,4,,0.0476
traceF,bsf,75,107.3,119.8,1,4,,0.0476
traceF,bsf,76,104.3,120.0,1,4,,0.0476
traceF,bsf,77,105.3,119.6,1,4,,0.0476
traceF,bsf,78,106.8,119.9,1,4,,0.0476
traceF,bsf,79,105.4,119.4,1,4,,0.0476
traceF,bsf,80,105.7,120.1,1,4,,0.0476
traceF,bsf,81,104.8,120.3,1,4,,0.0476
traceF,bsf,82,104.7,120.0,1,4,,0.0476
traceF,bsf,83,105.0,120.3,1,4,,0.0476
traceF,bsf,84,106.8,119.9,1,4,,0.0476
traceF,bsf,85,105.9,119.9,1,4,,0.0476
traceF,bsf,86,105.4,119.4,1,4,,0.0476
traceF,bsf,87,103.5,121.4,1,4,,0.0476
traceF,bsf,88,105.2,119.9,1,4,,0.0476
traceF,bsf,89,105.3,121.3,1,4,,0.0476
traceF,bsf,90,105.4,120.2,1,4,,0.0476
traceF,bsf,91,108.0,120.3,1,4,,0.0476
traceF,bsf,92,102.9,120.1,1,4,,0.0476
traceF,bsf,93,107.1,119.8,1,4,,0.0476
traceF,bsf,94,107.7,120.4,1,4,,0.0476
traceF,bsf,95,103.9,120.1,1,4,,0.0476
traceF,bsf,96,105.5,121.7,1,4,,0.0476
traceF,bsf,97,102.6,121.5,1,4,,0.0476
traceF,bsf,98,109.6,120.8,1,4,,0.0476
traceF,bsf,99,102.0,121.0,1,4,,0.0476
traceF,bsf,100,106.5,119.4,1,4,,0.0476
traceF,bsf,101,105.8,120.8,1,4,,0.0476
traceF,bsf,102,105.7,120.7,1,4,,0.0476
traceF,bsf,103,105.0,122.8,1,4,,0.0476
traceF,bsf,104,105.7,121.8,1,4,,0.0476
traceF,bsf,105,104.3,121.7,1,4,,0.0476
traceF,bsf,106,105.7,121.4,1,4,,0.0476
traceF,bsf,107,105.0,121.0,1,4,,0.0476
traceF,bsf,108,109.7,121.3,1,4,,0.0476
traceF,bsf,109,103.6,121.1,1,4,,0.0476
traceF,bsf,110,103.1,120.8,1,4,,0.0476
traceF,bsf,111,107.8,120.7,1,4,,0.0476
traceF,bsf,112,103.8,121.0,1,4,,0.0476
traceF,bsf,113,106.9,120.8,1,4,,0.0476
traceF,bsf,114,107.2,121.2,1,4,,0.0476
traceF,bsf,115,101.3,121.0,1,4,,0.0476
traceF,bsf,116,107.3,121.5,1,4,,0.0476
traceF,bsf,117,106.7,121.0,1,4,,0.0476
traceF,bsf,118,105.8,121.1,1,4,,0.0476
traceF,bsf,119,103.8,122.2,1,4,,0.0476
traceF,bsf,120,105.0,121.3,1,4,,0.0476
traceF,bsf,121,105.6,120.8,1,4,,0.0476
traceF,bsf,122,107.5,121.3,1,4,,0.0476
traceF,bsf,123,103.2,121.0,1,4,,0.0476
traceF,bsf,124,104.5,121.6,1,4,,0.0476
traceF,bsf,125,105.8,121.3,1,4,,0.0476
traceF,bsf,126,104.2,121.6,1,4,,0.0476
traceF,bsf,127,106.2,121.2,1,4,,0.0476
traceF,bsf,128,104.8,121.6,1,4,,0.0476
traceF,bsf,129,106.9,121.4,1,4,,0.0476
traceF,bsf,130,104.2,122.2,1,4,,0.0476
traceF,bsf,131,107.1,121.0,1,4,,0.0476
traceF,bsf,132,105.4,120.7,1,4,,0.0476
traceF,bsf,133,103.8,122.0,1,4,,0.0476
traceF,bsf,134,104.8,121.7,1,4,,0.0476
traceF,bsf,135,108.3,121.5,1,4,,0.0476
traceF,bsf,136,107.2,121.5,1,4,,0.0476
traceF,bsf,137,101.2,121.1,1,4,,0.0476
traceF,bsf,138,105.2,121.2,1,4,,0.0476
traceF,bsf,139,107.2,121.3,1,4,,0.0476
traceF,bsf,140,105.3,120.9,1,4,,0.0476
traceF,bsf,141,106.9,121.1,1,4,,0.0476
traceF,bsf,142,103.0,121.3,1,4,,0.0476
traceF,bsf,143,109.6,121.4,1,4,,0.0476
traceF,bsf,144,103.8,121.6,1,4,,0.0476
traceF,bsf,145,103.6,121.2,1,4,,0.0476
traceF,bsf,146,105.3,121.7,1,4,,0.0476
traceF,bsf,147,105.1,121.8,1,4,,0.0476
traceF,bsf,148,105.6,121.8,1,4,,0.0476
traceF,bsf,149,107.0,121.0,1,4,,0.0476
traceF,bsf,150,102.8,121.0,1,4,,0.0476
traceF,bsf,151,105.7,120.8,1,4,,0.0476
traceF,bsf,152,107.5,120.7,1,4,,0.0476
traceF,bsf,153,103.5,121.5,1,4,,0.0476
traceF,bsf,154,107.4,121.5,1,4,,0.0476
traceF,bsf,155,103.2,121.7,1,4,,0.0476
traceF,bsf,156,106.8,121.9,1,4,,0.0476
traceF,bsf,157,106.0,121.8,1,4,,0.0476
traceF,bsf,158,107.6,121.5,1,4,,0.0476
traceF,bsf,159,103.6,121.9,1,4,,0.0476
traceF,bsf,160,105.8,121.6,1,4,,0.0476
traceF,bsf,161,106.1,120.6,1,4,,0.0476
traceF,bsf,162,102.8,121.4,1,4,,0.0476
traceF,bsf,163,106.7,122.3,1,4,,0.0476
traceF,bsf,164,106.5,121.8,1,4,,0.0476
traceF,bsf,165,105.3,121.5,1,4,,0.0476
traceF,bsf,166,106.3,121.6,1,4,,0.0476
traceF,bsf,167,103.1,121.7,1,4,,0.0476
traceF,bsf,168,104.4,120.8,1,4,,0.0476
traceF,bsf,169,105.1,120.5,1,4,,0.0476
traceF,bsf,170,105.5,123.0,1,4,,0.0476
traceF,bsf,171,109.8,121.9,1,4,,0.0476
traceF,bsf,172,101.0,121.7,1,4,,0.0476
traceF,bsf,173,105.7,120.9,1,4,,0.0476
traceF,bsf,174,106.2,121.3,1,4,,0.0476
traceF,bsf,175,105.2,120.7,1,4,,0.0476
traceF,bsf,176,107.8,120.9,1,4,,0.0476
traceF,bsf,177,102.4,124.1,1,4,,0.0476
traceF,bsf,178,107.4,121.2,1,4,,0.0476
traceF,bsf,179,104.9,122.7,1,4,,0.0476
traceF,bsf,180,104.5,120.5,1,4,,0.0476
traceF,bsf,181,108.4,121.8,1,4,,0.0476
traceF,bsf,182,103.2,122.3,1,4,,0.0476
traceF,bsf,183,105.3,122.2,1,4,,0.0476
traceF,bsf,184,104.5,123.8,1,4,,0.0476
traceF,bsf,185,105.9,122.1,1,4,,0.0476
traceF,bsf,186,108.2,122.0,1,4,,0.0476
traceF,bsf,187,102.9,122.3,1,4,,0.0476
traceF,bsf,188,105.7,121.1,1,4,,0.0476
traceF,bsf,189,106.1,121.3,1,4,,0.0476
traceF,bsf,190,105.5,121.2,1,4,,0.0476
traceF,bsf,191,105.3,121.8,1,4,,0.0476
traceF,bsf,192,104.9,122.0,1,4,,0.0476
traceF,bsf,193,105.5,121.6,1,4,,0.0476
traceF,bsf,194,107.8,121.0,1,4,,0.0476
traceF,bsf,195,105.2,122.2,1,4,,0.0476
traceF,bsf,196,104.8,121.8,1,4,,0.0476
traceF,bsf,197,104.6,121.8,1,4,,0.0476
traceF,bsf,198,105.6,121.9,1,4,,0.0476
traceF,bsf,199,104.7,122.1,1,4,,0.0476
traceF,bsf,200,104.9,121.0,1,4,,0.0476
traceF,bsf,201,105.3,121.5,1,4,,0.0476
traceF,bsf,202,104.8,121.5,1,4,,0.0476
traceF,bsf,203,105.0,122.0,1,4,,0.0476
traceF,bsf,204,107.4,121.7,1,4,,0.0476
traceF,bsf,205,104.4,121.6,1,4,,0.0476
traceF,bsf,206,105.2,121.0,1,4,,0.0476
traceF,bsf,207,104.7,121.8,1,4,,0.0476
traceF,bsf,208,106.7,121.5,1,4,,0.0476
traceF,bsf,209,105.8,122.0,1,4,,0.0476
traceF,bsf,210,105.7,120.6,1,4,,0.0476
traceF,bsf,211,105.2,120.9,1,4,,0.0476
traceF,bsf,212,108.8,122.4,1,4,,0.0476
traceF,bsf,213,102.3,121.6,1,4,,0.0476
traceF,bsf,214,103.8,121.4,1,4,,0.0476
traceF,bsf,215,105.9,122.3,1,4,,0.0476
traceF,bsf,216,105.9,121.9,1,4,,0.0476
traceF,bsf,217,105.7,121.2,1,4,,0.0476
traceF,bsf,218,105.2,122.1,1,4,,0.0476
traceF,bsf,219,107.1,121.9,1,4,,0.0476
traceF,bsf,220,104.5,120.7,1,4,,0.0476
traceF,bsf,221,107.1,121.6,1,4,,0.0476
traceF,bsf,222,101.2,121.7,1,4,,0.0476
traceF,bsf,223,105.8,122.7,1,4,,0.0476
traceF,bsf,224,107.1,123.1,1,4,,0.0476
traceF,bsf,225,105.2,121.9,1,4,,0.0476
traceF,bsf,226,107.2,121.4,1,4,,0.0476
traceF,bsf,227,102.0,121.5,1,4,,0.0476
traceF,bsf,228,106.7,121.4,1,4,,0.0476
traceF,bsf,229,97.2,121.1,1,4,,0.0476
traceF,bsf,230,105.3,121.4,1,4,,0.0476
traceF,bsf,231,107.5,121.5,1,4,,0.0476
traceF,bsf,232,102.5,120.6,1,4,,0.0476
traceF,bsf,233,106.5,121.3,1,4,,0.0476
traceF,bsf,234,103.7,123.9,1,4,,0.0476
traceF,bsf,235,106.7,121.7,1,4,,0.0476
traceF,bsf,236,103.1,123.2,1,4,,0.0476
traceF,bsf,237,109.9,120.9,1,4,,0.0476
traceF,bsf,238,100.6,121.4,1,4,,0.0476
traceF,bsf,239,107.6,120.8,1,4,,0.0476
traceF,bsf,240,106.9,121.3,1,4,,0.0476
traceF,bsf,241,102.3,121.8,1,4,,0.0476
traceF,bsf,242,105.5,121.4,1,4,,0.0476
traceF,bsf,243,105.3,121.6,1,4,,0.0476
traceF,bsf,244,108.5,120.7,1,4,,0.0476
traceF,bsf,245,103.4,120.9,1,4,,0.0476
traceF,bsf,246,107.6,121.3,1,4,,0.0476
traceF,bsf,247,104.5,121.3,1,4,,0.0476
traceF,bsf,248,105.7,121.2,1,4,,0.0476
traceF,bsf,249,104.5,122.2,1,4,,0.0476
traceF,bsf,250,105.3,121.7,1,4,,0.0476
traceF,bsf,251,104.6,121.5,1,4,,0.0476
traceF,bsf,252,106.5,121.5,1,4,,0.0476
traceF,bsf,253,105.3,122.7,1,4,,0.0476
traceF,bsf,254,106.4,121.7,1,4,,0.0476
traceF,bsf,255,104.8,122.9,1,4,,0.0476
traceF,bsf,256,105.1,122.9,1,4,,0.0476
traceF,bsf,257,103.3,122.1,1,4,,0.0476
traceF,bsf,258,106.0,120.7,1,4,,0.0476
traceF,bsf,259,107.0,121.2,1,4,,0.0476
traceF,bsf,260,104.9,122.4,1,4,,0.0476
traceF,bsf,261,106.8,121.6,1,4,,0.0476
traceF,bsf,262,104.6,121.7,1,4,,0.0476
traceF,bsf,263,103.6,121.4,1,4,,0.0476
traceF,bsf,264,105.5,121.0,1,4,,0.0476
traceF,bsf,265,106.8,121.3,1,4,,0.0476
traceF,bsf,266,105.2,121.3,1,4,,0.0476
traceF,bsf,267,104.9,120.4,1,4,,0.0476
traceF,bsf,268,105.9,121.9,1,4,,0.0476
traceF,bsf,269,104.8,121.6,1,4,,0.0476
traceF,bsf,270,106.1,120.7,1,4,,0.0476
traceF,bsf,271,106.4,120.7,1,4,,0.0476
traceF,bsf,272,104.1,121.2,1,4,,0.0476
traceF,bsf,273,105.2,120.5,1,4,,0.0476
traceF,bsf,274,107.2,120.2,1,4,,0.0476
traceF,bsf,275,103.6,121.6,1,4,,0.0476
traceF,bsf,276,107.3,121.0,1,4,,0.0476
traceF,bsf,277,105.6,120.4,1,4,,0.0476
traceF,bsf,278,106.7,121.2,1,4,,0.0476
traceF,bsf,279,102.8,121.9,1,4,,0.0476
traceF,bsf,280,104.2,121.3,1,4,,0.0476
traceF,bsf,281,106.1,121.1,1,4,,0.0476
traceF,bsf,282,105.7,120.2,1,4,,0.0476
traceF,bsf,283,104.8,120.3,1,4,,0.0476
traceF,bsf,284,107.6,121.1,1,4,,0.0476
traceF,bsf,285,105.0,120.6,1,4,,0.0476
traceF,bsf,286,105.2,120.7,1,4,,0.0476
traceF,bsf,287,108.0,120.9,1,4,,0.0476
traceF,bsf,288,101.4,121.1,1,4,,0.0476
traceF,bsf,289,108.6,120.9,1,4,,0.0476
traceF,bsf,290,103.3,120.4,1,4,,0.0476
traceF,bsf,291,108.0,121.2,1,4,,0.0476
traceF,bsf,292,103.1,120.3,1,4,,0.0476
traceF,bsf,293,103.3,121.2,1,4,,0.0476
traceF,bsf,294,106.8,121.7,1,4,,0.0476
traceF,bsf,295,105.1,122.1,1,4,,0.0476
traceF,bsf,296,109.0,119.3,1,4,,0.0476
traceF,bsf,297,103.1,121.2,1,4,,0.0476
traceF,bsf,298,105.7,120.5,1,4,,0.0476
traceF,bsf,299,104.5,120.7,1,4,,0.0476
traceF,bsf,300,108.1,120.0,1,4,,0.0476
traceF,bsf,301,102.5,120.5,1,4,,0.0476
traceF,bsf,302,107.0,121.7,1,4,,0.0476
traceF,bsf,303,106.4,120.6,1,4,,0.0476
traceF,bsf,304,103.0,120.3,1,4,,0.0476
traceF,bsf,305,105.9,119.8,1,4,,0.0476
traceF,bsf,306,106.9,119.0,1,4,,0.0476
traceF,bsf,307,103.7,119.0,1,4,,0.0476
traceF,bsf,308,107.0,119.2,1,4,,0.0476
traceF,bsf,309,105.8,120.6,1,4,,0.0476
traceF,bsf,310,103.7,121.1,1,4,,0.0476
traceF,bsf,311,104.8,119.6,1,4,,0.0476
traceF,bsf,312,106.9,120.1,1,4,,0.0476
traceF,bsf,313,104.5,122.5,1,4,,0.0476
traceF,bsf,314,106.4,121.3,1,4,,0.0476
traceF,bsf,315,104.2,120.9,1,4,,0.0476
traceF,bsf,316,104.7,122.7,1,4,,0.0476
traceF,bsf,317,107.6,121.2,1,4,,0.0476
traceF,bsf,318,104.0,123.2,1,4,,0.0476
traceF,bsf,319,107.6,121.9,1,4,,0.0476
traceF,bsf,320,105.8,120.8,1,4,,0.0476
traceF,bsf,321,104.8,120.0,1,4,,0.0476
traceF,bsf,322,102.8,121.1,1,4,,0.0476
traceF,bsf,323,107.8,121.4,1,4,,0.0476
traceF,bsf,324,105.1,121.4,1,4,,0.0476
traceF,bsf,325,105.5,121.4,1,4,,0.0476
traceF,bsf,326,104.2,121.5,1,4,,0.0476
traceF,bsf,327,104.7,121.8,1,4,,0.0476
traceF,bsf,328,108.7,120.0,1,4,,0.0476
traceF,bsf,329,104.3,120.1,1,4,,0.0476
traceF,bsf,330,106.0,120.9,1,4,,0.0476
traceF,bsf,331,102.3,120.4,1,4,,0.0476
traceF,bsf,332,105.5,121.0,1,4,,0.0476
traceF,bsf,333,107.7,121.5,1,4,,0.0476
traceF,bsf,334,105.1,121.0,1,4,,0.0476
traceF,bsf,335,106.3,121.4,1,4,,0.0476
traceF,bsf,336,105.0,120.5,1,4,,0.0476
traceF,bsf,337,108.0,121.9,1,4,,0.0476
traceF,bsf,338,101.9,120.3,1,4,,0.0476
traceF,bsf,339,105.3,121.0,1,4,,0.0476
traceF,bsf,340,105.4,121.4,1,4,,0.0476
traceF,bsf,341,106.1,121.7,1,4,,0.0476
traceF,bsf,342,106.6,121.2,1,4,,0.0476
traceF,bsf,343,102.1,120.7,1,4,,0.0476
traceF,bsf,344,109.7,120.8,1,4,,0.0476
traceF,bsf,345,102.4,121.5,1,4,,0.0476
traceF,bsf,346,106.1,121.4,1,4,,0.0476
traceF,bsf,347,105.4,121.1,1,4,,0.0476
traceF,bsf,348,105.0,121.8,1,4,,0.0476
traceF,bsf,349,104.6,121.2,1,4,,0.0476
traceF,bsf,350,107.5,120.6,1,4,,0.0476
traceF,bsf,351,103.8,121.6,1,4,,0.0476
traceF,bsf,352,105.3,122.0,1,4,,0.0476
traceF,bsf,353,105.5,120.9,1,4,,0.0476
traceF,bsf,354,106.9,121.0,1,4,,0.0476
traceF,bsf,355,103.2,120.8,1,4,,0.0476
traceF,bsf,356,106.0,121.1,1,4,,0.0476
traceF,bsf,357,107.1,121.9,1,4,,0.0476
traceF,bsf,358,102.9,120.7,1,4,,0.0476
traceF,bsf,359,106.6,120.4,1,4,,0.0476
traceF,bsf,360,107.8,122.1,1,4,,0.0476
traceF,bsf,361,103.7,121.1,1,4,,0.0476
traceF,bsf,362,105.7,121.4,1,4,,0.0476
traceF,bsf,363,103.9,121.8,1,4,,0.0476
traceF,bsf,364,107.2,120.9,1,4,,0.0476
traceF,bsf,365,105.1,121.5,1,4,,0.0476
traceF,bsf,366,105.4,121.0,1,4,,0.0476
traceF,bsf,367,104.1,121.6,1,4,,0.0476
traceF,bsf,368,108.2,121.2,1,4,,0.0476
traceF,bsf,369,103.6,120.5,1,4,,0.0476
traceF,bsf,370,105.0,121.7,1,4,,0.0476
traceF,bsf,371,106.2,122.0,1,4,,0.0476
traceF,bsf,372,104.0,121.3,1,4,,0.0476
traceF,bsf,373,105.9,120.9,1,4,,0.0476
traceF,bsf,374,107.3,121.4,1,4,,0.0476
traceF,bsf,375,103.5,121.4,1,4,,0.0476
traceF,bsf,376,106.3,121.2,1,4,,0.0476
traceF,bsf,377,105.4,121.4,1,4,,0.0476
traceF,bsf,378,104.5,122.7,1,4,,0.0476
traceF,bsf,379,105.6,121.5,1,4,,0.0476
traceF,bsf,380,107.3,121.0,1,4,,0.0476
traceF,bsf,381,104.2,120.9,1,4,,0.0476
traceF,bsf,382,106.8,121.4,1,4,,0.0476
traceF,bsf,383,103.8,121.3,1,4,,0.0476
traceF,bsf,384,107.7,121.5,1,4,,0.0476
traceF,bsf,385,105.1,120.9,1,4,,0.0476
traceF,bsf,386,104.6,121.6,1,4,,0.0476
traceF,bsf,387,105.3,120.8,1,4,,0.0476
traceF,bsf,388,107.2,121.4,1,4,,0.0476
traceF,bsf,389,101.5,121.1,1,4,,0.0476
traceF,bsf,390,107.4,121.8,1,4,,0.0476
traceF,bsf,391,104.5,121.6,1,4,,0.0476
traceF,bsf,392,106.9,121.4,1,4,,0.0476
traceF,bsf,393,107.0,121.5,1,4,,0.0476
traceF,bsf,394,105.7,121.9,1,4,,0.0476
traceF,bsf,395,101.7,121.5,1,4,,0.0476
traceF,bsf,396,106.9,121.1,1,4,,0.0476
traceF,bsf,397,105.1,122.1,1,4,,0.0476
traceF,bsf,398,105.0,121.2,1,4,,0.0476
traceF,bsf,399,106.1,121.2,1,4,,0.0476
traceF,bsf,400,106.5,120.9,1,4,,0.0476
traceF,bsf,401,104.8,121.5,1,4,,0.0476
traceF,bsf,402,104.2,121.8,1,4,,0.0476
traceF,bsf,403,105.8,121.5,1,4,,0.0476
traceF,bsf,404,106.0,122.0,1,4,,0.0476
traceF,bsf,405,106.2,121.7,1,4,,0.0476
traceF,bsf,406,104.9,120.5,1,4,,0.0476
traceF,bsf,407,107.5,121.7,1,4,,0.0476
traceF,bsf,408,103.7,121.7,1,4,,0.0476
traceF,bsf,409,103.1,121.5,1,4,,0.0476
traceF,bsf,410,108.4,121.3,1,4,,0.0476
traceF,bsf,411,106.2,121.4,1,4,,0.0476
traceF,bsf,412,103.9,121.4,1,4,,0.0476
traceF,bsf,413,104.3,121.7,1,4,,0.0476
traceF,bsf,414,107.5,122.0,1,4,,0.0476
traceF,bsf,415,102.0,121.5,1,4,,0.0476
traceF,bsf,416,109.3,121.5,1,4,,0.0476
traceF,bsf,417,105.8,122.0,1,4,,0.0476
traceF,bsf,418,101.9,121.8,1,4,,0.0476
traceF,bsf,419,105.6,121.1,1,4,,0.0476
traceF,bsf,420,104.6,122.9,1,4,,0.0476
traceF,bsf,421,107.7,121.0,1,4,,0.0476
traceF,bsf,422,107.1,121.5,1,4,,0.0476
traceF,bsf,423,103.2,121.1,1,4,,0.0476
traceF,bsf,424,106.6,121.7,1,4,,0.0476
traceF,bsf,425,105.1,120.9,1,4,,0.0476
traceF,bsf,426,103.7,121.7,1,4,,0.0476
traceF,bsf,427,105.9,121.2,1,4,,0.0476
traceF,bsf,428,104.9,121.3,1,4,,0.0476
traceF,bsf,429,105.1,121.7,1,4,,0.0476
traceF,bsf,430,107.3,121.4,1,4,,0.0476
traceF,bsf,431,107.2,121.7,1,4,,0.0476
traceF,bsf,432,103.8,120.7,1,4,,0.0476
traceF,bsf,433,105.4,121.6,1,4,,0.0476
traceF,bsf,434,105.6,121.6,1,4,,0.0476
traceF,bsf,435,107.5,121.6,1,4,,0.0476
traceF,bsf,436,102.7,121.5,1,4,,0.0476
traceF,bsf,437,107.0,121.2,1,4,,0.0476
traceF,bsf,438,102.7,121.7,1,4,,0.0476
traceF,bsf,439,105.9,121.3,1,4,,0.0476
traceF,bsf,440,107.6,121.4,1,4,,0.0476
traceF,bsf,441,103.5,120.9,1,4,,0.0476
traceF,bsf,442,104.6,120.6,1,4,,0.0476
traceF,bsf,443,106.7,121.8,1,4,,0.0476
traceF,bsf,444,105.3,122.0,1,4,,0.0476
traceF,bsf,445,105.7,121.7,1,4,,0.0476
traceF,bsf,446,106.7,120.9,1,4,,0.0476
traceF,bsf,447,105.4,121.5,1,4,,0.0476
traceF,bsf,448,105.1,121.7,1,4,,0.0476
traceF,bsf,449,104.3,120.6,1,4,,0.0476
traceF,bsf,450,104.4,121.3,1,4,,0.0476
traceF,bsf,451,108.3,121.5,1,4,,0.0476
traceF,bsf,452,104.8,121.3,1,4,,0.0476
traceF,bsf,453,106.3,120.4,1,4,,0.0476
traceF,bsf,454,102.6,121.4,1,4,,0.0476
traceF,bsf,455,107.6,121.2,1,4,,0.0476
traceF,bsf,456,104.3,121.4,1,4,,0.0476
traceF,bsf,457,104.2,121.6,1,4,,0.0476
traceF,bsf,458,105.3,121.8,1,4,,0.0476
traceF,bsf,459,106.8,121.5,1,4,,0.0476
traceF,bsf,460,108.9,121.4,1,4,,0.0476
traceF,bsf,461,102.4,122.2,1,4,,0.0476
traceF,bsf,462,109.0,122.0,1,4,,0.0476
traceF,bsf,463,100.6,121.7,1,4,,0.0476
traceF,bsf,464,105.4,120.7,1,4,,0.0476
traceF,bsf,465,104.7,123.1,1,4,,0.0476
traceF,bsf,466,107.8,121.4,1,4,,0.0476
traceF,bsf,467,104.6,123.1,1,4,,0.0476
traceF,bsf,468,105.8,121.4,1,4,,0.0476
traceF,bsf,469,103.9,121.4,1,4,,0.0476
traceF,bsf,470,107.2,121.1,1,4,,0.0476
traceF,bsf,471,106.3,121.7,1,4,,0.0476
traceF,bsf,472,103.5,121.5,1,4,,0.0476
traceF,bsf,473,105.9,121.7,1,4,,0.0476
traceF,bsf,474,107.8,121.5,1,4,,0.0476
traceF,bsf,475,103.5,122.2,1,4,,0.0476
traceF,bsf,476,106.1,121.2,1,4,,0.0476
traceF,bsf,477,105.1,121.6,1,4,,0.0476
traceF,bsf,478,106.1,121.4,1,4,,0.0476
traceF,bsf,479,104.8,121.1,1,4,,0.0476
traceF,bsf,480,103.7,121.5,1,4,,0.0476
traceF,bsf,481,107.3,122.0,1,4,,0.0476
traceF,bsf,482,104.2,122.5,1,4,,0.0476
traceF,bsf,483,105.3,121.4,1,4,,0.0476
traceF,bsf,484,105.4,122.1,1,4,,0.0476
traceF,bsf,485,105.2,121.6,1,4,,0.0476
traceF,bsf,486,104.4,122.3,1,4,,0.0476
traceF,bsf,487,107.5,121.9,1,4,,0.0476
traceF,bsf,488,104.9,121.5,1,4,,0.0476
traceF,bsf,489,106.0,122.9,1,4,,0.0476
traceF,bsf,490,105.0,120.8,1,4,,0.0476
traceF,bsf,491,106.7,121.9,1,4,,0.0476
traceF,bsf,492,104.4,120.4,1,4,,0.0476
traceF,bsf,493,104.3,121.6,1,4,,0.0476
traceF,bsf,494,107.3,121.6,1,4,,0.0476
traceF,bsf,495,104.9,121.1,1,4,,0.0476
traceF,bsf,496,105.5,121.1,1,4,,0.0476
traceF,bsf,497,107.7,121.2,1,4,,0.0476
traceF,bsf,498,104.0,121.2,1,4,,0.0476
traceF,bsf,499,106.8,120.6,1,4,,0.0476
traceF,bsf,500,104.8,121.6,1,4,,0.0476
traceF,bsf,501,103.5,120.5,1,4,,0.0476
traceF,bsf,502,105.0,120.4,1,4,,0.0476
traceF,bsf,503,107.3,122.1,1,4,,0.0476
traceF,bsf,504,105.4,121.2,1,4,,0.0476
traceF,bsf,505,106.4,120.6,1,4,,0.0476
traceF,bsf,506,105.1,121.2,1,4,,0.0476
traceF,bsf,507,104.3,121.6,1,4,,0.0476
traceF,bsf,508,104.9,121.7,1,4,,0.0476
traceF,bsf,509,105.3,121.6,1,4,,0.0476
traceF,bsf,510,105.9,121.3,1,4,,0.0476
traceF,bsf,511,103.7,120.9,1,4,,0.0476
traceF,bsf,512,105.7,122.2,1,4,,0.0476
traceF,bsf,513,105.1,121.6,1,4,,0.0476
traceF,bsf,514,107.0,121.8,1,4,,0.0476
traceF,bsf,515,103.0,119.7,1,4,,0.0476
traceF,bsf,516,105.2,121.3,1,4,,0.0476
traceF,bsf,517,105.6,120.6,1,4,,0.0476
traceF,bsf,518,108.3,120.3,1,4,,0.0476
traceF,bsf,519,104.1,121.5,1,4,,0.0476
traceF,bsf,520,108.8,121.2,1,4,,0.0476
traceF,bsf,521,102.5,120.6,1,4,,0.0476
traceF,bsf,522,103.6,120.8,1,4,,0.0476
traceF,bsf,523,108.0,120.5,1,4,,0.0476
traceF,bsf,524,105.8,121.5,1,4,,0.0476
traceF,bsf,525,103.9,120.4,1,4,,0.0476
traceF,bsf,526,105.2,120.2,1,4,,0.0476
traceF,bsf,527,106.7,120.6,1,4,,0.0476
traceF,bsf,528,105.8,121.0,1,4,,0.0476
traceF,bsf,529,105.2,120.5,1,4,,0.0476
traceF,bsf,530,103.8,119.8,1,4,,0.0476
traceF,bsf,531,106.5,119.9,1,4,,0.0476
traceF,bsf,532,104.6,121.2,1,4,,0.0476
traceF,bsf,533,107.3,121.3,1,4,,0.0476
traceF,bsf,534,104.4,119.3,1,4,,0.0476
traceF,bsf,535,104.4,121.0,1,4,,0.0476
traceF,bsf,536,104.7,119.2,1,4,,0.0476
traceF,bsf,537,107.1,120.4,1,4,,0.0476
traceF,bsf,538,103.7,119.7,1,4,,0.0476
traceF,bsf,539,105.5,119.7,1,4,,0.0476
traceF,bsf,540,106.7,120.1,1,4,,0.0476
traceF,bsf,541,105.9,119.7,1,4,,0.0476
traceF,bsf,542,105.6,120.7,1,4,,0.0476
traceF,bsf,543,103.5,121.0,1,4,,0.0476
traceF,bsf,544,107.6,120.2,1,4,,0.0476
traceF,bsf,545,103.5,122.7,1,4,,0.0476
traceF,bsf,546,107.6,121.3,1,4,,0.0476
traceF,bsf,547,104.8,121.0,1,4,,0.0476
traceF,bsf,548,104.5,120.9,1,4,,0.0476
traceF,bsf,549,106.9,120.8,1,4,,0.0476
traceF,bsf,550,106.7,120.3,1,4,,0.0476
traceF,bsf,551,103.7,120.1,1,4,,0.0476
traceF,bsf,552,105.0,121.0,1,4,,0.0476
traceF,bsf,553,108.3,120.5,1,4,,0.0476
traceF,bsf,554,103.3,120.3,1,4,,0.0476
traceF,bsf,555,103.8,120.5,1,4,,0.0476
traceF,bsf,556,105.0,121.0,1,4,,0.0476
traceF,bsf,557,106.6,121.3,1,4,,0.0476
traceF,bsf,558,105.2,120.3,1,4,,0.0476
traceF,bsf,559,106.3,120.2,1,4,,0.0476
traceF,bsf,560,104.4,121.1,1,4,,0.0476
traceF,bsf,561,107.1,120.9,1,4,,0.0476
traceF,bsf,562,107.2,121.4,1,4,,0.0476
traceF,bsf,563,103.5,120.4,1,4,,0.0476
traceF,bsf,564,104.6,121.4,1,4,,0.0476
traceF,bsf,565,108.1,121.1,1,4,,0.0476
traceF,bsf,566,103.2,121.0,1,4,,0.0476
traceF,bsf,567,106.9,121.0,1,4,,0.0476
traceF,bsf,568,103.6,120.5,1,4,,0.0476
traceF,bsf,569,105.3,120.8,1,4,,0.0476
traceF,bsf,570,107.1,120.9,1,4,,0.0476
traceF,bsf,571,103.9,120.6,1,4,,0.0476
traceF,bsf,572,105.7,121.2,1,4,,0.0476
traceF,bsf,573,105.1,121.4,1,4,,0.0476
traceF,bsf,574,104.7,122.2,1,4,,0.0476
traceF,bsf,575,105.6,121.2,1,4,,0.0476
traceF,bsf,576,106.6,121.1,1,4,,0.0476
traceF,bsf,577,107.9,121.1,1,4,,0.0476
traceF,bsf,578,100.5,120.7,1,4,,0.0476
traceF,bsf,579,108.4,120.6,1,4,,0.0476
traceF,bsf,580,102.5,120.7,1,4,,0.0476
traceF,bsf,581,107.9,121.4,1,4,,0.0476
traceF,bsf,582,106.6,122.1,1,4,,0.0476
traceF,bsf,583,104.9,121.9,1,4,,0.0476
traceF,bsf,584,104.3,121.5,1,4,,0.0476
traceF,bsf,585,106.1,121.4,1,4,,0.0476
traceF,bsf,586,103.4,120.4,1,4,,0.0476
traceF,bsf,587,106.8,122.9,1,4,,0.0476
traceF,bsf,588,105.6,120.9,1,4,,0.0476
traceF,bsf,589,105.2,121.2,1,4,,0.0476
traceF,bsf,590,104.8,122.2,1,4,,0.0476
traceF,bsf,591,107.5,120.5,1,4,,0.0476
traceF,bsf,592,105.9,122.4,1,4,,0.0476
traceF,bsf,593,101.9,121.3,1,4,,0.0476
traceF,bsf,594,108.0,123.6,1,4,,0.0476
traceF,bsf,595,104.4,122.2,1,4,,0.0476
traceF,bsf,596,107.5,123.7,1,4,,0.0476
traceF,bsf,597,101.7,121.9,1,4,,0.0476
traceF,bsf,598,106.1,121.3,1,4,,0.0476
traceF,bsf,599,107.7,121.6,1,4,,0.0476
traceF,bsf,600,105.9,121.7,1,4,,0.0476
traceF,bsf,601,103.4,121.0,1,4,,0.0476
traceF,bsf,602,105.1,121.0,1,4,,0.0476
traceF,bsf,603,105.0,121.1,1,4,,0.0476
traceF,bsf,604,107.6,121.6,1,4,,0.0476
traceF,bsf,605,103.9,120.9,1,4,,0.0476
traceF,bsf,606,106.4,121.9,1,4,,0.0476
traceF,bsf,607,107.0,120.8,1,4,,0.0476
traceF,bsf,608,103.4,121.7,1,4,,0.0476
traceF,bsf,609,107.2,121.6,1,4,,0.0476
traceF,bsf,610,101.9,121.1,1,4,,0.0476
traceF,bsf,611,107.0,121.4,1,4,,0.0476
traceF,bsf,612,104.8,121.4,1,4,,0.0476
traceF,bsf,613,106.0,121.2,1,4,,0.0476
traceF,bsf,614,105.9,121.7,1,4,,0.0476
traceF,bsf,615,105.3,122.0,1,4,,0.0476
traceF,bsf,616,105.3,121.6,1,4,,0.0476
traceF,bsf,617,105.4,121.7,1,4,,0.0476
traceF,bsf,618,104.3,121.8,1,4,,0.0476
traceF,bsf,619,106.6,121.1,1,4,,0.0476
traceF,bsf,620,106.0,121.5,1,4,,0.0476
traceF,bsf,621,106.9,121.3,1,4,,0.0476
traceF,bsf,622,101.8,121.9,1,4,,0.0476
traceF,bsf,623,106.9,121.9,1,4,,0.0476
traceF,bsf,624,108.6,121.6,1,4,,0.0476
traceF,bsf,625,105.5,121.6,1,4,,0.0476
traceF,bsf,626,100.8,121.8,1,4,,0.0476
traceF,bsf,627,107.7,122.1,1,4,,0.0476
traceF,bsf,628,105.3,122.6,1,4,,0.0476
traceF,bsf,629,104.5,122.3,1,4,,0.0476
traceF,bsf,630,106.3,122.5,1,4,,0.0476
traceF,bsf,631,104.5,121.4,1,4,,0.0476
traceF,bsf,632,104.3,121.1,1,4,,0.0476
traceF,bsf,633,108.3,122.6,1,4,,0.0476
traceF,bsf,634,103.2,122.0,1,4,,0.0476
traceF,bsf,635,107.3,122.1,1,4,,0.0476
traceF,bsf,636,106.5,121.9,1,4,,0.0476
traceF,bsf,637,103.1,122.1,1,4,,0.0476
traceF,bsf,638,107.3,121.8,1,4,,0.0476
traceF,bsf,639,105.9,121.2,1,4,,0.0476
traceF,bsf,640,104.9,121.4,1,4,,0.0476
traceF,bsf,641,104.2,121.7,1,4,,0.0476
traceF,bsf,642,108.4,121.8,1,4,,0.0476
traceF,bsf,643,105.7,121.6,1,4,,0.0476
traceF,bsf,644,104.4,121.4,1,4,,0.0476
traceF,bsf,645,105.5,121.8,1,4,,0.0476
traceF,bsf,646,104.0,121.0,1,4,,0.0476
traceF,bsf,647,107.0,121.9,1,4,,0.0476
traceF,bsf,648,101.8,121.8,1,4,,0.0476
traceF,bsf,649,107.2,122.1,1,4,,0.0476
traceF,bsf,650,103.9,121.4,1,4,,0.0476
traceF,bsf,651,106.6,121.9,1,4,,0.0476
traceF,bsf,652,106.2,121.0,1,4,,0.0476
traceF,bsf,653,103.9,121.8,1,4,,0.0476
traceF,bsf,654,106.9,120.9,1,4,,0.0476
traceF,bsf,655,106.4,122.7,1,4,,0.0476
traceF,bsf,656,103.1,120.9,1,4,,0.0476
traceF,bsf,657,106.3,121.4,1,4,,0.0476
traceF,bsf,658,107.5,121.7,1,4,,0.0476
traceF,bsf,659,105.4,122.0,1,4,,0.0476
traceF,bsf,660,104.4,121.4,1,4,,0.0476
traceF,bsf,661,105.4,121.0,1,4,,0.0476
traceF,bsf,662,103.4,121.4,1,4,,0.0476
traceF,bsf,663,105.6,121.9,1,4,,0.0476
traceF,bsf,664,106.0,122.0,1,4,,0.0476
traceF,bsf,665,105.9,121.2,1,4,,0.0476
traceF,bsf,666,106.9,121.3,1,4,,0.0476
traceF,bsf,667,104.2,121.9,1,4,,0.0476
traceF,bsf,668,104.2,121.2,1,4,,0.0476
traceF,bsf,669,105.7,123.2,1,4,,0.0476
traceF,bsf,670,105.7,123.3,1,4,,0.0476
traceF,bsf,671,108.0,121.2,1,4,,0.0476
traceF,bsf,672,104.6,122.4,1,4,,0.0476
traceF,bsf,673,104.4,121.6,1,4,,0.0476
traceF,bsf,674,107.9,123.8,1,4,,0.0476
traceF,bsf,675,101.2,122.0,1,4,,0.0476
traceF,bsf,676,108.4,122.1,1,4,,0.0476
traceF,bsf,677,102.2,121.4,1,4,,0.0476
traceF,bsf,678,109.1,121.5,1,4,,0.0476
traceF,bsf,679,102.9,120.9,1,4,,0.0476
traceF,bsf,680,173.5,122.2,0,4,,0.0476
traceF,bsf,681,144.1,121.8,0,4,,0.0476
traceF,bsf,682,102.7,121.5,1,4,,0.0476
traceF,bsf,683,109.1,121.0,1,4,,0.0476
traceF,bsf,684,103.4,122.1,1,4,,0.0476
traceF,bsf,685,106.6,121.3,1,4,,0.0476
traceF,bsf,686,104.2,122.0,1,4,,0.0476
traceF,bsf,687,106.0,121.0,1,4,,0.0476
traceF,bsf,688,105.8,122.0,1,4,,0.0476
traceF,bsf,689,105.7,121.3,1,4,,0.0476
traceF,bsf,690,103.2,121.8,1,4,,0.0476
traceF,bsf,691,106.3,121.9,1,4,,0.0476
traceF,bsf,692,105.5,121.7,1,4,,0.0476
traceF,bsf,693,106.8,122.8,1,4,,0.0476
traceF,bsf,694,105.2,122.3,1,4,,0.0476
traceF,bsf,695,104.0,121.4,1,4,,0.0476
traceF,bsf,696,105.7,121.1,1,4,,0.0476
traceF,bsf,697,104.2,121.7,1,4,,0.0476
traceF,bsf,698,106.1,121.8,1,4,,0.0476
traceF,bsf,699,106.9,121.3,1,4,,0.0476
traceF,bsf,700,103.7,121.8,1,4,,0.0476
traceF,bsf,701,106.8,121.5,1,4,,0.0476
traceF,bsf,702,107.5,121.3,1,4,,0.0476
traceF,bsf,703,103.6,121.5,1,4,,0.0476
traceF,bsf,704,107.9,120.6,1,4,,0.0476
traceF,bsf,705,101.2,122.4,1,4,,0.0476
traceF,bsf,706,105.9,121.2,1,4,,0.0476
traceF,bsf,707,105.9,121.2,1,4,,0.0476
traceF,bsf,708,106.5,121.4,1,4,,0.0476
traceF,bsf,709,103.5,121.1,1,4,,0.0476
traceF,bsf,710,107.7,121.2,1,4,,0.0476
traceF,bsf,711,103.3,123.3,1,4,,0.0476
traceF,bsf,712,106.9,121.7,1,4,,0.0476
traceF,bsf,713,104.0,122.0,1,4,,0.0476
traceF,bsf,714,105.4,123.0,1,4,,0.0476
traceF,bsf,715,108.7,122.3,1,4,,0.0476
traceF,bsf,716,103.1,123.1,1,4,,0.0476
traceF,bsf,717,104.1,121.3,1,4,,0.0476
traceF,bsf,718,105.4,121.1,1,4,,0.0476
traceF,bsf,719,105.9,121.7,1,4,,0.0476
traceF,bsf,720,105.3,121.9,1,4,,0.0476
traceF,bsf,721,106.5,121.6,1,4,,0.0476
traceF,bsf,722,105.6,121.4,1,4,,0.0476
traceF,bsf,723,105.9,121.6,1,4,,0.0476
traceF,bsf,724,104.1,121.5,1,4,,0.0476
traceF,bsf,725,106.2,121.5,1,4,,0.0476
traceF,bsf,726,103.9,121.6,1,4,,0.0476
traceF,bsf,727,109.8,121.4,1,4,,0.0476
traceF,bsf,728,101.1,121.3,1,4,,0.0476
traceF,bsf,729,106.5,121.8,1,4,,0.0476
traceF,bsf,730,106.3,121.7,1,4,,0.0476
traceF,bsf,731,106.3,121.7,1,4,,0.0476
traceF,bsf,732,103.2,121.5,1,4,,0.0476
traceF,bsf,733,106.6,121.6,1,4,,0.0476
traceF,bsf,734,104.1,120.7,1,4,,0.0476
traceF,bsf,735,108.4,121.4,1,4,,0.0476
traceF,bsf,736,102.7,121.5,1,4,,0.0476
traceF,bsf,737,108.1,121.5,1,4,,0.0476
traceF,bsf,738,104.7,121.1,1,4,,0.0476
traceF,bsf,739,105.9,121.3,1,4,,0.0476
traceF,bsf,740,103.3,121.6,1,4,,0.0476
traceF,bsf,741,106.5,121.0,1,4,,0.0476
traceF,bsf,742,106.1,120.5,1,4,,0.0476
traceF,bsf,743,104.2,121.5,1,4,,0.0476
traceF,bsf,744,104.9,121.0,1,4,,0.0476
traceF,bsf,745,105.7,120.3,1,4,,0.0476
traceF,bsf,746,105.6,121.8,1,4,,0.0476
traceF,bsf,747,106.7,121.0,1,4,,0.0476
traceF,bsf,748,104.1,121.6,1,4,,0.0476
traceF,bsf,749,105.6,123.7,1,4,,0.0476
traceF,bsf,750,104.3,121.3,1,4,,0.0476
traceF,bsf,751,107.9,122.2,1,4,,0.0476
traceF,bsf,752,105.5,121.1,1,4,,0.0476
traceF,bsf,753,104.8,123.1,1,4,,0.0476
traceF,bsf,754,104.9,120.7,1,4,,0.0476
traceF,bsf,755,104.2,121.2,1,4,,0.0476
traceF,bsf,756,107.0,121.3,1,4,,0.0476
traceF,bsf,757,105.0,121.4,1,4,,0.0476
traceF,bsf,758,106.2,120.4,1,4,,0.0476
traceF,bsf,759,104.2,120.1,1,4,,0.0476
traceF,bsf,760,105.1,120.1,1,4,,0.0476
traceF,bsf,761,105.8,120.6,1,4,,0.0476
traceF,bsf,762,106.7,120.4,1,4,,0.0476
traceF,bsf,763,105.9,121.3,1,4,,0.0476
traceF,bsf,764,105.3,121.1,1,4,,0.0476
traceF,bsf,765,103.3,119.3,1,4,,0.0476
traceF,bsf,766,107.6,119.6,1,4,,0.0476
traceF,bsf,767,103.1,120.4,1,4,,0.0476
traceF,bsf,768,107.8,120.4,1,4,,0.0476
traceF,bsf,769,104.1,119.9,1,4,,0.0476
traceF,bsf,770,105.7,120.4,1,4,,0.0476
traceF,bsf,771,107.3,121.4,1,4,,0.0476
traceF,bsf,772,103.3,120.2,1,4,,0.0476
traceF,bsf,773,104.4,120.5,1,4,,0.0476
traceF,bsf,774,106.6,120.9,1,4,,0.0476
traceF,bsf,775,105.9,120.7,1,4,,0.0476
traceF,bsf,776,104.6,120.1,1,4,,0.0476
traceF,bsf,777,107.4,120.8,1,4,,0.0476
traceF,bsf,778,102.5,120.3,1,4,,0.0476
traceF,bsf,779,107.8,120.6,1,4,,0.0476
traceF,bsf,780,103.2,121.2,1,4,,0.0476
traceF,bsf,781,108.1,119.8,1,4,,0.0476
traceF,bsf,782,102.9,120.5,1,4,,0.0476
traceF,bsf,783,106.9,120.5,1,4,,0.0476
traceF,bsf,784,106.2,121.0,1,4,,0.0476
traceF,bsf,785,104.0,120.5,1,4,,0.0476
traceF,bsf,786,109.1,120.9,1,4,,0.0476
traceF,bsf,787,103.2,121.9,1,4,,0.0476
traceF,bsf,788,105.8,121.0,1,4,,0.0476
traceF,bsf,789,105.0,120.8,1,4,,0.0476
traceF,bsf,790,106.8,121.2,1,4,,0.0476
traceF,bsf,791,103.7,120.3,1,4,,0.0476
traceF,bsf,792,104.8,121.0,1,4,,0.0476
traceF,bsf,793,105.4,120.5,1,4,,0.0476
traceF,bsf,794,106.5,121.1,1,4,,0.0476
traceF,bsf,795,103.6,123.5,1,4,,0.0476
traceF,bsf,796,106.1,120.5,1,4,,0.0476
traceF,bsf,797,106.3,120.0,1,4,,0.0476
traceF,bsf,798,103.7,121.6,1,4,,0.0476
traceF,bsf,799,105.7,120.5,1,4,,0.0476
traceF,bsf,800,108.2,121.7,1,4,,0.0476
traceF,bsf,801,104.9,121.5,1,4,,0.0476
traceF,bsf,802,105.5,121.9,1,4,,0.0476
traceF,bsf,803,104.8,121.1,1,4,,0.0476
traceF,bsf,804,106.6,121.2,1,4,,0.0476
traceF,bsf,805,105.6,121.3,1,4,,0.0476
traceF,bsf,806,103.0,121.2,1,4,,0.0476
traceF,bsf,807,103.4,121.8,1,4,,0.0476
traceF,bsf,808,107.8,121.3,1,4,,0.0476
traceF,bsf,809,105.1,120.7,1,4,,0.0476
traceF,bsf,810,106.4,121.1,1,4,,0.0476
traceF,bsf,811,105.7,121.6,1,4,,0.0476
traceF,bsf,812,104.6,121.3,1,4,,0.0476
traceF,bsf,813,105.8,121.6,1,4,,0.0476
traceF,bsf,814,105.2,121.2,1,4,,0.0476
traceF,bsf,815,104.1,123.1,1,4,,0.0476
traceF,bsf,816,107.0,123.3,1,4,,0.0476
traceF,bsf,817,105.4,121.5,1,4,,0.0476
traceF,bsf,818,104.6,123.2,1,4,,0.0476
traceF,bsf,819,107.3,123.1,1,4,,0.0476
traceF,bsf,820,102.6,123.7,1,4,,0.0476
traceF,bsf,821,107.4,121.3,1,4,,0.0476
traceF,bsf,822,103.9,121.3,1,4,,0.0476
traceF,bsf,823,106.1,121.5,1,4,,0.0476
traceF,bsf,824,104.0,121.8,1,4,,0.0476
traceF,bsf,825,107.7,121.7,1,4,,0.0476
traceF,bsf,826,104.2,121.9,1,4,,0.0476
traceF,bsf,827,105.1,121.4,1,4,,0.0476
traceF,bsf,828,104.7,123.1,1,4,,0.0476
traceF,bsf,829,105.0,120.9,1,4,,0.0476
traceF,bsf,830,106.4,122.0,1,4,,0.0476
traceF,bsf,831,107.2,121.6,1,4,,0.0476
traceF,bsf,832,106.1,121.3,1,4,,0.0476
traceF,bsf,833,101.9,121.5,1,4,,0.0476
traceF,bsf,834,106.5,122.2,1,4,,0.0476
traceF,bsf,835,104.6,121.4,1,4,,0.0476
traceF,bsf,836,104.4,122.8,1,4,,0.0476
traceF,bsf,837,106.5,120.8,1,4,,0.0476
traceF,bsf,838,106.0,120.5,1,4,,0.0476
traceF,bsf,839,106.6,121.9,1,4,,0.0476
traceF,bsf,840,105.4,122.0,1,4,,0.0476
traceF,bsf,841,106.9,121.8,1,4,,0.0476
traceF,bsf,842,104.1,121.5,1,4,,0.0476
traceF,bsf,843,106.0,121.6,1,4,,0.0476
traceF,bsf,844,105.4,121.3,1,4,,0.0476
traceF,bsf,845,103.5,122.1,1,4,,0.0476
traceF,bsf,846,108.7,121.6,1,4,,0.0476
traceF,bsf,847,101.4,121.4,1,4,,0.0476
traceF,bsf,848,105.7,121.8,1,4,,0.0476
traceF,bsf,849,107.9,120.8,1,4,,0.0476
traceF,bsf,850,105.5,121.6,1,4,,0.0476
traceF,bsf,851,105.5,120.3,1,4,,0.0476
traceF,bsf,852,105.3,121.0,1,4,,0.0476
traceF,bsf,853,102.5,121.3,1,4,,0.0476
traceF,bsf,854,105.8,121.5,1,4,,0.0476
traceF,bsf,855,105.2,121.9,1,4,,0.0476
traceF,bsf,856,107.4,121.8,1,4,,0.0476
traceF,bsf,857,104.5,121.7,1,4,,0.0476
traceF,bsf,858,106.7,121.2,1,4,,0.0476
traceF,bsf,859,104.5,122.0,1,4,,0.0476
traceF,bsf,860,105.6,122.1,1,4,,0.0476
traceF,bsf,861,107.5,122.0,1,4,,0.0476
traceF,bsf,862,103.9,120.5,1,4,,0.0476
traceF,bsf,863,103.1,121.2,1,4,,0.0476
traceF,bsf,864,105.7,122.0,1,4,,0.0476
traceF,bsf,865,106.0,121.7,1,4,,0.0476
traceF,bsf,866,105.0,121.3,1,4,,0.0476
traceF,bsf,867,106.0,121.7,1,4,,0.0476
traceF,bsf,868,108.2,121.9,1,4,,0.0476
traceF,bsf,869,103.7,122.6,1,4,,0.0476
traceF,bsf,870,104.5,121.6,1,4,,0.0476
traceF,bsf,871,106.3,120.6,1,4,,0.0476
traceF,bsf,872,104.3,121.2,1,4,,0.0476
traceF,bsf,873,104.6,120.4,1,4,,0.0476
traceF,bsf,874,106.8,121.2,1,4,,0.0476
traceF,bsf,875,104.0,120.5,1,4,,0.0476
traceF,bsf,876,107.5,121.5,1,4,,0.0476
traceF,bsf,877,106.2,121.9,1,4,,0.0476
traceF,bsf,878,103.9,122.9,1,4,,0.0476
traceF,bsf,879,104.7,120.8,1,4,,0.0476
traceF,bsf,880,104.8,121.8,1,4,,0.0476
traceF,bsf,881,107.4,121.4,1,4,,0.0476
traceF,bsf,882,105.3,121.7,1,4,,0.0476
traceF,bsf,883,103.8,121.3,1,4,,0.0476
traceF,bsf,884,105.6,121.9,1,4,,0.0476
traceF,bsf,885,106.6,121.6,1,4,,0.0476
traceF,bsf,886,104.8,122.5,1,4,,0.0476
traceF,bsf,887,104.7,121.6,1,4,,0.0476
traceF,bsf,888,107.2,120.4,1,4,,0.0476
traceF,bsf,889,107.2,121.2,1,4,,0.0476
traceF,bsf,890,101.9,120.9,1,4,,0.0476
traceF,bsf,891,106.6,121.3,1,4,,0.0476
traceF,bsf,892,106.9,120.8,1,4,,0.0476
traceF,bsf,893,104.3,121.4,1,4,,0.0476
traceF,bsf,894,105.7,121.9,1,4,,0.0476
traceF,bsf,895,102.9,122.1,1,4,,0.0476
traceF,bsf,896,107.7,121.7,1,4,,0.0476
traceF,bsf,897,103.9,121.3,1,4,,0.0476
traceF,bsf,898,105.3,121.5,1,4,,0.0476
traceF,bsf,899,105.0,120.9,1,4,,0.0476
traceF,bsf,900,107.4,121.8,1,4,,0.0476
traceF,bsf,901,105.4,121.2,1,4,,0.0476
traceF,bsf,902,104.5,121.7,1,4,,0.0476
traceF,bsf,903,104.1,121.9,1,4,,0.0476
traceF,bsf,904,108.5,121.3,1,4,,0.0476
traceF,bsf,905,102.6,121.1,1,4,,0.0476
traceF,bsf,906,106.8,121.7,1,4,,0.0476
traceF,bsf,907,104.3,121.4,1,4,,0.0476
traceF,bsf,908,105.4,121.4,1,4,,0.0476
traceF,bsf,909,105.1,121.2,1,4,,0.0476
traceF,bsf,910,109.0,121.7,1,4,,0.0476
traceF,bsf,911,104.1,120.7,1,4,,0.0476
traceF,bsf,912,105.6,121.5,1,4,,0.0476
traceF,bsf,913,105.6,121.9,1,4,,0.0476
traceF,bsf,914,105.7,121.6,1,4,,0.0476
traceF,bsf,915,105.3,121.4,1,4,,0.0476
traceF,bsf,916,104.6,121.4,1,4,,0.0476
traceF,bsf,917,105.3,121.6,1,4,,0.0476
traceF,bsf,918,106.5,121.6,1,4,,0.0476
traceF,bsf,919,103.5,122.5,1,4,,0.0476
traceF,bsf,920,104.9,121.6,1,4,,0.0476
traceF,bsf,921,105.8,120.7,1,4,,0.0476
traceF,bsf,922,106.8,121.0,1,4,,0.0476
traceF,bsf,923,104.1,122.3,1,4,,0.0476
traceF,bsf,924,105.0,121.8,1,4,,0.0476
traceF,bsf,925,106.5,121.3,1,4,,0.0476
traceF,bsf,926,106.7,121.3,1,4,,0.0476
traceF,bsf,927,102.6,121.6,1,4,,0.0476
traceF,bsf,928,107.0,121.8,1,4,,0.0476
traceF,bsf,929,106.3,120.5,1,4,,0.0476
traceF,bsf,930,104.4,121.2,1,4,,0.0476
traceF,bsf,931,105.9,121.8,1,4,,0.0476
traceF,bsf,932,102.6,120.7,1,4,,0.0476
traceF,bsf,933,105.7,121.6,1,4,,0.0476
traceF,bsf,934,107.5,121.5,1,4,,0.0476
traceF,bsf,935,105.0,122.8,1,4,,0.0476
traceF,bsf,936,107.8,121.1,1,4,,0.0476
traceF,bsf,937,103.6,121.4,1,4,,0.0476
traceF,bsf,938,107.6,121.6,1,4,,0.0476
traceF,bsf,939,103.8,121.1,1,4,,0.0476
traceF,bsf,940,105.8,121.5,1,4,,0.0476
traceF,bsf,941,102.9,121.4,1,4,,0.0476
traceF,bsf,942,108.1,120.9,1,4,,0.0476
traceF,bsf,943,102.4,122.1,1,4,,0.0476
traceF,bsf,944,105.3,121.0,1,4,,0.0476
traceF,bsf,945,105.8,121.6,1,4,,0.0476
traceF,bsf,946,108.5,121.9,1,4,,0.0476
traceF,bsf,947,103.6,121.0,1,4,,0.0476
traceF,bsf,948,105.9,121.8,1,4,,0.0476
traceF,bsf,949,105.5,121.3,1,4,,0.0476
traceF,bsf,950,105.9,121.3,1,4,,0.0476
traceF,bsf,951,105.7,121.7,1,4,,0.0476
traceF,bsf,952,106.9,121.6,1,4,,0.0476
traceF,bsf,953,102.3,120.9,1,4,,0.0476
traceF,bsf,954,105.6,122.3,1,4,,0.0476
traceF,bsf,955,105.3,121.2,1,4,,0.0476
traceF,bsf,956,105.0,121.6,1,4,,0.0476
traceF,bsf,957,105.8,121.4,1,4,,0.0476
traceF,bsf,958,105.2,120.9,1,4,,0.0476
traceF,bsf,959,108.4,121.7,1,4,,0.0476
traceF,bsf,960,102.7,120.6,1,4,,0.0476
traceF,bsf,961,107.8,123.1,1,4,,0.0476
traceF,bsf,962,101.2,121.0,1,4,,0.0476
traceF,bsf,963,107.8,121.8,1,4,,0.0476
traceF,bsf,964,105.5,121.9,1,4,,0.0476
traceF,bsf,965,106.6,122.1,1,4,,0.0476
traceF,bsf,966,103.7,121.7,1,4,,0.0476
traceF,bsf,967,103.2,121.1,1,4,,0.0476
traceF,bsf,968,107.0,121.5,1,4,,0.0476
traceF,bsf,969,105.1,121.0,1,4,,0.0476
traceF,bsf,970,106.3,122.4,1,4,,0.0476
traceF,bsf,971,107.0,121.2,1,4,,0.0476
traceF,bsf,972,103.1,121.2,1,4,,0.0476
traceF,bsf,973,106.9,120.5,1,4,,0.0476
traceF,bsf,974,104.4,121.5,1,4,,0.0476
traceF,bsf,975,106.1,121.7,1,4,,0.0476
traceF,bsf,976,103.4,121.8,1,4,,0.0476
traceF,bsf,977,106.8,120.8,1,4,,0.0476
traceF,bsf,978,104.4,121.5,1,4,,0.0476
traceF,bsf,979,106.6,121.6,1,4,,0.0476
traceF,bsf,980,106.2,121.6,1,4,,0.0476
traceF,bsf,981,105.5,121.3,1,4,,0.0476
traceF,bsf,982,107.8,122.2,1,4,,0.0476
traceF,bsf,983,102.3,121.0,1,4,,0.0476
traceF,bsf,984,106.8,120.8,1,4,,0.0476
traceF,bsf,985,103.8,120.5,1,4,,0.0476
traceF,bsf,986,105.7,121.2,1,4,,0.0476
traceF,bsf,987,105.8,120.6,1,4,,0.0476
traceF,bsf,988,103.4,120.0,1,4,,0.0476
traceF,bsf,989,106.7,119.6,1,4,,0.0476
traceF,bsf,990,103.6,121.2,1,4,,0.0476
traceF,bsf,991,107.3,120.3,1,4,,0.0476
traceF,bsf,992,105.1,120.0,1,4,,0.0476
traceF,bsf,993,104.3,119.6,1,4,,0.0476
traceF,bsf,994,106.6,119.4,1,4,,0.0476
traceF,bsf,995,106.9,119.5,1,4,,0.0476
traceF,bsf,996,103.6,120.1,1,4,,0.0476
traceF,bsf,997,107.1,120.1,1,4,,0.0476
traceF,bsf,998,104.1,120.5,1,4,,0.0476
traceF,bsf,999,107.9,120.1,1,4,,0.0476
traceF,v3,0,105.4,1865.5,1,6,H,1.6133
traceF,v3,1,103.7,178.5,1,6,H,1.6108
traceF,v3,2,107.0,1413.4,1,8,M,1.6084
traceF,v3,3,104.8,157.3,1,8,M,1.6060
traceF,v3,4,105.0,156.5,1,8,M,1.6035
traceF,v3,5,105.2,919.9,1,7,L,1.6011
traceF,v3,6,105.6,80.1,0,7,L,1.5868
traceF,v3,7,103.5,111.8,1,10,L,1.4914
traceF,v3,8,105.3,145.1,1,13,L,1.3156
traceF,v3,9,105.2,175.5,1,16,L,1.1425
traceF,v3,10,105.0,174.2,1,16,L,1.1003
traceF,v3,11,105.8,175.0,1,16,L,1.3423
traceF,v3,12,105.5,176.5,1,16,L,1.9084
traceF,v3,13,102.7,176.5,1,16,L,2.6559
traceF,v3,14,105.5,177.6,1,16,L,3.5252
traceF,v3,15,106.2,175.4,1,16,L,4.4777
traceF,v3,16,106.2,178.7,1,16,L,5.4934
traceF,v3,17,101.7,175.7,1,16,L,6.5821
traceF,v3,18,106.5,175.8,1,16,L,7.7260
traceF,v3,19,107.7,177.2,1,16,L,8.9544
traceF,v3,20,102.4,175.6,1,16,L,10.2484
traceF,v3,21,102.9,176.9,1,16,L,11.6236
traceF,v3,22,106.5,176.5,1,16,L,13.0808
traceF,v3,23,104.3,176.6,1,16,L,14.6193
traceF,v3,24,106.2,176.4,1,16,L,16.2646
traceF,v3,25,106.6,176.7,1,16,L,17.9932
traceF,v3,26,104.9,176.5,1,16,L,19.8259
traceF,v3,27,103.1,177.1,1,16,L,21.7547
traceF,v3,28,104.6,176.5,1,16,L,23.7816
traceF,v3,29,105.3,176.6,1,16,L,25.9125
traceF,v3,30,104.7,176.7,1,16,L,28.1408
traceF,v3,31,107.3,176.8,1,16,L,30.4883
traceF,v3,32,104.3,176.6,1,16,L,32.9349
traceF,v3,33,104.9,176.6,1,16,L,35.4975
traceF,v3,34,102.5,176.5,1,16,L,38.1653
traceF,v3,35,107.3,177.2,1,16,L,40.9458
traceF,v3,36,104.4,176.9,1,16,L,43.8503
traceF,v3,37,105.4,177.2,1,16,L,46.8588
traceF,v3,38,104.5,177.6,1,16,L,49.9898
traceF,v3,39,105.7,176.9,1,16,L,53.2285
traceF,v3,40,105.0,176.6,1,16,L,56.5823
traceF,v3,41,103.7,176.7,1,16,L,60.0469
traceF,v3,42,106.2,176.7,1,16,L,63.6233
traceF,v3,43,104.0,176.4,1,16,L,67.3238
traceF,v3,44,104.3,176.3,1,16,L,71.1314
traceF,v3,45,104.8,177.2,1,16,L,75.0617
traceF,v3,46,107.2,177.5,1,16,L,79.1001
traceF,v3,47,103.0,178.0,1,16,L,83.2602
traceF,v3,48,105.2,177.2,1,16,L,87.5439
traceF,v3,49,107.9,177.2,1,16,L,91.9371
traceF,v3,50,103.4,177.4,1,16,L,96.4556
traceF,v3,51,106.4,177.2,1,16,L,101.0831
traceF,v3,52,104.7,177.2,1,16,L,105.8301
traceF,v3,53,101.7,177.1,1,16,L,110.6874
traceF,v3,54,105.2,177.4,1,16,L,115.6618
traceF,v3,55,106.1,178.4,1,16,L,120.7586
traceF,v3,56,105.2,177.5,1,16,L,125.9652
traceF,v3,57,104.9,177.8,1,16,L,131.2953
traceF,v3,58,105.4,177.8,1,16,L,136.7334
traceF,v3,59,105.2,176.2,1,16,L,142.2969
traceF,v3,60,105.0,176.0,1,16,L,147.9809
traceF,v3,61,102.7,175.8,1,16,L,153.7773
traceF,v3,62,106.8,176.6,1,16,L,159.6982
traceF,v3,63,105.9,175.9,1,16,L,165.7283
traceF,v3,64,102.5,175.9,1,16,L,171.8790
traceF,v3,65,107.4,176.1,1,16,L,178.1385
traceF,v3,66,105.4,176.3,1,16,L,184.5183
traceF,v3,67,104.7,176.5,1,16,L,191.0176
traceF,v3,68,102.6,175.9,1,16,L,197.6285
traceF,v3,69,106.4,176.6,1,16,L,204.3617
traceF,v3,70,104.3,175.8,1,16,L,211.2029
traceF,v3,71,106.3,176.2,1,16,L,218.1712
traceF,v3,72,105.0,176.2,1,16,L,225.2568
traceF,v3,73,103.9,176.3,1,16,L,232.4566
traceF,v3,74,104.6,176.6,1,16,L,239.7791
traceF,v3,75,106.8,176.1,1,16,L,247.2109
traceF,v3,76,103.9,176.4,1,16,L,254.7629
traceF,v3,77,104.8,176.1,1,16,L,262.4224
traceF,v3,78,106.4,176.7,1,16,L,270.2041
traceF,v3,79,105.0,177.0,1,16,L,278.1021
traceF,v3,80,105.2,176.4,1,16,L,286.1131
traceF,v3,81,104.4,176.6,1,16,L,294.2444
traceF,v3,82,104.2,175.9,1,16,L,302.4838
traceF,v3,83,104.6,177.2,1,16,L,310.8508
traceF,v3,84,106.4,176.6,1,16,L,319.3317
traceF,v3,85,105.4,175.9,1,16,L,327.9284
traceF,v3,86,105.0,176.9,1,16,L,336.6452
traceF,v3,87,103.0,176.1,1,16,L,345.4711
traceF,v3,88,104.7,176.6,1,16,L,354.4159
traceF,v3,89,104.9,176.3,1,16,L,363.4674
traceF,v3,90,105.0,177.0,1,16,L,372.6415
traceF,v3,91,107.5,176.8,1,16,L,381.9286
traceF,v3,92,102.5,176.6,1,16,L,391.3297
traceF,v3,93,106.6,177.5,1,16,L,400.8486
traceF,v3,94,107.2,176.4,1,16,L,410.4755
traceF,v3,95,103.5,176.7,1,16,L,420.2296
traceF,v3,96,105.1,176.4,1,16,L,430.0942
traceF,v3,97,102.1,176.7,1,16,L,440.0754
traceF,v3,98,109.2,176.9,1,16,L,450.1734
traceF,v3,99,101.6,176.4,1,16,L,460.3803
traceF,v3,100,106.0,176.7,1,16,L,470.7040
traceF,v3,101,105.3,176.1,1,16,L,481.1333
traceF,v3,102,105.2,176.7,1,16,L,491.6849
traceF,v3,103,104.5,176.5,1,16,L,502.3460
traceF,v3,104,105.2,176.6,1,16,L,513.1215
traceF,v3,105,103.8,176.5,1,16,L,524.0114
traceF,v3,106,105.2,176.1,1,16,L,535.0094
traceF,v3,107,104.6,176.3,1,16,L,546.1330
traceF,v3,108,109.2,176.9,1,16,L,557.3635
traceF,v3,109,103.1,176.4,1,16,L,568.7110
traceF,v3,110,102.7,175.9,1,16,L,580.1713
traceF,v3,111,107.3,176.0,1,16,L,591.7398
traceF,v3,112,103.4,176.8,1,16,L,603.4222
traceF,v3,113,106.4,176.3,1,16,L,615.2091
traceF,v3,114,106.7,176.9,1,16,L,627.1168
traceF,v3,115,100.9,173.9,1,16,L,639.1305
traceF,v3,116,106.9,177.1,1,16,L,651.2583
traceF,v3,117,106.2,175.8,1,16,L,663.4964
traceF,v3,118,105.4,175.6,1,16,L,675.8425
traceF,v3,119,103.3,176.0,1,16,L,688.3115
traceF,v3,120,104.6,176.3,1,16,L,700.8839
traceF,v3,121,105.1,176.4,1,16,L,713.5724
traceF,v3,122,107.0,175.6,1,16,L,726.3694
traceF,v3,123,102.7,176.3,1,16,L,739.2737
traceF,v3,124,104.0,176.7,1,16,L,752.2881
traceF,v3,125,105.4,175.9,1,16,L,765.4055
traceF,v3,126,103.8,175.7,1,16,L,778.6414
traceF,v3,127,105.8,175.4,1,16,L,791.9794
traceF,v3,128,104.4,175.9,1,16,L,805.4305
traceF,v3,129,106.4,176.0,1,16,L,818.9874
traceF,v3,130,103.7,175.5,1,16,L,832.6516
traceF,v3,131,106.7,175.4,1,16,L,846.4351
traceF,v3,132,105.0,174.7,1,16,L,860.3185
traceF,v3,133,103.3,175.3,1,16,L,874.3163
traceF,v3,134,104.4,174.4,1,16,L,888.4177
traceF,v3,135,107.9,174.6,1,16,L,902.6249
traceF,v3,136,106.8,174.9,1,16,L,916.9377
traceF,v3,137,100.8,175.0,1,16,L,931.3520
traceF,v3,138,104.8,176.2,1,16,L,945.8812
traceF,v3,139,106.7,175.5,1,16,L,960.5088
traceF,v3,140,104.8,175.6,1,16,L,975.2474
traceF,v3,141,106.5,175.1,1,16,L,990.0869
traceF,v3,142,102.6,175.4,1,16,L,1005.0330
traceF,v3,143,109.1,175.4,1,16,L,1020.0933
traceF,v3,144,103.3,175.6,1,16,L,1035.2504
traceF,v3,145,103.1,176.2,1,16,L,1050.5190
traceF,v3,146,104.8,175.3,1,16,L,1065.8861
traceF,v3,147,104.7,175.5,1,16,L,1081.3570
traceF,v3,148,105.1,175.6,1,16,L,1096.9284
traceF,v3,149,106.6,175.6,1,16,L,1112.5995
traceF,v3,150,102.4,175.6,1,16,L,1128.3811
traceF,v3,151,105.2,175.5,1,16,L,1144.2573
traceF,v3,152,107.0,176.5,1,16,L,1160.2417
traceF,v3,153,103.0,175.8,1,16,L,1176.3218
traceF,v3,154,107.0,176.5,1,16,L,1192.5071
traceF,v3,155,102.7,176.0,1,16,L,1208.8012
traceF,v3,156,106.4,175.9,1,16,L,1225.1885
traceF,v3,157,105.5,176.4,1,16,L,1241.6838
traceF,v3,158,107.1,175.7,1,16,L,1258.2725
traceF,v3,159,103.2,176.0,1,16,L,1274.9623
traceF,v3,160,105.4,176.2,1,16,L,1291.7471
traceF,v3,161,105.7,176.1,1,16,L,1308.6297
traceF,v3,162,102.4,175.8,1,16,L,1325.6175
traceF,v3,163,106.3,175.8,1,16,L,1342.6963
traceF,v3,164,106.1,177.0,1,16,L,1359.8796
traceF,v3,165,104.8,176.1,1,16,L,1377.1535
traceF,v3,166,105.8,176.0,1,16,L,1394.5309
traceF,v3,167,102.7,176.2,1,16,L,1412.0107
traceF,v3,168,104.0,175.8,1,16,L,1429.5805
traceF,v3,169,104.7,176.0,1,16,L,1447.2539
traceF,v3,170,105.1,176.1,1,16,L,1465.0157
traceF,v3,171,109.4,176.5,1,16,L,1482.8754
traceF,v3,172,100.6,176.2,1,16,L,1500.8244
traceF,v3,173,105.3,176.6,1,16,L,1518.8691
traceF,v3,174,105.8,176.4,1,16,L,1537.0132
traceF,v3,175,104.8,176.1,1,16,L,1555.2447
traceF,v3,176,107.4,176.3,1,16,L,1573.5764
traceF,v3,177,101.9,176.3,1,16,L,1591.9938
traceF,v3,178,107.0,176.4,1,16,L,1610.5124
traceF,v3,179,104.5,176.3,1,16,L,1629.1270
traceF,v3,180,104.1,176.3,1,16,L,1647.8282
traceF,v3,181,108.0,176.5,1,16,L,1666.6283
traceF,v3,182,102.8,176.3,1,16,L,1685.5117
traceF,v3,183,104.8,176.0,1,16,L,1704.4894
traceF,v3,184,104.0,176.0,1,16,L,1723.5510
traceF,v3,185,105.5,176.7,1,16,L,1742.7058
traceF,v3,186,107.7,177.0,1,16,L,1761.9540
traceF,v3,187,102.5,176.7,1,16,L,1781.2860
traceF,v3,188,105.3,177.8,1,16,L,1800.7137
traceF,v3,189,105.6,176.7,1,16,L,1820.2223
traceF,v3,190,105.1,177.3,1,16,L,1839.8295
traceF,v3,191,104.9,176.9,1,16,L,1859.5260
traceF,v3,192,104.4,176.7,1,16,L,1879.3059
traceF,v3,193,105.1,177.2,1,16,L,1899.1796
traceF,v3,194,107.4,176.7,1,16,L,1919.1319
traceF,v3,195,104.7,176.7,1,16,L,1939.1746
traceF,v3,196,104.4,177.0,1,16,L,1959.2958
traceF,v3,197,104.1,176.6,1,16,L,1979.5077
traceF,v3,198,105.2,176.9,1,16,L,1999.8068
traceF,v3,199,104.3,176.4,1,16,L,2020.1863
traceF,v3,200,104.4,176.5,1,16,L,2040.6566
traceF,v3,201,104.9,176.2,1,16,L,2061.2036
traceF,v3,202,104.4,176.9,1,16,L,2081.8461
traceF,v3,203,104.6,176.5,1,16,L,2102.5713
traceF,v3,204,107.0,176.6,1,16,L,2123.3770
traceF,v3,205,103.9,177.6,1,16,L,2144.2709
traceF,v3,206,104.8,176.5,1,16,L,2165.2392
traceF,v3,207,104.3,176.5,1,16,L,2186.2937
traceF,v3,208,106.2,176.3,1,16,L,2207.4217
traceF,v3,209,105.4,177.2,1,16,L,2228.6378
traceF,v3,210,105.2,176.4,1,16,L,2249.9347
traceF,v3,211,104.7,176.4,1,16,L,2271.3091
traceF,v3,212,108.3,176.8,1,16,L,2292.7691
traceF,v3,213,101.9,176.4,1,16,L,2314.3019
traceF,v3,214,103.3,176.4,1,16,L,2335.9269
traceF,v3,215,105.5,176.8,1,16,L,2357.6281
traceF,v3,216,105.4,177.0,1,16,L,2379.4072
traceF,v3,217,105.2,176.8,1,16,L,2401.2689
traceF,v3,218,104.7,176.8,1,16,L,2423.2009
traceF,v3,219,106.7,176.8,1,16,L,2445.2148
traceF,v3,220,104.0,176.5,1,16,L,2467.2976
traceF,v3,221,106.7,176.7,1,16,L,2489.4655
traceF,v3,222,100.7,176.7,1,16,L,2511.7082
traceF,v3,223,105.4,176.8,1,16,L,2534.0259
traceF,v3,224,106.6,175.8,1,16,L,2556.4236
traceF,v3,225,104.7,176.6,1,16,L,2578.8907
traceF,v3,226,106.8,176.6,1,16,L,2601.4463
traceF,v3,227,101.6,176.5,1,16,L,2624.0720
traceF,v3,228,106.2,177.3,1,16,L,2646.7731
traceF,v3,229,96.8,177.5,1,16,L,2669.5509
traceF,v3,230,104.8,177.4,1,16,L,2692.3956
traceF,v3,231,107.0,177.0,1,16,L,2715.3175
traceF,v3,232,102.0,176.3,1,16,L,2738.3042
traceF,v3,233,106.1,176.9,1,16,L,2761.3730
traceF,v3,234,103.2,176.2,1,16,L,2784.5105
traceF,v3,235,106.3,176.9,1,16,L,2807.7206
traceF,v3,236,102.7,176.4,1,16,L,2831.0051
traceF,v3,237,109.5,176.5,1,16,L,2854.3560
traceF,v3,238,100.2,177.8,1,16,L,2877.7914
traceF,v3,239,107.2,176.2,1,16,L,2901.2912
traceF,v3,240,106.5,177.4,1,16,L,2924.8639
traceF,v3,241,101.9,176.6,1,16,L,2948.5073
traceF,v3,242,105.1,177.1,1,16,L,2972.2143
traceF,v3,243,104.9,177.0,1,16,L,2995.9939
traceF,v3,244,108.1,176.6,1,16,L,3019.8344
traceF,v3,245,102.9,178.3,1,15,L,3043.7535
traceF,v3,246,107.1,176.4,1,16,L,3067.7359
traceF,v3,247,104.1,177.3,1,16,L,3091.7882
traceF,v3,248,105.2,176.3,1,16,L,3115.9093
traceF,v3,249,104.1,177.1,1,16,L,3140.0942
traceF,v3,250,104.9,176.8,1,16,L,3164.3591
traceF,v3,251,104.1,176.4,1,16,L,3188.6829
traceF,v3,252,106.1,176.9,1,16,L,3213.0770
traceF,v3,253,104.9,176.6,1,16,L,3237.5358
traceF,v3,254,106.0,176.8,1,16,L,3262.0553
traceF,v3,255,104.3,176.6,1,16,L,3286.6423
traceF,v3,256,104.6,175.6,1,16,L,3311.2867
traceF,v3,257,102.9,176.7,1,16,L,3336.0060
traceF,v3,258,105.6,175.4,1,16,L,3360.7829
traceF,v3,259,106.6,176.5,1,16,L,3385.6273
traceF,v3,260,104.4,175.4,1,16,L,3410.5347
traceF,v3,261,106.4,176.1,1,16,L,3435.5034
traceF,v3,262,104.2,176.0,1,16,L,3460.5470
traceF,v3,263,103.1,175.4,1,16,L,3485.6445
traceF,v3,264,105.1,176.4,1,16,L,3510.8093
traceF,v3,265,106.4,177.1,1,16,L,3536.0328
traceF,v3,266,104.8,176.8,1,16,L,3561.3141
traceF,v3,267,104.5,175.5,1,16,L,3586.6574
traceF,v3,268,105.4,175.6,1,16,L,3612.0550
traceF,v3,269,104.3,175.8,1,16,L,3637.5230
traceF,v3,270,105.7,174.8,1,16,L,3663.0434
traceF,v3,271,106.0,176.3,1,16,L,3688.6284
traceF,v3,272,103.7,175.1,1,16,L,3714.2704
traceF,v3,273,104.7,175.5,1,16,L,3739.9714
traceF,v3,274,106.8,175.3,1,16,L,3765.7418
traceF,v3,275,103.2,175.0,1,16,L,3791.5609
traceF,v3,276,106.9,176.3,1,16,L,3817.4442
traceF,v3,277,105.1,175.0,1,16,L,3843.3798
traceF,v3,278,106.3,175.5,1,16,L,3869.3704
traceF,v3,279,102.4,174.3,1,16,L,3895.4172
traceF,v3,280,103.7,175.2,1,16,L,3921.5150
traceF,v3,281,105.7,175.4,1,16,L,3947.6785
traceF,v3,282,105.2,175.0,1,16,L,3973.8889
traceF,v3,283,104.3,175.2,1,16,L,4000.1608
traceF,v3,284,107.1,174.6,1,16,L,4026.4835
traceF,v3,285,104.5,175.1,1,16,L,4052.8628
traceF,v3,286,104.8,174.5,1,16,L,4079.3051
traceF,v3,287,107.5,174.2,1,16,L,4105.7913
traceF,v3,288,101.0,175.3,1,16,L,4132.3380
traceF,v3,289,108.1,174.2,1,16,L,4158.9305
traceF,v3,290,102.9,174.6,1,16,L,4185.5751
traceF,v3,291,107.5,173.9,1,16,L,4212.2694
traceF,v3,292,102.7,174.0,1,16,L,4239.0118
traceF,v3,293,102.9,174.5,1,16,L,4265.8141
traceF,v3,294,106.3,174.0,1,16,L,4292.6581
traceF,v3,295,104.7,175.4,1,16,L,4319.5599
traceF,v3,296,108.5,174.2,1,16,L,4346.5060
traceF,v3,297,102.6,175.2,1,16,L,4373.5060
traceF,v3,298,105.3,184.2,1,17,L,4400.5624
traceF,v3,299,104.0,174.3,1,16,L,4427.6577
traceF,v3,300,107.7,174.0,1,16,L,4454.8092
traceF,v3,301,102.1,174.2,1,16,L,4481.9998
traceF,v3,302,106.6,174.8,1,16,L,4509.2391
traceF,v3,303,105.9,174.4,1,16,L,4536.5215
traceF,v3,304,102.5,174.8,1,16,L,4563.8487
traceF,v3,305,105.5,174.9,1,16,L,4591.2295
traceF,v3,306,106.4,175.5,1,16,L,4618.6469
traceF,v3,307,103.2,174.6,1,16,L,4646.1177
traceF,v3,308,106.5,174.9,1,16,L,4673.6262
traceF,v3,309,105.3,176.4,1,16,L,4701.1855
traceF,v3,310,103.3,175.6,1,16,L,4728.7939
traceF,v3,311,104.3,175.8,1,16,L,4756.4364
traceF,v3,312,106.5,175.5,1,16,L,4784.1300
traceF,v3,313,104.0,175.6,1,16,L,4811.8560
traceF,v3,314,105.9,175.6,1,16,L,4839.6270
traceF,v3,315,103.8,176.6,1,16,L,4867.4339
traceF,v3,316,104.3,175.3,1,16,L,4895.2823
traceF,v3,317,107.2,174.8,1,16,L,4923.1774
traceF,v3,318,103.5,176.0,1,16,L,4951.1039
traceF,v3,319,107.2,176.1,1,16,L,4979.0787
traceF,v3,320,105.3,176.4,1,16,L,5007.0846
traceF,v3,321,104.4,177.3,1,16,L,5035.1378
traceF,v3,322,102.4,176.8,1,16,L,5063.2323
traceF,v3,323,107.4,174.8,1,16,L,5091.3562
traceF,v3,324,104.7,176.0,1,16,L,5119.5254
traceF,v3,325,105.1,174.4,1,16,L,5147.7203
traceF,v3,326,103.8,174.9,1,16,L,5175.9560
traceF,v3,327,104.3,175.5,1,16,L,5204.2201
traceF,v3,328,108.2,175.8,1,16,L,5232.5224
traceF,v3,329,103.8,174.9,1,16,L,5260.8637
traceF,v3,330,105.6,175.2,1,16,L,5289.2316
traceF,v3,331,101.8,174.8,1,16,L,5317.6420
traceF,v3,332,105.0,175.5,1,16,L,5346.0767
traceF,v3,333,107.2,175.5,1,16,L,5374.5549
traceF,v3,334,104.7,175.0,1,16,L,5403.0662
traceF,v3,335,105.9,175.5,1,16,L,5431.6024
traceF,v3,336,104.6,176.0,1,16,L,5460.1774
traceF,v3,337,107.5,175.5,1,16,L,5488.7716
traceF,v3,338,101.5,175.4,1,16,L,5517.4019
traceF,v3,339,104.9,176.1,1,16,L,5546.0530
traceF,v3,340,104.9,175.2,1,16,L,5574.7388
traceF,v3,341,105.6,174.7,1,16,L,5603.4555
traceF,v3,342,106.2,185.3,1,17,L,5632.1941
traceF,v3,343,101.7,174.8,1,16,L,5660.9689
traceF,v3,344,109.2,175.3,1,16,L,5689.7616
traceF,v3,345,101.9,175.8,1,16,L,5718.5933
traceF,v3,346,105.6,177.1,1,16,L,5747.4498
traceF,v3,347,105.0,174.6,1,16,L,5776.3269
traceF,v3,348,104.5,175.0,1,16,L,5805.2356
traceF,v3,349,104.2,174.5,1,16,L,5834.1575
traceF,v3,350,107.1,175.4,1,16,L,5863.1103
traceF,v3,351,103.4,175.2,1,16,L,5892.0765
traceF,v3,352,104.9,174.9,1,16,L,5921.0735
traceF,v3,353,105.0,175.8,1,16,L,5950.0933
traceF,v3,354,106.5,174.8,1,16,L,5979.1306
traceF,v3,355,102.8,176.5,1,16,L,6008.1971
traceF,v3,356,105.6,175.1,1,16,L,6037.2755
traceF,v3,357,106.6,174.5,1,16,L,6066.3881
traceF,v3,358,102.5,176.3,1,16,L,6095.5171
traceF,v3,359,106.2,174.5,1,16,L,6124.6628
traceF,v3,360,107.3,174.7,1,16,L,6153.8325
traceF,v3,361,103.2,175.7,1,16,L,6183.0099
traceF,v3,362,105.3,175.9,1,16,L,6212.2124
traceF,v3,363,103.5,174.6,1,16,L,6241.4215
traceF,v3,364,106.8,175.0,1,16,L,6270.6572
traceF,v3,365,104.7,175.3,1,16,L,6299.9075
traceF,v3,366,104.9,174.6,1,16,L,6329.1713
traceF,v3,367,103.7,174.8,1,16,L,6358.4571
traceF,v3,368,107.8,174.8,1,16,L,6387.7494
traceF,v3,369,103.1,175.8,1,16,L,6417.0706
traceF,v3,370,104.6,175.2,1,16,L,6446.4000
traceF,v3,371,105.7,175.2,1,16,L,6475.7425
traceF,v3,372,103.6,175.4,1,16,L,6505.1011
traceF,v3,373,105.4,175.2,1,16,L,6534.4627
traceF,v3,374,106.9,176.0,1,16,L,6563.8432
traceF,v3,375,103.0,175.4,1,16,L,6593.2240
traceF,v3,376,105.8,175.3,1,16,L,6622.6272
traceF,v3,377,104.9,175.2,1,16,L,6652.0367
traceF,v3,378,104.1,174.2,1,16,L,6681.4565
traceF,v3,379,105.1,175.0,1,16,L,6710.8907
traceF,v3,380,106.9,175.5,1,16,L,6740.3266
traceF,v3,381,103.7,175.1,1,16,L,6769.7860
traceF,v3,382,106.3,175.7,1,16,L,6799.2456
traceF,v3,383,103.4,175.4,1,16,L,6828.7151
traceF,v3,384,107.2,175.6,1,16,L,6858.1930
traceF,v3,385,104.6,175.1,1,16,L,6887.6696
traceF,v3,386,104.1,175.7,1,16,L,6917.1587
traceF,v3,387,104.8,176.0,1,16,L,6946.6427
traceF,v3,388,106.7,175.2,1,16,L,6976.1446
traceF,v3,389,101.1,175.1,1,16,L,7005.6450
traceF,v3,390,107.0,174.2,1,16,L,7035.1527
traceF,v3,391,104.1,185.3,1,17,L,7064.6673
traceF,v3,392,106.5,175.7,1,16,L,7094.1796
traceF,v3,393,106.6,174.6,1,16,L,7123.7098
traceF,v3,394,105.2,175.4,1,16,L,7153.2327
traceF,v3,395,101.2,174.6,1,16,L,7182.7628
traceF,v3,396,106.5,175.3,1,16,L,7212.2933
traceF,v3,397,104.7,175.0,1,16,L,7241.8192
traceF,v3,398,104.6,176.1,1,16,L,7271.3511
traceF,v3,399,105.6,174.8,1,16,L,7300.8733
traceF,v3,400,106.0,175.3,1,16,L,7330.4088
traceF,v3,401,104.3,175.8,1,16,L,7359.9354
traceF,v3,402,103.8,175.0,1,16,L,7389.4667
traceF,v3,403,105.3,175.5,1,16,L,7418.9975
traceF,v3,404,105.5,174.7,1,16,L,7448.5228
traceF,v3,405,105.7,175.5,1,16,L,7478.0602
traceF,v3,406,104.4,175.6,1,16,L,7507.5838
traceF,v3,407,107.0,175.3,1,16,L,7537.1118
traceF,v3,408,103.3,175.7,1,16,L,7566.6323
traceF,v3,409,102.7,176.3,1,16,L,7596.1461
traceF,v3,410,107.9,175.5,1,16,L,7625.6589
traceF,v3,411,105.7,175.9,1,16,L,7655.1584
traceF,v3,412,103.5,175.7,1,16,L,7684.6665
traceF,v3,413,103.9,175.6,1,16,L,7714.1591
traceF,v3,414,107.0,176.0,1,16,L,7743.6539
traceF,v3,415,101.6,175.4,1,16,L,7773.1409
traceF,v3,416,108.8,175.9,1,16,L,7802.6201
traceF,v3,417,105.3,175.1,1,16,L,7832.1054
traceF,v3,418,101.5,174.2,1,16,L,7861.5712
traceF,v3,419,105.1,174.6,1,16,L,7891.0387
traceF,v3,420,104.2,176.3,1,16,L,7920.4913
traceF,v3,421,107.3,175.0,1,16,L,7949.9353
traceF,v3,422,106.7,176.2,1,16,L,7979.3715
traceF,v3,423,102.7,174.2,1,16,L,8008.7919
traceF,v3,424,106.1,176.1,1,16,L,8038.2156
traceF,v3,425,104.7,175.0,1,16,L,8067.6182
traceF,v3,426,103.3,174.9,1,16,L,8097.0208
traceF,v3,427,105.5,175.2,1,16,L,8126.4080
traceF,v3,428,104.4,175.3,1,16,L,8155.7861
traceF,v3,429,104.6,177.8,1,16,L,8185.1642
traceF,v3,430,106.8,175.0,1,16,L,8214.5179
traceF,v3,431,106.7,174.9,1,16,L,8243.8705
traceF,v3,432,103.4,175.3,1,16,L,8273.2013
traceF,v3,433,105.0,175.0,1,16,L,8302.5222
traceF,v3,434,105.2,174.5,1,16,L,8331.8282
traceF,v3,435,107.0,175.7,1,16,L,8361.1165
traceF,v3,436,102.3,174.5,1,16,L,8390.4029
traceF,v3,437,106.5,175.2,1,16,L,8419.6636
traceF,v3,438,102.2,174.5,1,16,L,8448.9215
traceF,v3,439,105.4,175.1,1,16,L,8478.1571
traceF,v3,440,107.1,176.0,1,16,L,8507.3826
traceF,v3,441,103.1,174.6,1,16,L,8536.6018
traceF,v3,442,104.2,174.0,1,16,L,8565.7928
traceF,v3,443,106.3,174.8,1,16,L,8594.9795
traceF,v3,444,104.9,174.3,1,16,L,8624.1381
traceF,v3,445,105.2,174.2,1,16,L,8653.2856
traceF,v3,446,106.2,174.6,1,16,L,8682.4110
traceF,v3,447,105.0,173.9,1,16,L,8711.5179
traceF,v3,448,104.7,174.2,1,16,L,8740.6170
traceF,v3,449,103.9,174.4,1,16,L,8769.6866
traceF,v3,450,103.9,175.8,1,16,L,8798.7504
traceF,v3,451,107.8,183.9,1,17,L,8827.7856
traceF,v3,452,104.3,175.2,1,16,L,8856.8097
traceF,v3,453,105.8,174.7,1,16,L,8885.8212
traceF,v3,454,102.1,184.4,1,17,L,8914.8014
traceF,v3,455,107.1,185.3,1,17,L,8943.7736
traceF,v3,456,103.8,183.9,1,17,L,8972.7123
traceF,v3,457,103.8,184.0,1,17,L,9001.6385
traceF,v3,458,104.9,184.0,1,17,L,9030.5354
traceF,v3,459,106.4,175.0,1,16,L,9059.4134
traceF,v3,460,108.4,174.7,1,16,L,9088.2776
traceF,v3,461,102.0,174.2,1,16,L,9117.1091
traceF,v3,462,108.6,175.0,1,16,L,9145.9314
traceF,v3,463,100.1,175.2,1,16,L,9174.7193
traceF,v3,464,104.9,174.8,1,16,L,9203.4950
traceF,v3,465,104.3,175.1,1,16,L,9232.2516
traceF,v3,466,107.3,174.2,1,16,L,9260.9748
traceF,v3,467,104.2,174.6,1,16,L,9289.6856
traceF,v3,468,105.4,175.3,1,16,L,9318.3583
traceF,v3,469,103.5,174.9,1,16,L,9347.0163
traceF,v3,470,106.7,175.0,1,16,L,9375.6387
traceF,v3,471,105.9,175.7,1,16,L,9404.2415
traceF,v3,472,103.0,178.0,1,16,L,9432.8242
traceF,v3,473,105.5,173.9,1,16,L,9461.3720
traceF,v3,474,107.3,174.7,1,16,L,9489.9063
traceF,v3,475,103.1,174.6,1,16,L,9518.4014
traceF,v3,476,105.7,174.7,1,16,L,9546.8827
traceF,v3,477,104.7,174.6,1,16,L,9575.3381
traceF,v3,478,105.7,174.5,1,16,L,9603.7587
traceF,v3,479,104.3,175.2,1,16,L,9632.1619
traceF,v3,480,103.2,185.1,1,17,L,9660.5232
traceF,v3,481,106.9,175.2,1,16,L,9688.8671
traceF,v3,482,103.7,175.0,1,16,L,9717.1696
traceF,v3,483,104.9,175.3,1,16,L,9745.4516
traceF,v3,484,104.9,175.4,1,16,L,9773.7068
traceF,v3,485,104.7,175.7,1,16,L,9801.9255
traceF,v3,486,104.0,177.3,1,16,L,9830.1260
traceF,v3,487,107.1,175.4,1,16,L,9858.2828
traceF,v3,488,104.4,175.3,1,16,L,9886.4241
traceF,v3,489,105.6,175.8,1,16,L,9914.5324
traceF,v3,490,104.6,176.4,1,16,L,9942.6052
traceF,v3,491,106.2,183.4,1,16,L,9970.6550
traceF,v3,492,104.0,174.1,1,16,L,9998.6598
traceF,v3,493,103.9,174.8,1,16,L,10026.6438
traceF,v3,494,106.8,175.2,1,16,L,10054.5811
traceF,v3,495,104.4,174.7,1,16,L,10082.4968
traceF,v3,496,105.1,175.7,1,16,L,10110.3786
traceF,v3,497,107.2,175.8,1,16,L,10138.2232
traceF,v3,498,103.5,176.4,1,16,L,10166.0440
traceF,v3,499,106.3,173.9,1,16,L,10193.8176
traceF,v3,500,104.4,176.7,1,16,L,10221.5735
traceF,v3,501,103.1,175.5,1,16,L,10249.2890
traceF,v3,502,104.6,176.4,1,16,L,10276.9690
traceF,v3,503,106.8,174.4,1,16,L,10304.6196
traceF,v3,504,105.0,175.5,1,16,L,10332.2230
traceF,v3,505,105.9,182.9,1,17,L,10359.8014
traceF,v3,506,104.7,179.3,1,16,L,10387.3287
traceF,v3,507,103.8,174.7,1,16,L,10414.8329
traceF,v3,508,104.4,175.2,1,16,L,10442.2959
traceF,v3,509,104.8,176.3,1,16,L,10469.7215
traceF,v3,510,105.5,175.8,1,16,L,10497.1171
traceF,v3,511,103.2,176.3,1,16,L,10524.4629
traceF,v3,512,105.2,174.5,1,16,L,10551.7881
traceF,v3,513,104.7,184.9,1,17,L,10579.0660
traceF,v3,514,106.6,176.2,1,16,L,10606.3084
traceF,v3,515,102.5,175.1,1,16,L,10633.5147
traceF,v3,516,104.7,174.9,1,16,L,10660.6725
traceF,v3,517,105.2,176.6,1,16,L,10687.8003
traceF,v3,518,107.8,174.9,1,16,L,10714.8735
traceF,v3,519,103.7,174.4,1,16,L,10741.9217
traceF,v3,520,108.3,174.8,1,16,L,10768.9216
traceF,v3,521,102.0,176.2,1,16,L,10795.8842
traceF,v3,522,103.1,177.2,1,16,L,10822.8101
traceF,v3,523,107.6,174.0,1,16,L,10849.6844
traceF,v3,524,105.3,175.5,1,16,L,10876.5349
traceF,v3,525,103.5,176.2,1,16,L,10903.3320
traceF,v3,526,104.7,176.1,1,16,L,10930.0933
traceF,v3,527,106.3,176.9,1,16,L,10956.8115
traceF,v3,528,105.3,176.6,1,16,L,10983.4811
traceF,v3,529,104.8,176.0,1,16,L,11010.1149
traceF,v3,530,103.4,175.9,1,16,L,11036.6916
traceF,v3,531,106.1,177.9,1,16,L,11063.2409
traceF,v3,532,104.2,175.7,1,16,L,11089.7356
traceF,v3,533,106.8,175.5,1,16,L,11116.1930
traceF,v3,534,104.0,176.2,1,16,L,11142.6068
traceF,v3,535,103.9,176.1,1,16,L,11168.9684
traceF,v3,536,104.3,174.1,1,16,L,11195.3024
traceF,v3,537,106.6,175.6,1,16,L,11221.5776
traceF,v3,538,103.3,176.0,1,16,L,11247.8171
traceF,v3,539,105.0,185.1,1,17,L,11274.0062
traceF,v3,540,106.3,174.8,1,16,L,11300.1474
traceF,v3,541,105.5,175.4,1,16,L,11326.2467
traceF,v3,542,105.1,174.4,1,16,L,11352.2875
traceF,v3,543,103.0,176.1,1,16,L,11378.2980
traceF,v3,544,107.1,175.1,1,16,L,11404.2487
traceF,v3,545,103.0,179.4,1,15,L,11430.1622
traceF,v3,546,107.2,176.7,1,16,L,11456.0248
traceF,v3,547,104.3,175.5,1,16,L,11481.8360
traceF,v3,548,104.0,174.2,1,16,L,11507.6153
traceF,v3,549,106.4,174.2,1,16,L,11533.3317
traceF,v3,550,106.3,174.7,1,16,L,11559.0120
traceF,v3,551,103.3,176.8,1,16,L,11584.6356
traceF,v3,552,104.6,175.7,1,16,L,11610.2123
traceF,v3,553,107.9,174.7,1,16,L,11635.7408
traceF,v3,554,102.9,175.7,1,16,L,11661.2108
traceF,v3,555,103.3,183.4,1,17,L,11686.6471
traceF,v3,556,104.5,185.3,1,17,L,11712.0197
traceF,v3,557,106.2,175.2,1,16,L,11737.3549
traceF,v3,558,104.7,175.5,1,16,L,11762.6327
traceF,v3,559,105.9,175.6,1,16,L,11787.8605
traceF,v3,560,103.9,176.1,1,16,L,11813.0520
traceF,v3,561,106.7,175.4,1,16,L,11838.1779
traceF,v3,562,106.7,175.4,1,16,L,11863.2671
traceF,v3,563,103.0,175.0,1,16,L,11888.2943
traceF,v3,564,104.2,176.3,1,16,L,11913.2759
traceF,v3,565,107.6,176.5,1,16,L,11938.2029
traceF,v3,566,102.7,175.3,1,16,L,11963.0730
traceF,v3,567,106.4,175.2,1,16,L,11987.9056
traceF,v3,568,103.1,175.9,1,16,L,12012.6720
traceF,v3,569,104.8,175.3,1,16,L,12037.4007
traceF,v3,570,106.6,174.7,1,16,L,12062.0663
traceF,v3,571,103.5,175.1,1,16,L,12086.6840
traceF,v3,572,105.2,180.1,1,16,L,12111.2610
traceF,v3,573,104.7,174.9,1,16,L,12135.7713
traceF,v3,574,104.3,175.0,1,16,L,12160.2439
traceF,v3,575,105.1,175.0,1,16,L,12184.6506
traceF,v3,576,106.1,175.2,1,16,L,12209.0131
traceF,v3,577,107.4,175.3,1,16,L,12233.3152
traceF,v3,578,100.1,176.7,1,16,L,12257.5630
traceF,v3,579,108.0,174.7,1,16,L,12281.7695
traceF,v3,580,102.1,175.1,1,16,L,12305.9088
traceF,v3,581,107.5,174.8,1,16,L,12330.0097
traceF,v3,582,106.2,175.2,1,16,L,12354.0435
traceF,v3,583,104.4,174.8,1,16,L,12378.0316
traceF,v3,584,103.8,174.8,1,16,L,12401.9749
traceF,v3,585,105.6,176.5,1,16,L,12425.8518
traceF,v3,586,102.9,176.2,1,16,L,12449.6899
traceF,v3,587,106.3,175.2,1,16,L,12473.4596
traceF,v3,588,105.2,174.9,1,16,L,12497.1866
traceF,v3,589,104.7,184.5,1,17,L,12520.8485
traceF,v3,590,104.3,176.9,1,16,L,12544.4592
traceF,v3,591,107.0,175.6,1,16,L,12568.0249
traceF,v3,592,105.4,174.6,1,16,L,12591.5240
traceF,v3,593,101.5,174.8,1,16,L,12614.9839
traceF,v3,594,107.6,174.7,1,16,L,12638.3739
traceF,v3,595,104.0,174.5,1,16,L,12661.7210
traceF,v3,596,107.0,174.2,1,16,L,12685.0192
traceF,v3,597,101.3,175.4,1,16,L,12708.2532
traceF,v3,598,105.6,177.6,1,16,L,12731.4469
traceF,v3,599,107.2,174.1,1,16,L,12754.5714
traceF,v3,600,105.4,175.0,1,16,L,12777.6543
traceF,v3,601,103.0,174.4,1,16,L,12800.6690
traceF,v3,602,104.7,175.1,1,16,L,12823.6360
traceF,v3,603,104.6,184.8,1,17,L,12846.5543
traceF,v3,604,107.2,183.7,1,17,L,12869.4084
traceF,v3,605,103.5,176.0,1,16,L,12892.2222
traceF,v3,606,105.9,183.4,1,17,L,12914.9648
traceF,v3,607,106.6,184.2,1,17,L,12937.6677
traceF,v3,608,102.9,176.1,1,16,L,12960.3176
traceF,v3,609,106.8,174.3,1,16,L,12982.9072
traceF,v3,610,101.4,184.0,1,17,L,13005.4548
traceF,v3,611,106.6,174.2,1,16,L,13027.9339
traceF,v3,612,104.3,183.9,1,17,L,13050.3723
traceF,v3,613,105.5,184.2,1,17,L,13072.7408
traceF,v3,614,105.4,174.0,1,16,L,13095.0655
traceF,v3,615,104.9,184.2,1,17,L,13117.3379
traceF,v3,616,104.8,184.2,1,17,L,13139.5501
traceF,v3,617,105.0,175.0,1,16,L,13161.7205
traceF,v3,618,103.9,184.0,1,17,L,13183.8203
traceF,v3,619,106.1,183.6,1,17,L,13205.8833
traceF,v3,620,105.5,174.2,1,16,L,13227.8900
traceF,v3,621,106.4,174.2,1,16,L,13249.8413
traceF,v3,622,101.3,174.9,1,16,L,13271.7488
traceF,v3,623,106.5,174.8,1,16,L,13293.5901
traceF,v3,624,108.1,175.9,1,16,L,13315.3913
traceF,v3,625,105.0,185.6,1,17,L,13337.1223
traceF,v3,626,100.4,176.6,1,16,L,13358.8136
traceF,v3,627,107.3,184.6,1,17,L,13380.4493
traceF,v3,628,104.9,174.8,1,16,L,13402.0299
traceF,v3,629,104.1,174.7,1,16,L,13423.5671
traceF,v3,630,105.8,176.0,1,16,L,13445.0357
traceF,v3,631,104.1,174.4,1,16,L,13466.4707
traceF,v3,632,103.8,175.3,1,16,L,13487.8466
traceF,v3,633,107.8,185.7,1,17,L,13509.1728
traceF,v3,634,102.7,174.5,1,16,L,13530.4531
traceF,v3,635,106.8,176.4,1,16,L,13551.6713
traceF,v3,636,106.0,175.1,1,16,L,13572.8492
traceF,v3,637,102.6,176.3,1,16,L,13593.9584
traceF,v3,638,106.8,174.4,1,16,L,13615.0318
traceF,v3,639,105.5,175.0,1,16,L,13636.0471
traceF,v3,640,104.5,176.0,1,16,L,13657.0130
traceF,v3,641,103.8,175.9,1,16,L,13677.9337
traceF,v3,642,107.9,175.0,1,16,L,13698.7894
traceF,v3,643,105.3,174.9,1,16,L,13719.6141
traceF,v3,644,104.0,174.6,1,16,L,13740.3783
traceF,v3,645,105.1,175.3,1,16,L,13761.0987
traceF,v3,646,103.6,175.0,1,16,L,13781.7711
traceF,v3,647,106.6,176.0,1,16,L,13802.3869
traceF,v3,648,101.4,175.1,1,16,L,13822.9618
traceF,v3,649,106.7,184.3,1,17,L,13843.4708
traceF,v3,650,103.4,174.8,1,16,L,13863.9474
traceF,v3,651,106.1,175.4,1,16,L,13884.3646
traceF,v3,652,105.8,178.9,1,16,L,13904.7383
traceF,v3,653,103.4,181.5,1,16,L,13925.0647
traceF,v3,654,106.4,177.4,1,16,L,13945.3314
traceF,v3,655,105.9,178.1,1,16,L,13965.5692
traceF,v3,656,102.7,176.4,1,16,L,13985.7464
traceF,v3,657,105.8,176.0,1,16,L,14005.8856
traceF,v3,658,107.1,178.3,1,16,L,14025.9748
traceF,v3,659,105.0,176.5,1,16,L,14046.0138
traceF,v3,660,104.0,177.3,1,16,L,14066.0109
traceF,v3,661,104.9,174.9,1,16,L,14085.9465
traceF,v3,662,103.0,185.4,1,17,L,14105.8524
traceF,v3,663,105.1,175.7,1,16,L,14125.6990
traceF,v3,664,105.6,177.8,1,16,L,14145.5079
traceF,v3,665,105.4,180.4,1,16,L,14165.2672
traceF,v3,666,106.4,175.5,1,16,L,14184.9735
traceF,v3,667,103.8,173.9,1,16,L,14204.6523
traceF,v3,668,103.8,175.6,1,16,L,14224.2718
traceF,v3,669,105.2,175.6,1,16,L,14243.8588
traceF,v3,670,105.3,174.6,1,16,L,14263.3945
traceF,v3,671,107.6,175.6,1,16,L,14282.8868
traceF,v3,672,104.1,174.9,1,16,L,14302.3358
traceF,v3,673,103.9,175.4,1,16,L,14321.7290
traceF,v3,674,107.4,176.7,1,16,L,14341.0948
traceF,v3,675,100.7,179.3,1,16,L,14360.4023
traceF,v3,676,107.9,175.4,1,16,L,14379.6777
traceF,v3,677,101.7,174.9,1,16,L,14398.9018
traceF,v3,678,108.7,174.8,1,16,L,14418.0804
traceF,v3,679,102.5,176.7,1,16,L,14437.2324
traceF,v3,680,172.7,188.5,1,6,H,14456.3277
traceF,v3,681,143.5,178.6,1,15,L,14475.3954
traceF,v3,682,102.2,175.8,1,16,L,14494.4115
traceF,v3,683,108.6,176.2,1,16,L,14513.3910
traceF,v3,684,103.0,174.8,1,16,L,14532.3256
traceF,v3,685,106.1,174.7,1,16,L,14551.2116
traceF,v3,686,103.8,176.2,1,16,L,14570.0716
traceF,v3,687,105.5,176.1,1,16,L,14588.8759
traceF,v3,688,105.4,175.7,1,16,L,14607.6530
traceF,v3,689,105.2,176.6,1,16,L,14626.3780
traceF,v3,690,102.8,176.1,1,16,L,14645.0652
traceF,v3,691,105.8,175.6,1,16,L,14663.7266
traceF,v3,692,105.0,175.7,1,16,L,14682.3350
traceF,v3,693,106.4,175.6,1,16,L,14700.9202
traceF,v3,694,104.8,177.4,1,16,L,14719.4548
traceF,v3,695,103.6,176.1,1,16,L,14737.9591
traceF,v3,696,105.2,176.7,1,16,L,14756.4176
traceF,v3,697,103.7,176.0,1,16,L,14774.8352
traceF,v3,698,105.7,184.3,1,17,L,14793.2278
traceF,v3,699,106.5,180.9,1,16,L,14811.5686
traceF,v3,700,103.3,178.3,1,16,L,14829.8864
traceF,v3,701,106.4,178.2,1,16,L,14848.1527
traceF,v3,702,107.1,176.2,1,16,L,14866.3889
traceF,v3,703,103.2,175.4,1,16,L,14884.5996
traceF,v3,704,107.4,175.3,1,16,L,14902.7628
traceF,v3,705,100.8,176.2,1,16,L,14920.9064
traceF,v3,706,105.4,176.5,1,16,L,14939.0016
traceF,v3,707,105.5,175.6,1,16,L,14957.0725
traceF,v3,708,106.1,175.9,1,16,L,14975.0974
traceF,v3,709,103.1,176.3,1,16,L,14993.0897
traceF,v3,710,107.3,175.8,1,16,L,15011.0575
traceF,v3,711,102.9,177.4,1,16,L,15028.9790
traceF,v3,712,106.5,175.3,1,16,L,15046.8810
traceF,v3,713,103.6,175.5,1,16,L,15064.7333
traceF,v3,714,105.0,176.1,1,16,L,15082.5634
traceF,v3,715,108.3,175.3,1,16,L,15100.3683
traceF,v3,716,102.7,176.2,1,16,L,15118.1324
traceF,v3,717,103.7,178.5,1,16,L,15135.8799
traceF,v3,718,104.9,175.9,1,16,L,15153.5826
traceF,v3,719,105.4,175.3,1,16,L,15171.2664
traceF,v3,720,104.8,177.0,1,16,L,15188.9056
traceF,v3,721,106.1,175.9,1,16,L,15206.5202
traceF,v3,722,105.1,177.0,1,16,L,15224.1109
traceF,v3,723,105.4,175.6,1,16,L,15241.6621
traceF,v3,724,103.6,178.9,1,16,L,15259.1968
traceF,v3,725,105.8,175.0,1,16,L,15276.6852
traceF,v3,726,103.5,175.9,1,16,L,15294.1591
traceF,v3,727,109.3,175.9,1,16,L,15311.6081
traceF,v3,728,100.7,176.1,1,16,L,15329.0246
traceF,v3,729,106.0,176.9,1,16,L,15346.4268
traceF,v3,730,105.8,179.8,1,16,L,15363.7895
traceF,v3,731,105.8,176.9,1,16,L,15381.1380
traceF,v3,732,102.7,178.4,1,16,L,15398.4445
traceF,v3,733,106.2,175.3,1,16,L,15415.7349
traceF,v3,734,103.6,176.1,1,16,L,15433.0018
traceF,v3,735,107.9,175.7,1,16,L,15450.2375
traceF,v3,736,102.2,175.1,1,16,L,15467.4592
traceF,v3,737,107.6,177.9,1,16,L,15484.6396
traceF,v3,738,104.3,175.1,1,16,L,15501.8131
traceF,v3,739,105.4,174.8,1,16,L,15518.9625
traceF,v3,740,102.8,176.4,1,16,L,15536.0886
traceF,v3,741,106.0,177.9,1,16,L,15553.2025
traceF,v3,742,105.7,177.0,1,16,L,15570.2836
traceF,v3,743,103.8,175.5,1,16,L,15587.3548
traceF,v3,744,104.4,176.2,1,16,L,15604.3884
traceF,v3,745,105.2,175.2,1,16,L,15621.4141
traceF,v3,746,105.2,175.0,1,16,L,15638.4173
traceF,v3,747,106.3,174.8,1,16,L,15655.3985
traceF,v3,748,103.7,175.4,1,16,L,15672.3679
traceF,v3,749,105.1,175.3,1,16,L,15689.3029
traceF,v3,750,103.9,175.3,1,16,L,15706.2382
traceF,v3,751,107.4,175.7,1,16,L,15723.1511
traceF,v3,752,105.1,176.4,1,16,L,15740.0506
traceF,v3,753,104.3,177.9,1,16,L,15756.9400
traceF,v3,754,104.4,176.6,1,16,L,15773.8049
traceF,v3,755,103.7,175.9,1,16,L,15790.6637
traceF,v3,756,106.6,175.1,1,16,L,15807.4908
traceF,v3,757,104.5,184.8,1,17,L,15824.3180
traceF,v3,758,105.8,174.6,1,16,L,15841.1248
traceF,v3,759,103.7,174.4,1,16,L,15857.9194
traceF,v3,760,104.6,174.5,1,16,L,15874.7045
traceF,v3,761,105.4,175.2,1,16,L,15891.4635
traceF,v3,762,106.2,176.5,1,16,L,15908.2299
traceF,v3,763,105.4,174.2,1,16,L,15924.9770
traceF,v3,764,104.9,174.6,1,16,L,15941.7207
traceF,v3,765,102.9,184.1,1,17,L,15958.4566
traceF,v3,766,107.1,184.7,1,17,L,15975.1776
traceF,v3,767,102.6,176.5,1,16,L,15991.8960
traceF,v3,768,107.3,179.7,1,16,L,16008.5905
traceF,v3,769,103.7,176.2,1,16,L,16025.2926
traceF,v3,770,105.3,174.5,1,16,L,16041.9777
traceF,v3,771,106.9,174.2,1,16,L,16058.6607
traceF,v3,772,102.9,174.2,1,16,L,16075.3365
traceF,v3,773,103.9,176.3,1,16,L,16091.9965
traceF,v3,774,106.2,174.6,1,16,L,16108.6701
traceF,v3,775,105.5,184.6,1,17,L,16125.3293
traceF,v3,776,104.2,173.9,1,16,L,16141.9951
traceF,v3,777,106.9,175.5,1,16,L,16158.6560
traceF,v3,778,102.1,175.4,1,16,L,16175.3124
traceF,v3,779,107.3,175.0,1,16,L,16191.9697
traceF,v3,780,102.7,176.2,1,16,L,16208.6124
traceF,v3,781,107.6,184.7,1,17,L,16225.2698
traceF,v3,782,102.5,175.7,1,16,L,16241.9152
traceF,v3,783,106.4,175.2,1,16,L,16258.5685
traceF,v3,784,105.7,175.7,1,16,L,16275.2172
traceF,v3,785,103.5,174.1,1,16,L,16291.8620
traceF,v3,786,108.6,176.8,1,16,L,16308.5261
traceF,v3,787,102.8,175.7,1,16,L,16325.1822
traceF,v3,788,105.3,175.1,1,16,L,16341.8546
traceF,v3,789,104.6,185.1,1,17,L,16358.5260
traceF,v3,790,106.3,175.4,1,16,L,16375.2038
traceF,v3,791,103.3,175.1,1,16,L,16391.8860
traceF,v3,792,104.4,175.4,1,16,L,16408.5644
traceF,v3,793,105.0,174.6,1,16,L,16425.2640
traceF,v3,794,106.1,175.2,1,16,L,16441.9581
traceF,v3,795,103.2,174.9,1,16,L,16458.6698
traceF,v3,796,105.7,177.9,1,16,L,16475.3806
traceF,v3,797,105.9,175.3,1,16,L,16492.0999
traceF,v3,798,103.3,184.9,1,17,L,16508.8440
traceF,v3,799,105.3,174.6,1,16,L,16525.5880
traceF,v3,800,107.7,176.0,1,16,L,16542.3575
traceF,v3,801,104.5,179.9,1,16,L,16559.1310
traceF,v3,802,105.0,174.8,1,16,L,16575.9219
traceF,v3,803,104.3,174.8,1,16,L,16592.7208
traceF,v3,804,106.2,175.7,1,16,L,16609.5281
traceF,v3,805,105.1,175.2,1,16,L,16626.3625
traceF,v3,806,102.5,174.9,1,16,L,16643.1993
traceF,v3,807,103.0,176.2,1,16,L,16660.0628
traceF,v3,808,107.3,175.5,1,16,L,16676.9303
traceF,v3,809,104.7,176.0,1,16,L,16693.8188
traceF,v3,810,105.9,175.2,1,16,L,16710.7375
traceF,v3,811,105.2,174.9,1,16,L,16727.6653
traceF,v3,812,104.2,176.0,1,16,L,16744.6273
traceF,v3,813,105.3,175.5,1,16,L,16761.5994
traceF,v3,814,104.7,175.5,1,16,L,16778.5995
traceF,v3,815,103.6,175.6,1,16,L,16795.6119
traceF,v3,816,106.5,175.4,1,16,L,16812.6454
traceF,v3,817,105.0,175.0,1,16,L,16829.7113
traceF,v3,818,104.2,176.4,1,16,L,16846.7890
traceF,v3,819,106.9,175.0,1,16,L,16863.9017
traceF,v3,820,102.2,175.0,1,16,L,16881.0245
traceF,v3,821,107.0,175.1,1,16,L,16898.1809
traceF,v3,822,103.4,175.9,1,16,L,16915.3724
traceF,v3,823,105.6,175.5,1,16,L,16932.5836
traceF,v3,824,103.6,174.5,1,16,L,16949.8365
traceF,v3,825,107.2,174.2,1,16,L,16967.1071
traceF,v3,826,103.7,175.1,1,16,L,16984.4155
traceF,v3,827,104.6,175.0,1,16,L,17001.7415
traceF,v3,828,104.3,175.2,1,16,L,17019.1011
traceF,v3,829,104.6,175.1,1,16,L,17036.4983
traceF,v3,830,105.9,174.8,1,16,L,17053.9175
traceF,v3,831,106.7,178.8,1,16,L,17071.3792
traceF,v3,832,105.7,175.0,1,16,L,17088.8584
traceF,v3,833,101.5,178.0,1,16,L,17106.3833
traceF,v3,834,106.0,175.5,1,16,L,17123.9479
traceF,v3,835,104.1,175.3,1,16,L,17141.5438
traceF,v3,836,103.9,177.9,1,16,L,17159.1881
traceF,v3,837,106.0,175.0,1,16,L,17176.8586
traceF,v3,838,105.6,175.1,1,16,L,17194.5757
traceF,v3,839,106.1,175.3,1,16,L,17212.3168
traceF,v3,840,104.9,175.4,1,16,L,17230.1037
traceF,v3,841,106.5,176.2,1,16,L,17247.9328
traceF,v3,842,103.6,176.6,1,16,L,17265.7951
traceF,v3,843,105.6,177.2,1,16,L,17283.7064
traceF,v3,844,105.0,175.9,1,16,L,17301.6438
traceF,v3,845,103.1,174.7,1,16,L,17319.6382
traceF,v3,846,108.2,174.8,1,16,L,17337.6768
traceF,v3,847,101.0,175.0,1,16,L,17355.7587
traceF,v3,848,105.3,175.5,1,16,L,17373.8949
traceF,v3,849,107.5,174.6,1,16,L,17392.0667
traceF,v3,850,105.0,175.4,1,16,L,17410.2927
traceF,v3,851,105.0,175.4,1,16,L,17428.5502
traceF,v3,852,104.8,177.5,1,16,L,17446.8647
traceF,v3,853,102.1,175.3,1,16,L,17465.2260
traceF,v3,854,105.4,175.1,1,16,L,17483.6322
traceF,v3,855,104.8,175.2,1,16,L,17502.0929
traceF,v3,856,106.9,176.3,1,16,L,17520.5891
traceF,v3,857,104.0,175.8,1,16,L,17539.1527
traceF,v3,858,106.2,175.4,1,16,L,17557.7652
traceF,v3,859,104.0,175.0,1,16,L,17576.4329
traceF,v3,860,105.2,175.3,1,16,L,17595.1599
traceF,v3,861,107.1,175.1,1,16,L,17613.9326
traceF,v3,862,103.4,175.8,1,16,L,17632.7661
traceF,v3,863,102.7,175.8,1,16,L,17651.6392
traceF,v3,864,105.3,175.1,1,16,L,17670.5798
traceF,v3,865,105.5,175.9,1,16,L,17689.5716
traceF,v3,866,104.5,175.1,1,16,L,17708.6199
traceF,v3,867,105.5,175.6,1,16,L,17727.7272
traceF,v3,868,107.8,175.1,1,16,L,17746.8806
traceF,v3,869,103.2,175.6,1,16,L,17766.1102
traceF,v3,870,104.0,175.3,1,16,L,17785.3939
traceF,v3,871,105.8,183.1,1,17,L,17804.7441
traceF,v3,872,103.8,175.4,1,16,L,17824.1581
traceF,v3,873,104.1,174.7,1,16,L,17843.6281
traceF,v3,874,106.4,175.3,1,16,L,17863.1643
traceF,v3,875,103.6,174.1,1,16,L,17882.7491
traceF,v3,876,107.1,175.2,1,16,L,17902.4106
traceF,v3,877,105.7,174.8,1,16,L,17922.1279
traceF,v3,878,103.5,176.2,1,16,L,17941.9127
traceF,v3,879,104.2,175.1,1,16,L,17961.7605
traceF,v3,880,104.4,174.7,1,16,L,17981.6654
traceF,v3,881,106.9,175.3,1,16,L,18001.6540
traceF,v3,882,104.8,175.4,1,16,L,18021.7023
traceF,v3,883,103.3,175.1,1,16,L,18041.8276
traceF,v3,884,105.1,175.2,1,16,L,18062.0206
traceF,v3,885,106.1,174.7,1,16,L,18082.2799
traceF,v3,886,104.4,175.6,1,16,L,18102.6098
traceF,v3,887,104.2,174.9,1,16,L,18122.9980
traceF,v3,888,106.7,175.5,1,16,L,18143.4703
traceF,v3,889,106.8,174.6,1,16,L,18164.0038
traceF,v3,890,101.5,175.2,1,16,L,18184.6146
traceF,v3,891,106.1,175.2,1,16,L,18205.2921
traceF,v3,892,106.4,174.6,1,16,L,18226.0380
traceF,v3,893,103.9,174.9,1,16,L,18246.8735
traceF,v3,894,105.2,175.8,1,16,L,18267.7748
traceF,v3,895,102.4,175.2,1,16,L,18288.7625
traceF,v3,896,107.3,175.5,1,16,L,18309.8216
traceF,v3,897,103.4,175.5,1,16,L,18330.9570
traceF,v3,898,104.9,176.0,1,16,L,18352.1664
traceF,v3,899,104.5,175.4,1,16,L,18373.4441
traceF,v3,900,107.0,176.0,1,16,L,18394.8120
traceF,v3,901,105.0,175.8,1,16,L,18416.2468
traceF,v3,902,104.1,175.2,1,16,L,18437.7677
traceF,v3,903,103.6,175.1,1,16,L,18459.3586
traceF,v3,904,108.1,175.9,1,16,L,18481.0292
traceF,v3,905,102.2,174.9,1,16,L,18502.7939
traceF,v3,906,106.3,175.0,1,16,L,18524.6310
traceF,v3,907,103.9,174.6,1,16,L,18546.5625
traceF,v3,908,104.9,174.4,1,16,L,18568.5690
traceF,v3,909,104.6,174.9,1,16,L,18590.6611
traceF,v3,910,108.5,174.1,1,16,L,18612.8300
traceF,v3,911,103.7,175.3,1,16,L,18635.0774
traceF,v3,912,105.1,174.7,1,16,L,18657.4195
traceF,v3,913,105.1,174.5,1,16,L,18679.8347
traceF,v3,914,105.2,174.1,1,16,L,18702.3434
traceF,v3,915,104.9,174.3,1,16,L,18724.9254
traceF,v3,916,104.1,174.2,1,16,L,18747.5981
traceF,v3,917,104.9,174.0,1,16,L,18770.3679
traceF,v3,918,106.0,174.0,1,16,L,18793.2173
traceF,v3,919,103.1,174.8,1,16,L,18816.1675
traceF,v3,920,104.4,184.3,1,17,L,18839.1967
traceF,v3,921,105.3,174.5,1,16,L,18862.3194
traceF,v3,922,106.4,174.7,1,16,L,18885.5216
traceF,v3,923,103.7,174.1,1,16,L,18908.8122
traceF,v3,924,104.5,183.8,1,17,L,18932.2007
traceF,v3,925,106.1,183.5,1,17,L,18955.6688
traceF,v3,926,106.3,174.1,1,16,L,18979.2363
traceF,v3,927,102.2,174.1,1,16,L,19002.8809
traceF,v3,928,106.6,183.8,1,17,L,19026.6260
traceF,v3,929,105.9,184.1,1,17,L,19050.4705
traceF,v3,930,103.9,174.2,1,16,L,19074.4020
traceF,v3,931,105.4,174.9,1,16,L,19098.4390
traceF,v3,932,102.1,174.0,1,16,L,19122.5593
traceF,v3,933,105.3,184.0,1,17,L,19146.7799
traceF,v3,934,107.1,174.0,1,16,L,19171.0824
traceF,v3,935,104.6,174.2,1,16,L,19195.4827
traceF,v3,936,107.3,174.1,1,16,L,19219.9828
traceF,v3,937,103.2,174.2,1,16,L,19244.5696
traceF,v3,938,107.1,175.3,1,16,L,19269.2600
traceF,v3,939,103.4,174.6,1,16,L,19294.0317
traceF,v3,940,105.4,174.3,1,16,L,19318.9127
traceF,v3,941,102.5,174.3,1,16,L,19343.8942
traceF,v3,942,107.7,174.8,1,16,L,19368.9704
traceF,v3,943,101.9,174.6,1,16,L,19394.1554
traceF,v3,944,104.8,174.5,1,16,L,19419.4283
traceF,v3,945,105.3,174.4,1,16,L,19444.8066
traceF,v3,946,108.0,176.3,1,16,L,19470.2697
traceF,v3,947,103.2,174.9,1,16,L,19495.8389
traceF,v3,948,105.4,174.6,1,16,L,19521.5089
traceF,v3,949,105.0,174.8,1,16,L,19547.2727
traceF,v3,950,105.4,175.2,1,16,L,19573.1429
traceF,v3,951,105.2,174.9,1,16,L,19599.0992
traceF,v3,952,106.5,174.2,1,16,L,19625.1720
traceF,v3,953,101.8,174.0,1,16,L,19651.3460
traceF,v3,954,105.1,174.8,1,16,L,19677.6223
traceF,v3,955,104.8,175.2,1,16,L,19704.0089
traceF,v3,956,104.6,175.1,1,16,L,19730.4885
traceF,v3,957,105.4,176.0,1,16,L,19757.0772
traceF,v3,958,104.8,174.8,1,16,L,19783.7537
traceF,v3,959,107.9,174.7,1,16,L,19810.5435
traceF,v3,960,102.3,174.7,1,16,L,19837.4345
traceF,v3,961,107.3,175.2,1,16,L,19864.4262
traceF,v3,962,100.8,174.9,1,16,L,19891.5256
traceF,v3,963,107.3,175.3,1,16,L,19918.7163
traceF,v3,964,105.0,174.8,1,16,L,19946.0294
traceF,v3,965,106.2,175.3,1,16,L,19973.4439
traceF,v3,966,103.3,176.2,1,16,L,20000.9677
traceF,v3,967,102.8,175.4,1,16,L,20028.6024
traceF,v3,968,106.5,174.4,1,16,L,20056.3352
traceF,v3,969,104.6,175.4,1,16,L,20084.1791
traceF,v3,970,105.8,175.0,1,16,L,20112.1143
traceF,v3,971,106.6,174.3,1,16,L,20140.1686
traceF,v3,972,102.7,175.5,1,16,L,20168.3240
traceF,v3,973,106.4,174.9,1,16,L,20196.5867
traceF,v3,974,103.9,175.5,1,16,L,20224.9571
traceF,v3,975,105.6,174.6,1,16,L,20253.4245
traceF,v3,976,102.9,174.6,1,16,L,20282.0182
traceF,v3,977,106.4,175.3,1,16,L,20310.7137
traceF,v3,978,104.0,176.1,1,16,L,20339.5245
traceF,v3,979,106.1,175.5,1,16,L,20368.4458
traceF,v3,980,105.7,175.5,1,16,L,20397.4702
traceF,v3,981,105.0,175.6,1,16,L,20426.6064
traceF,v3,982,107.4,175.3,1,16,L,20455.8378
traceF,v3,983,101.9,174.9,1,16,L,20485.1924
traceF,v3,984,106.3,175.4,1,16,L,20514.6479
traceF,v3,985,103.3,176.5,1,16,L,20544.2163
traceF,v3,986,105.2,175.8,1,16,L,20573.8916
traceF,v3,987,105.4,175.9,1,16,L,20603.6698
traceF,v3,988,102.9,182.2,1,17,L,20633.5764
traceF,v3,989,106.3,175.7,1,16,L,20663.5851
traceF,v3,990,103.1,174.8,1,16,L,20693.7144
traceF,v3,991,106.8,175.1,1,16,L,20723.9528
traceF,v3,992,104.6,175.2,1,16,L,20754.2990
traceF,v3,993,103.9,175.3,1,16,L,20784.7564
traceF,v3,994,106.1,175.3,1,16,L,20815.3131
traceF,v3,995,106.4,178.4,1,17,L,20845.9954
traceF,v3,996,103.2,175.2,1,16,L,20876.7784
traceF,v3,997,106.7,174.5,1,16,L,20907.6790
traceF,v3,998,103.6,175.0,1,16,L,20938.6848
traceF,v3,999,107.5,175.0,1,16,L,20969.7994
